country,code,year,co2_total,population,urban,gdp_pc,electricity,agriculture,nat_resources,renew_energy
Afghanistan,AFG,2000,1.0093,20130327,18.558,174.93,4.4,57.946,,45.0
Afghanistan,AFG,2001,0.9402,20284307,18.741,138.71,9.3,57.947,,45.6
Afghanistan,AFG,2002,0.9388,21378117,18.941,178.95,14.1,57.94,1.2761,37.8
Afghanistan,AFG,2003,1.0172,22733049,19.16,198.87,19.0,58.084,0.7313,36.7
Afghanistan,AFG,2004,0.9024,23560654,19.399,221.76,23.8,58.151,0.4589,44.2
Afghanistan,AFG,2005,1.2763,24404567,19.706,254.18,28.7,58.134,0.3932,33.9
Afghanistan,AFG,2006,1.4185,25424094,20.11,274.22,33.5,58.124,0.5042,31.9
Afghanistan,AFG,2007,2.0642,25909852,20.591,376.22,38.4,58.13,0.4495,28.8
Afghanistan,AFG,2008,3.9029,26482622,21.124,381.73,42.4,58.133,0.6017,21.2
Afghanistan,AFG,2009,6.1659,27466101,21.689,452.05,48.3,58.133,0.4247,16.5
Afghanistan,AFG,2010,7.8684,28284089,22.261,560.62,42.7,58.134,0.6253,15.2
Afghanistan,AFG,2011,11.5231,29347708,22.821,606.69,43.2,58.131,0.8364,12.6
Afghanistan,AFG,2012,9.8844,30560034,23.343,651.42,69.1,58.13,0.6847,15.4
Afghanistan,AFG,2013,8.4287,31622704,23.808,637.09,68.0,58.124,0.6036,16.9
Afghanistan,AFG,2014,7.9588,32792523,24.191,625.05,89.5,58.124,0.5428,19.1
Afghanistan,AFG,2015,8.4272,33831764,24.465,565.57,71.5,58.124,0.4699,17.7
Afghanistan,AFG,2016,7.6117,34700612,24.659,522.08,97.7,58.124,0.6174,20.2
Afghanistan,AFG,2017,10.3972,35688935,24.835,525.47,97.7,58.124,0.703,19.5
Afghanistan,AFG,2018,11.8099,36743039,24.999,491.34,93.4,58.277,0.8553,18.3
Afghanistan,AFG,2019,12.1046,37856121,25.144,496.6,97.7,58.277,0.6823,18.9
Afghanistan,AFG,2020,12.1436,39068979,25.262,510.79,97.7,58.742,0.306,18.2
Afghanistan,AFG,2021,12.4864,40000412,25.348,356.5,97.7,58.742,0.4285,20.0
Afghanistan,AFG,2022,11.298,40578842,25.394,357.26,85.3,58.742,,20.0
Afghanistan,AFG,2023,11.6486,41454761,25.473,413.76,85.3,58.44,,
Africa Eastern and Southern,AFE,2000,425.029,406156661,28.469,706.73,19.92,42.329,6.7943,65.386
Africa Eastern and Southern,AFE,2001,436.8347,416807868,28.832,625.83,19.94,42.391,7.1352,65.817
Africa Eastern and Southern,AFE,2002,450.4351,427820358,29.221,630.51,21.55,42.455,7.8941,65.099
Africa Eastern and Southern,AFE,2003,473.9017,439173286,29.639,815.43,22.49,42.647,7.2996,64.615
Africa Eastern and Southern,AFE,2004,510.4845,450928044,30.088,989.02,23.72,42.322,8.2376,63.678
Africa Eastern and Southern,AFE,2005,524.9596,463076637,30.537,1126.3,23.45,42.419,9.5072,63.109
Africa Eastern and Southern,AFE,2006,534.2167,475606210,30.988,1235.17,25.17,42.55,10.7441,62.738
Africa Eastern and Southern,AFE,2007,557.2612,488580707,31.363,1381.45,26.8,42.694,12.8945,61.505
Africa Eastern and Southern,AFE,2008,588.3964,502070763,31.849,1447.43,25.91,42.811,18.7719,61.908
Africa Eastern and Southern,AFE,2009,561.8464,516003448,32.24,1408.62,26.19,43.077,10.2074,61.305
Africa Eastern and Southern,AFE,2010,576.4621,530308387,32.59,1628.77,27.41,43.295,12.0278,62.876
Africa Eastern and Southern,AFE,2011,569.3149,544737983,32.938,1761.84,28.91,43.556,13.8334,62.805
Africa Eastern and Southern,AFE,2012,589.1126,559609961,33.287,1731.87,31.67,45.775,11.7001,61.41
Africa Eastern and Southern,AFE,2013,613.4711,575202699,33.667,1705.84,31.72,45.903,11.0183,60.802
Africa Eastern and Southern,AFE,2014,635.8143,590968990,34.078,1689.98,31.87,46.026,9.3833,61.236
Africa Eastern and Southern,AFE,2015,623.606,607123269,34.491,1498.72,33.92,46.098,6.6009,61.67
Africa Eastern and Southern,AFE,2016,628.154,623369401,34.881,1335.74,38.86,46.199,7.2416,61.823
Africa Eastern and Southern,AFE,2017,637.9923,640058741,35.283,1529.92,40.22,46.287,7.922,61.427
Africa Eastern and Southern,AFE,2018,646.7127,657801085,35.715,1553.62,43.04,46.402,7.5729,61.588
Africa Eastern and Southern,AFE,2019,655.3423,675950189,36.097,1508.03,44.39,46.439,6.7434,62.691
Africa Eastern and Southern,AFE,2020,613.7192,694446100,36.488,1351.5,46.28,46.493,6.1507,65.782
Africa Eastern and Southern,AFE,2021,631.4195,713090928,36.909,1560.89,48.13,46.518,10.33,
Africa Eastern and Southern,AFE,2022,618.5414,731821393,37.361,1675.9,48.74,46.567,,
Africa Eastern and Southern,AFE,2023,619.3657,750491370,37.772,1571.13,50.67,46.604,,
Africa Western and Central,AFW,2000,146.5159,274612131,38.86,519.64,34.27,37.055,19.1097,83.102
Africa Western and Central,AFW,2001,155.4386,282407479,39.461,533.68,35.34,37.237,13.8191,81.939
Africa Western and Central,AFW,2002,145.6422,290455651,40.057,620.16,35.83,37.381,11.7815,81.736
Africa Western and Central,AFW,2003,158.042,298744790,40.653,698.41,39.98,37.577,12.6472,80.71
Africa Western and Central,AFW,2004,156.9244,307309912,41.248,839.35,37.61,37.541,13.4477,80.791
Africa Western and Central,AFW,2005,158.2906,316156999,41.845,1001.13,37.94,38.25,17.7741,80.934
Africa Western and Central,AFW,2006,150.9714,325222154,42.449,1236.32,39.97,38.277,16.5456,81.873
Africa Western and Central,AFW,2007,146.1857,334544275,43.021,1407.73,40.88,38.496,16.0585,82.33
Africa Western and Central,AFW,2008,155.0185,344153435,43.589,1668.62,41.88,38.64,17.8257,81.211
Africa Western and Central,AFW,2009,147.3806,353922925,44.16,1455.22,42.01,38.796,11.3525,82.39
Africa Western and Central,AFW,2010,165.9665,363951468,44.734,1664.49,41.96,38.997,14.2289,80.688
Africa Western and Central,AFW,2011,176.995,374374251,45.307,1846.1,46.07,39.122,17.8008,79.282
Africa Western and Central,AFW,2012,180.417,384913331,45.882,1943.37,44.19,39.434,16.1217,78.481
Africa Western and Central,AFW,2013,197.376,395543613,46.456,2134.25,47.2,39.728,12.4256,76.701
Africa Western and Central,AFW,2014,208.207,406457241,47.032,2224.33,47.77,39.9,9.9272,75.741
Africa Western and Central,AFW,2015,209.7144,417536152,47.614,1863.4,46.87,40.193,6.1356,76.182
Africa Western and Central,AFW,2016,220.3771,428797338,48.186,1632.42,51.05,40.281,6.36,75.797
Africa Western and Central,AFW,2017,216.099,440150152,48.761,1577.2,48.9,40.459,8.8783,76.102
Africa Western and Central,AFW,2018,228.9951,451395343,49.333,1723.11,51.34,40.79,10.0025,75.477
Africa Western and Central,AFW,2019,239.1588,462522286,49.905,2219.41,51.29,40.945,8.6268,75.079
Africa Western and Central,AFW,2020,236.4906,473687685,50.492,2034.44,51.85,41.112,5.9173,75.847
Africa Western and Central,AFW,2021,255.7641,484978794,51.089,2116.94,54.37,41.319,9.7344,
Africa Western and Central,AFW,2022,259.3996,496366058,51.7,2143.07,55.59,41.431,,
Africa Western and Central,AFW,2023,251.6472,508318102,52.302,1846.25,57.06,41.564,,
Albania,ALB,2000,3.2329,3089027,41.614,1160.42,99.4,41.752,1.2058,41.4
Albania,ALB,2001,3.4396,3060173,42.355,1326.42,99.4,41.569,0.7743,39.0
Albania,ALB,2002,4.0067,3051010,43.152,1479.84,99.4,41.606,0.7658,35.8
Albania,ALB,2003,4.2116,3039616,44.03,1908.7,99.4,40.912,0.7658,33.7
Albania,ALB,2004,4.4144,3026939,44.978,2446.91,99.4,40.949,0.8688,35.8
Albania,ALB,2005,4.1489,3011487,45.994,2741.72,99.4,39.307,1.1012,36.8
Albania,ALB,2006,4.1351,2992547,47.07,3057.77,99.4,40.876,1.3789,31.6
Albania,ALB,2007,4.246,2970017,48.202,3743.06,99.4,40.839,2.1741,32.0
Albania,ALB,2008,4.195,2947314,49.385,4498.5,100.0,43.102,1.7754,35.8
Albania,ALB,2009,4.2836,2927519,50.613,4213.65,99.6,43.843,1.0475,37.1
Albania,ALB,2010,4.567,2913021,51.882,4149.14,99.6,43.843,1.5282,37.0
Albania,ALB,2011,5.0007,2905195,53.292,4465.71,99.7,43.832,2.8985,35.8
Albania,ALB,2012,4.5385,2860708,53.864,4280.93,99.9,43.843,3.2315,39.9
Albania,ALB,2013,4.7703,2816902,54.298,4542.93,99.9,43.332,3.328,41.1
Albania,ALB,2014,5.1022,2773767,54.733,4793.6,100.0,42.857,3.4169,38.6
Albania,ALB,2015,4.8756,2731293,55.158,4199.54,100.0,42.858,1.7349,38.5
Albania,ALB,2016,4.5382,2689469,55.574,4457.63,99.9,43.128,1.0585,39.4
Albania,ALB,2017,5.3613,2648285,55.98,5006.36,99.9,42.857,1.346,36.9
Albania,ALB,2018,5.3341,2607733,56.377,5897.65,100.0,42.85,1.7111,37.8
Albania,ALB,2019,4.984,2567801,56.764,6069.44,100.0,42.847,1.635,40.1
Albania,ALB,2020,4.5676,2528480,57.141,6027.91,100.0,42.539,0.7754,44.4
Albania,ALB,2021,5.1122,2489762,57.508,7242.46,100.0,41.472,1.4426,41.9
Albania,ALB,2022,4.5239,2451636,57.864,7756.96,100.0,41.445,,
Albania,ALB,2023,4.2226,2411658,58.211,9740.7,100.0,38.124,,
Algeria,DZA,2000,87.9391,30903893,59.852,1772.93,98.6,16.803,26.6869,0.4
Algeria,DZA,2001,85.8235,31331221,60.618,1896.3,98.6,16.84,23.6309,0.4
Algeria,DZA,2002,89.6877,31750835,61.381,1937.46,98.6,16.734,23.4709,0.5
Algeria,DZA,2003,96.5063,32175818,62.143,2283.77,98.6,16.755,24.4523,0.5
Algeria,DZA,2004,96.626,32628286,62.902,2816.99,98.6,17.275,26.1573,0.4
Algeria,DZA,2005,101.4002,33109249,63.66,3233.13,98.6,17.303,32.68,0.6
Algeria,DZA,2006,105.5039,33623506,64.415,3660.66,98.7,17.29,34.1913,0.4
Algeria,DZA,2007,108.9161,34189416,65.169,4167.45,98.7,17.32,32.0601,0.4
Algeria,DZA,2008,113.7088,34816961,65.901,5180.92,99.3,17.344,32.8651,0.3
Algeria,DZA,2009,116.0891,35490445,66.51,4235.43,98.8,17.374,24.2023,0.3
Algeria,DZA,2010,118.6168,36188236,67.124,4912.79,98.9,17.371,25.5383,0.3
Algeria,DZA,2011,124.8035,36903376,67.734,5916.31,99.0,17.377,28.5813,0.2
Algeria,DZA,2012,140.2699,37646166,68.342,6033.65,98.8,17.381,26.2525,0.2
Algeria,DZA,2013,145.7286,38414171,68.946,5979.6,99.2,17.396,24.2231,0.1
Algeria,DZA,2014,155.033,39205031,69.547,6094.69,99.3,17.395,22.6123,0.1
Algeria,DZA,2015,164.5785,40019529,70.143,4685.06,99.4,17.406,14.9253,0.1
Algeria,DZA,2016,160.7458,40850721,70.735,4424.99,99.4,17.366,12.8192,0.1
Algeria,DZA,2017,166.3203,41689299,71.323,4554.67,99.5,17.355,15.3724,0.1
Algeria,DZA,2018,174.8053,42505035,71.905,4577.21,99.6,17.357,20.7172,0.2
Algeria,DZA,2019,181.6864,43294546,72.482,4468.45,99.5,17.347,18.5237,0.2
Algeria,DZA,2020,171.9505,44042091,73.054,3743.54,99.7,17.335,14.0344,0.1
Algeria,DZA,2021,181.3215,44761099,73.62,4160.56,99.8,17.331,22.5903,0.1
Algeria,DZA,2022,189.1886,45477389,74.18,4960.3,100.0,17.351,,
Algeria,DZA,2023,190.5786,46164219,74.733,5370.48,100.0,17.359,,
American Samoa,ASM,2000,0.0001,56855,88.608,,,11.35,,0.0
American Samoa,ASM,2001,0.0001,57053,88.553,,,11.5,,0.0
American Samoa,ASM,2002,0.0001,57062,88.433,8972.7,,11.65,0.0,0.0
American Samoa,ASM,2003,0.0001,56971,88.257,9197.66,,11.8,0.0,0.0
American Samoa,ASM,2004,0.0001,56818,88.036,8958.43,,11.95,0.0,0.0
American Samoa,ASM,2005,0.0001,56617,87.78,8831.27,,12.1,0.0,0.0
American Samoa,ASM,2006,0.0001,56374,87.498,8745.17,,12.25,0.0,0.0
American Samoa,ASM,2007,0.0001,56113,87.202,9231.37,,12.4,0.0,0.0
American Samoa,ASM,2008,0.0001,55828,86.9,10030.81,,12.55,0.0,0.0
American Samoa,ASM,2009,0.0001,55528,86.604,12156.03,,12.7,0.0,0.0
American Samoa,ASM,2010,0.0001,55228,86.319,10375.17,,12.85,0.0,0.0
American Samoa,ASM,2011,0.0001,54895,86.028,10383.46,,13.0,0.0,0.0
American Samoa,ASM,2012,0.0001,54489,85.716,11745.49,,13.15,0.0,0.1
American Samoa,ASM,2013,0.0001,54006,85.385,11813.5,,13.3,0.0,0.2
American Samoa,ASM,2014,0.0001,53466,85.035,12026.33,,13.45,0.0,0.2
American Samoa,ASM,2015,0.0001,52878,84.669,12727.41,,13.6,0.0,0.2
American Samoa,ASM,2016,0.0001,52245,84.286,12843.33,,13.75,0.0,0.2
American Samoa,ASM,2017,0.0001,51586,83.889,11863.68,,13.9,0.0,0.3
American Samoa,ASM,2018,0.0001,50908,83.478,12552.05,,14.05,0.0,0.3
American Samoa,ASM,2019,0.0001,50209,83.054,12886.14,,14.2,0.0,0.4
American Samoa,ASM,2020,0.0001,49761,82.624,14489.26,,14.35,0.0,0.4
American Samoa,ASM,2021,0.0001,49225,82.213,15236.16,,14.5,0.0,0.4
American Samoa,ASM,2022,0.0001,48342,81.795,18017.46,,14.5,,0.4
American Samoa,ASM,2023,0.0001,47521,81.372,,,14.8,,
Andorra,AND,2000,,65685,92.256,21810.25,100.0,48.936,0.0,14.5
Andorra,AND,2001,,65852,91.895,23511.3,100.0,48.404,0.0,15.4
Andorra,AND,2002,,66506,91.461,26528.13,100.0,48.617,0.0,15.8
Andorra,AND,2003,,69486,90.989,34063.58,100.0,48.638,0.0,16.5
Andorra,AND,2004,,74325,90.516,39021.13,100.0,48.532,0.0,16.6
Andorra,AND,2005,,77421,89.956,40829.8,100.0,46.383,0.0,16.6
Andorra,AND,2006,,79585,89.379,43467.21,100.0,46.34,0.0,17.6
Andorra,AND,2007,,81877,89.05,48336.23,100.0,44.191,0.0,16.6
Andorra,AND,2008,,83495,88.941,49132.52,100.0,44.17,0.0,17.0
Andorra,AND,2009,,83888,88.844,43975.02,100.0,44.191,0.0,17.1
Andorra,AND,2010,,80706,88.76,42746.83,100.0,42.064,0.0,18.7
Andorra,AND,2011,,77783,88.689,46657.16,100.0,42.064,0.0,18.6
Andorra,AND,2012,,76834,88.629,41500.54,100.0,39.915,0.0,18.8
Andorra,AND,2013,,75194,88.581,42470.32,100.0,40.021,0.0,19.1
Andorra,AND,2014,,73737,88.544,44369.66,100.0,40.0,0.0,19.4
Andorra,AND,2015,,72174,88.518,38654.93,100.0,40.021,0.0,19.0
Andorra,AND,2016,,72181,88.503,40129.82,100.0,40.043,0.0,18.9
Andorra,AND,2017,,73763,88.498,40672.99,100.0,40.043,0.0,18.0
Andorra,AND,2018,,75162,88.508,42819.77,100.0,40.072,0.0,17.6
Andorra,AND,2019,,76474,88.539,41257.8,100.0,40.0,0.0,17.2
Andorra,AND,2020,,77380,88.591,37361.09,100.0,39.952,0.0,20.9
Andorra,AND,2021,,78364,88.663,42425.7,100.0,39.907,0.0,18.4
Andorra,AND,2022,,79705,88.755,42414.06,100.0,39.907,,18.7
Andorra,AND,2023,,80856,88.82,46812.45,100.0,39.874,,
Angola,AGO,2000,16.512,16194869,50.507,563.73,24.2,35.713,59.1425,73.8
Angola,AGO,2001,16.1923,16747208,51.722,533.59,20.0,35.626,44.2195,72.8
Angola,AGO,2002,15.9155,17327699,52.893,999.07,26.3,35.645,32.8837,70.8
Angola,AGO,2003,17.3297,17943712,54.004,1133.66,27.4,35.693,28.4067,65.6
Angola,AGO,2004,17.6903,18600423,55.045,1451.47,28.4,35.542,33.7707,62.3
Angola,AGO,2005,15.6389,19291161,56.0,2145.89,29.4,35.44,42.7601,68.9
Angola,AGO,2006,16.3203,20015279,56.894,2930.44,30.5,35.403,40.7534,62.6
Angola,AGO,2007,17.0559,20778561,57.756,3515.06,37.5,35.49,45.8812,58.9
Angola,AGO,2008,19.1195,21578655,58.585,4578.16,38.5,35.45,52.5608,55.4
Angola,AGO,2009,21.0889,22414773,59.378,3645.15,33.8,35.799,30.3115,53.0
Angola,AGO,2010,22.7399,23294825,60.131,4101.64,35.0,35.975,38.1623,53.1
Angola,AGO,2011,23.6501,24218352,60.843,5184.15,34.6,36.349,39.0227,51.7
Angola,AGO,2012,24.7162,25177394,61.511,5702.45,37.3,36.338,34.731,49.0
Angola,AGO,2013,28.5343,26165620,62.133,5688.58,38.4,36.487,29.4,46.8
Angola,AGO,2014,30.8873,27160769,62.723,5649.69,32.0,36.636,22.1242,47.5
Angola,AGO,2015,33.0865,28157798,63.516,3641.73,42.0,36.728,13.3057,47.1
Angola,AGO,2016,31.2748,29183070,64.299,2082.37,41.8,36.756,20.8851,48.1
Angola,AGO,2017,27.9951,30234839,65.085,2832.15,42.9,36.709,25.9503,52.5
Angola,AGO,2018,25.8142,31297155,65.873,2891.83,45.3,36.719,32.0454,52.5
Angola,AGO,2019,26.9963,32375632,66.664,2507.87,45.6,36.782,28.8979,51.0
Angola,AGO,2020,20.538,33451132,67.457,1749.18,47.0,36.788,20.2477,60.1
Angola,AGO,2021,25.5641,34532429,68.252,2266.97,48.2,36.831,29.9674,52.9
Angola,AGO,2022,26.6839,35635029,69.051,3598.54,48.5,36.947,,
Angola,AGO,2023,27.336,36749906,69.852,2885.51,51.1,36.948,,
Antigua and Barbuda,ATG,2000,0.1357,74912,32.233,12027.49,97.7,20.455,0.0,0.0
Antigua and Barbuda,ATG,2001,0.1326,76069,31.755,11539.18,97.7,20.455,0.0,0.0
Antigua and Barbuda,ATG,2002,0.1501,77032,31.228,11658.69,100.0,20.455,0.0,0.0
Antigua and Barbuda,ATG,2003,0.1637,77884,30.6,12173.23,97.9,20.455,0.0,0.0
Antigua and Barbuda,ATG,2004,0.1664,78719,29.906,13037.89,97.9,20.455,0.0,0.0
Antigua and Barbuda,ATG,2005,0.1725,79611,29.174,14368.57,92.2,20.455,0.0,0.0
Antigua and Barbuda,ATG,2006,0.1962,80604,28.435,16173.81,100.0,20.455,0.0,0.0
Antigua and Barbuda,ATG,2007,0.2146,81704,27.72,18204.51,100.0,20.455,0.0,0.0
Antigua and Barbuda,ATG,2008,0.2311,82912,27.059,18786.67,100.0,20.455,0.0,0.0
Antigua and Barbuda,ATG,2009,0.2667,84173,26.481,16472.25,98.5,20.455,0.0,0.0
Antigua and Barbuda,ATG,2010,0.2789,85320,26.017,15217.4,98.7,20.455,0.0,0.0
Antigua and Barbuda,ATG,2011,0.2128,86332,25.695,14911.73,94.6,20.455,0.0,0.1
Antigua and Barbuda,ATG,2012,0.2268,87260,25.456,15639.81,100.0,20.455,0.0,0.1
Antigua and Barbuda,ATG,2013,0.2598,88064,25.248,15051.51,100.0,20.455,0.0,0.1
Antigua and Barbuda,ATG,2014,0.2797,88765,25.09,15532.11,100.0,20.455,0.0,0.1
Antigua and Barbuda,ATG,2015,0.291,89409,25.0,16077.63,100.0,20.455,0.0,0.4
Antigua and Barbuda,ATG,2016,0.3149,89969,24.924,16556.86,100.0,20.455,0.0,0.4
Antigua and Barbuda,ATG,2017,0.2772,90468,24.85,16965.73,100.0,20.455,0.0,0.4
Antigua and Barbuda,ATG,2018,0.2872,90926,24.778,18273.43,100.0,20.455,0.0,0.7
Antigua and Barbuda,ATG,2019,0.3426,91364,24.708,18896.37,100.0,20.455,0.0,0.7
Antigua and Barbuda,ATG,2020,0.326,91846,24.641,15369.61,100.0,20.455,0.0,0.9
Antigua and Barbuda,ATG,2021,0.3315,92349,24.575,17348.6,100.0,20.455,0.0,0.9
Antigua and Barbuda,ATG,2022,0.343,92840,24.511,20003.39,100.0,20.455,,0.9
Antigua and Barbuda,ATG,2023,0.3441,93316,24.45,22012.26,100.0,20.455,,
Arab World,ARB,2000,996.1375,286548096,52.441,2664.13,80.46,36.334,27.716,6.686
Arab World,ARB,2001,1055.7196,293580252,52.738,2536.15,81.35,36.314,22.9231,6.516
Arab World,ARB,2002,1091.594,300691509,53.043,2483.5,81.32,36.355,22.0812,6.36
Arab World,ARB,2003,1124.046,307815105,53.352,2696.67,82.34,36.412,24.526,6.466
Arab World,ARB,2004,1186.7011,315060277,53.664,3133.7,82.28,36.478,29.04,6.741
Arab World,ARB,2005,1270.6819,322628451,53.982,3750.7,83.08,36.482,34.7397,6.404
Arab World,ARB,2006,1334.6248,330526310,54.312,4355.06,85.28,36.503,35.3773,6.196
Arab World,ARB,2007,1388.4332,338947976,54.655,4940.7,83.63,36.516,32.954,5.6
Arab World,ARB,2008,1490.9499,347684619,55.012,6100.54,83.28,36.446,36.9971,5.131
Arab World,ARB,2009,1543.609,356386673,55.36,5142.66,84.16,36.418,24.4595,5.055
Arab World,ARB,2010,1634.5623,363568534,55.592,5957.51,86.92,36.466,27.7402,4.836
Arab World,ARB,2011,1680.7818,372054934,56.052,6924.2,87.17,36.485,34.8398,4.659
Arab World,ARB,2012,1800.2001,381030177,56.761,7392.56,86.85,39.819,34.3721,4.444
Arab World,ARB,2013,1838.192,390954281,57.575,7384.79,88.96,39.872,31.7357,4.483
Arab World,ARB,2014,1906.5128,400231008,58.028,7347.62,88.41,39.843,28.3645,4.351
Arab World,ARB,2015,1950.0644,410190679,58.352,6299.88,88.66,39.871,17.1009,4.215
Arab World,ARB,2016,1974.3709,419808341,58.562,6051.26,89.19,39.937,14.4988,4.291
Arab World,ARB,2017,2005.3588,428315886,58.681,6105.92,90.35,39.986,18.2463,4.358
Arab World,ARB,2018,1992.7095,435998060,58.785,6708.53,88.69,39.973,23.1263,4.504
Arab World,ARB,2019,2012.1937,444281315,58.896,6683.67,89.93,39.913,20.4156,4.706
Arab World,ARB,2020,1958.0297,453723239,59.09,5749.75,90.24,39.938,13.6027,5.171
Arab World,ARB,2021,2050.1016,460646603,59.112,6708.21,90.43,39.933,20.3694,
Arab World,ARB,2022,2106.1097,471352066,59.334,7960.81,90.65,39.884,,
Arab World,ARB,2023,2171.3007,482105978,59.57,7504.36,91.65,39.917,,
Argentina,ARG,2000,136.7561,37213984,89.176,7637.01,95.7,46.958,2.3641,9.8
Argentina,ARG,2001,131.3266,37624825,89.368,7141.48,95.5,46.993,1.9185,11.5
Argentina,ARG,2002,124.0151,38029349,89.562,2569.7,96.1,47.031,5.6309,11.6
Argentina,ARG,2003,135.1954,38424282,89.752,3320.48,96.3,47.175,4.5441,10.8
Argentina,ARG,2004,149.6663,38815916,89.94,4242.02,96.5,47.319,4.2952,9.3
Argentina,ARG,2005,153.6289,39216789,90.123,5067.65,96.7,47.474,5.1873,9.6
Argentina,ARG,2006,162.5613,39622115,90.303,5869.38,97.0,47.553,5.7756,9.2
Argentina,ARG,2007,173.0862,40016763,90.48,7185.25,97.2,47.491,4.8386,7.7
Argentina,ARG,2008,179.2241,40424148,90.652,8944.11,97.5,46.424,4.9494,7.7
Argentina,ARG,2009,164.8204,40854831,90.821,8150.24,97.8,45.43,3.0983,8.6
Argentina,ARG,2010,177.3162,41288694,90.993,10260.13,98.8,46.139,3.2571,8.8
Argentina,ARG,2011,184.8342,41730660,91.107,12704.28,99.0,45.792,3.8865,8.8
Argentina,ARG,2012,188.8365,42161721,91.204,12949.72,99.1,45.581,3.6256,8.6
Argentina,ARG,2013,193.179,42582455,91.301,12963.68,99.3,44.922,3.1556,8.9
Argentina,ARG,2014,190.0264,43024071,91.398,12233.14,100.0,44.196,2.9656,9.8
Argentina,ARG,2015,196.1938,43477012,91.492,13679.63,99.7,44.124,1.1168,9.4
Argentina,ARG,2016,194.1404,43900313,91.586,12699.96,99.9,43.432,0.9297,9.4
Argentina,ARG,2017,191.3736,44288894,91.678,14532.5,100.0,42.983,1.0206,10.4
Argentina,ARG,2018,189.8171,44654882,91.768,11752.8,100.0,42.361,2.0371,10.5
Argentina,ARG,2019,183.2687,44973465,91.857,9955.97,100.0,42.606,2.1667,10.7
Argentina,ARG,2020,168.1154,45191965,91.944,8535.6,100.0,43.0,1.4296,9.8
Argentina,ARG,2021,185.676,45312281,92.029,10738.02,100.0,43.11,2.6531,9.2
Argentina,ARG,2022,195.0411,45407904,92.113,13962.19,100.0,43.428,,
Argentina,ARG,2023,189.8908,45538401,92.195,14261.85,100.0,42.437,,
Armenia,ARM,2000,3.5697,3221100,64.959,593.45,98.9,46.47,0.2935,7.2
Armenia,ARM,2001,3.6334,3211800,64.823,659.59,100.0,46.646,0.2999,5.4
Armenia,ARM,2002,3.1014,3199800,64.74,742.65,98.0,48.858,0.5911,8.9
Armenia,ARM,2003,3.4708,3182500,64.666,882.03,99.1,50.72,0.0332,9.8
Armenia,ARM,2004,3.7592,3164900,64.597,1130.09,99.1,52.863,0.0217,8.7
Armenia,ARM,2005,4.4627,3146400,64.533,1557.48,99.8,56.375,0.0103,6.5
Armenia,ARM,2006,4.4457,3127100,64.476,2041.65,99.1,61.693,0.0158,7.7
Armenia,ARM,2007,5.1543,3107400,64.426,2962.7,99.2,61.535,0.0093,7.0
Armenia,ARM,2008,5.6485,3087100,64.384,3777.67,99.2,61.426,0.2135,6.4
Armenia,ARM,2009,4.502,3066000,64.352,2820.59,99.3,61.338,0.3743,7.8
Armenia,ARM,2010,4.2991,3044800,64.33,3041.34,99.8,60.941,2.6547,9.4
Armenia,ARM,2011,4.9041,3027900,64.321,3349.55,99.5,59.645,2.9235,8.0
Armenia,ARM,2012,5.6696,3024100,64.327,3511.56,99.5,59.115,1.4901,6.6
Armenia,ARM,2013,5.4929,3022000,64.358,3680.17,99.4,59.115,1.0972,6.8
Armenia,ARM,2014,5.7607,3013800,64.414,3852.12,99.7,59.034,0.3069,7.1
Armenia,ARM,2015,5.6172,3004600,64.493,3512.39,100.0,58.894,0.76,10.7
Armenia,ARM,2016,5.3749,2992300,64.593,3524.42,99.8,58.897,0.2218,13.2
Armenia,ARM,2017,5.6892,2979400,64.712,3869.05,99.7,58.872,0.2458,12.6
Armenia,ARM,2018,5.9516,2969000,64.85,4196.01,99.9,58.915,1.0987,11.1
Armenia,ARM,2019,6.4247,2962500,65.005,4597.23,100.0,58.904,2.201,10.3
Armenia,ARM,2020,6.9145,2961500,65.174,4268.68,100.0,59.438,2.4219,8.4
Armenia,ARM,2021,7.4634,2962300,65.357,4685.18,100.0,59.397,7.0543,9.1
Armenia,ARM,2022,7.7742,2969200,65.562,6571.97,100.0,58.613,,
Armenia,ARM,2023,7.4987,2964300,65.696,8159.09,100.0,58.593,,
Aruba,ABW,2000,0.2689,90588,65.355,20681.02,91.7,11.111,0.0017,0.2
Aruba,ABW,2001,0.2719,91439,65.335,20740.13,100.0,11.111,0.0014,0.2
Aruba,ABW,2002,0.297,92074,65.282,21307.25,100.0,11.111,0.0014,0.2
Aruba,ABW,2003,0.3424,93128,65.198,21949.49,100.0,11.111,0.0015,0.2
Aruba,ABW,2004,0.3494,95138,65.089,23700.63,100.0,11.111,0.0016,0.2
Aruba,ABW,2005,0.3853,97635,64.958,24171.84,100.0,11.111,0.002,0.2
Aruba,ABW,2006,0.4242,99405,64.811,24845.66,100.0,11.111,0.0024,0.2
Aruba,ABW,2007,0.4581,100150,64.653,26736.31,100.0,11.111,0.0024,0.2
Aruba,ABW,2008,0.4545,100917,64.489,28171.91,100.0,11.111,0.0029,0.2
Aruba,ABW,2009,0.4933,101604,64.323,25134.77,100.0,11.111,0.002,0.3
Aruba,ABW,2010,0.4828,101838,64.161,24093.14,93.4,11.111,0.0039,5.5
Aruba,ABW,2011,0.2907,102591,63.999,25712.38,100.0,11.111,0.0038,5.7
Aruba,ABW,2012,0.3754,104110,63.825,25119.67,100.0,11.111,0.0034,6.9
Aruba,ABW,2013,0.4128,105675,63.638,25813.57,100.0,11.111,0.0025,6.9
Aruba,ABW,2014,0.4411,106807,63.439,26129.84,100.0,11.111,0.0032,6.9
Aruba,ABW,2015,0.4625,107906,63.229,27458.22,100.0,11.111,0.0024,6.7
Aruba,ABW,2016,0.4854,108727,63.008,27441.55,100.0,11.111,0.0033,7.0
Aruba,ABW,2017,0.4671,108735,62.777,28440.04,100.0,11.111,0.0028,6.8
Aruba,ABW,2018,0.4653,108908,62.537,30082.16,100.0,11.111,0.0019,8.6
Aruba,ABW,2019,0.5095,109203,62.288,30654.49,100.0,11.111,0.0017,8.3
Aruba,ABW,2020,0.4887,108587,62.003,22664.37,100.0,11.111,0.003,9.1
Aruba,ABW,2021,0.5074,107700,61.928,26827.34,100.0,11.111,0.0021,8.8
Aruba,ABW,2022,0.5355,107310,61.881,31000.57,99.9,11.111,,8.8
Aruba,ABW,2023,0.5371,107359,61.835,34897.62,100.0,11.111,,
Australia,AUS,2000,353.8956,19028802,85.107,21909.0,100.0,59.288,2.7343,8.4
Australia,AUS,2001,360.4279,19274701,85.148,19733.65,100.0,59.318,3.2641,8.4
Australia,AUS,2002,368.6413,19495210,85.284,20335.1,100.0,58.186,2.9125,8.7
Australia,AUS,2003,368.1402,19720737,85.41,23757.59,100.0,57.209,2.4632,7.2
Australia,AUS,2004,381.9789,19932722,85.519,30886.05,100.0,51.405,3.1404,6.7
Australia,AUS,2005,384.1228,20176844,85.619,34535.21,100.0,53.399,4.3449,6.7
Australia,AUS,2006,390.1907,20450966,85.749,36658.82,100.0,53.279,5.2918,6.8
Australia,AUS,2007,400.701,20827622,85.897,41128.25,100.0,51.854,6.5144,7.0
Australia,AUS,2008,404.3323,21249199,86.025,49811.21,100.0,50.673,8.5264,6.8
Australia,AUS,2009,410.3013,21691653,86.128,42954.85,100.0,50.018,4.9678,7.1
Australia,AUS,2010,415.3195,22031750,86.22,52313.89,100.0,48.992,8.0666,8.2
Australia,AUS,2011,412.862,22340024,86.327,62799.39,100.0,51.563,8.7235,8.3
Australia,AUS,2012,413.3728,22733465,86.445,68301.44,100.0,50.385,5.2981,8.3
Australia,AUS,2013,405.7424,23128129,86.574,68476.68,100.0,48.394,5.3201,9.2
Australia,AUS,2014,396.4423,23475686,86.722,62817.21,100.0,48.738,4.7609,9.3
Australia,AUS,2015,400.6316,23815995,86.878,56970.36,100.0,45.314,3.2377,9.4
Australia,AUS,2016,408.6132,24190907,87.017,50084.44,100.0,44.54,4.081,9.6
Australia,AUS,2017,411.2113,24592588,87.128,54117.55,100.0,48.341,5.068,9.9
Australia,AUS,2018,409.2476,24963258,87.227,57410.17,100.0,46.658,5.2275,9.8
Australia,AUS,2019,407.9086,25334826,87.302,55194.76,100.0,47.124,5.7489,10.3
Australia,AUS,2020,392.5458,25649248,87.271,51983.45,100.0,46.252,6.0932,11.2
Australia,AUS,2021,384.7347,25685412,87.235,60758.9,100.0,47.259,13.3579,12.3
Australia,AUS,2022,378.0651,26018721,87.334,65169.52,100.0,47.259,,
Australia,AUS,2023,377.4957,26659922,87.487,65058.38,100.0,47.223,,
Austria,AUT,2000,66.6946,8011566,66.769,24487.3,100.0,35.63,0.1547,26.4
Austria,AUT,2001,71.3722,8042293,66.841,24430.5,100.0,35.338,0.1595,25.5
Austria,AUT,2002,73.2194,8081957,66.889,26334.86,100.0,35.17,0.1587,24.7
Austria,AUT,2003,78.1693,8121423,66.926,32110.12,100.0,34.964,0.1518,22.6
Austria,AUT,2004,79.6087,8171966,66.956,36614.25,100.0,34.748,0.1319,23.2
Austria,AUT,2005,80.4137,8227829,66.98,38157.37,100.0,34.619,0.1464,24.4
Austria,AUT,2006,78.2717,8268641,67.001,40382.21,100.0,34.456,0.1863,26.6
Austria,AUT,2007,75.4421,8295487,67.021,46622.96,100.0,34.296,0.2084,29.0
Austria,AUT,2008,75.2415,8321496,67.044,51581.4,100.0,34.045,0.2582,29.7
Austria,AUT,2009,68.0602,8343323,67.071,47857.44,100.0,33.871,0.1676,31.3
Austria,AUT,2010,73.7998,8363404,67.105,46611.14,100.0,33.679,0.2163,31.1
Austria,AUT,2011,72.1872,8391643,67.148,51116.9,100.0,33.414,0.2447,31.6
Austria,AUT,2012,69.0207,8429991,67.209,48250.41,100.0,33.146,0.2385,34.4
Austria,AUT,2013,69.6088,8479823,67.298,50305.35,100.0,32.918,0.2187,34.6
Austria,AUT,2014,65.9262,8546356,67.415,51314.97,100.0,32.891,0.1918,35.7
Austria,AUT,2015,67.3632,8642699,67.558,43915.23,100.0,32.943,0.1347,34.8
Austria,AUT,2016,67.7745,8736668,67.722,45061.5,100.0,32.358,0.111,34.6
Austria,AUT,2017,70.0851,8797566,67.905,47163.74,100.0,32.169,0.122,34.0
Austria,AUT,2018,67.2508,8840521,68.105,51194.07,100.0,32.148,0.1408,34.1
Austria,AUT,2019,68.7767,8879920,68.318,49885.99,100.0,32.128,0.11,34.0
Austria,AUT,2020,62.9162,8916864,68.541,48716.41,100.0,31.54,0.0709,35.8
Austria,AUT,2021,66.2034,8955797,68.774,53648.64,100.0,31.538,0.1179,36.0
Austria,AUT,2022,62.6472,9041851,68.998,52336.77,100.0,31.477,,
Austria,AUT,2023,58.4761,9131761,69.227,56579.5,100.0,31.474,,
Azerbaijan,AZE,2000,28.7946,8048600,51.132,655.1,98.9,57.386,35.0772,2.1
Azerbaijan,AZE,2001,27.7171,8111200,51.158,703.67,98.6,57.45,27.9092,1.8
Azerbaijan,AZE,2002,27.4864,8171950,51.214,763.11,100.0,57.432,25.8803,2.4
Azerbaijan,AZE,2003,29.7755,8234100,51.726,883.69,98.8,57.526,26.0886,2.9
Azerbaijan,AZE,2004,29.5011,8306500,52.283,1045.01,99.0,57.515,28.7444,3.1
Azerbaijan,AZE,2005,31.2193,8391850,52.503,1578.37,99.1,57.568,38.5913,3.4
Azerbaijan,AZE,2006,31.9395,8484550,52.654,2472.96,99.5,57.553,41.4703,2.9
Azerbaijan,AZE,2007,28.9209,8581300,52.828,3851.33,99.5,57.565,39.1424,3.8
Azerbaijan,AZE,2008,32.2309,8763400,53.063,5574.47,99.7,57.568,43.0407,3.1
Azerbaijan,AZE,2009,27.9826,8947243,53.136,4950.4,99.9,57.579,29.6393,3.3
Azerbaijan,AZE,2010,26.6362,9054332,53.285,5843.53,99.9,57.67,27.8845,4.4
Azerbaijan,AZE,2011,29.4692,9173082,53.509,7189.82,99.9,57.692,32.8786,3.5
Azerbaijan,AZE,2012,32.2811,9295784,53.808,7495.87,100.0,57.687,29.012,2.8
Azerbaijan,AZE,2013,33.2118,9416801,54.182,7875.35,100.0,57.705,25.5324,2.5
Azerbaijan,AZE,2014,34.7247,9535079,54.632,7890.84,100.0,57.701,22.5181,2.1
Azerbaijan,AZE,2015,34.5229,9649341,55.157,5500.5,100.0,57.702,14.444,2.3
Azerbaijan,AZE,2016,34.4155,9757812,55.757,3880.69,100.0,57.736,14.7854,1.9
Azerbaijan,AZE,2017,34.226,9854033,56.433,4147.2,100.0,57.796,19.6747,1.9
Azerbaijan,AZE,2018,34.7625,9939771,57.184,4739.79,100.0,57.825,27.6209,1.9
Azerbaijan,AZE,2019,36.9819,10024283,58.131,4805.75,100.0,57.828,23.4349,1.7
Azerbaijan,AZE,2020,35.4067,10093121,58.293,4229.91,100.0,57.838,13.0027,1.3
Azerbaijan,AZE,2021,37.4242,10137750,58.366,5408.05,100.0,57.842,29.9384,1.3
Azerbaijan,AZE,2022,39.6836,10141756,58.438,7770.59,100.0,57.84,,
Azerbaijan,AZE,2023,41.7458,10153958,58.508,7133.03,100.0,57.829,,
"Bahamas, The",BHS,2000,0.9973,323835,81.036,24940.08,100.0,1.099,0.0065,0.0
"Bahamas, The",BHS,2001,0.9927,327836,81.153,25371.92,100.0,1.099,0.0067,0.4
"Bahamas, The",BHS,2002,1.0869,331614,81.305,26781.62,100.0,1.099,0.008,0.4
"Bahamas, The",BHS,2003,0.8096,335618,81.482,26429.12,100.0,1.099,0.0071,1.5
"Bahamas, The",BHS,2004,0.874,339782,81.671,26650.29,100.0,1.099,0.0063,1.6
"Bahamas, The",BHS,2005,0.8606,343894,81.861,28602.42,100.0,1.099,0.0063,1.7
"Bahamas, The",BHS,2006,1.0954,348375,82.04,29184.79,100.0,1.099,0.0074,2.0
"Bahamas, The",BHS,2007,1.3138,353334,82.196,30051.85,100.0,1.099,0.0079,3.5
"Bahamas, The",BHS,2008,1.3616,358120,82.32,29392.38,100.0,1.099,0.0088,2.0
"Bahamas, The",BHS,2009,1.1324,362810,82.398,27512.91,100.0,1.099,0.0086,1.5
"Bahamas, The",BHS,2010,1.283,367478,82.42,27473.1,100.0,1.199,0.0153,1.3
"Bahamas, The",BHS,2011,0.8542,371729,82.413,27090.84,100.0,1.299,0.0134,1.4
"Bahamas, The",BHS,2012,1.0171,375469,82.395,28552.02,100.0,1.299,0.0124,1.4
"Bahamas, The",BHS,2013,1.0911,378953,82.364,27642.74,100.0,1.299,0.0157,1.4
"Bahamas, The",BHS,2014,1.1363,382298,82.318,29137.22,100.0,1.299,0.0178,1.4
"Bahamas, The",BHS,2015,1.1204,385346,82.257,30719.41,100.0,1.299,0.0143,1.4
"Bahamas, The",BHS,2016,1.2455,388055,82.178,30616.54,100.0,1.299,0.0174,1.2
"Bahamas, The",BHS,2017,1.3738,390485,82.081,31875.49,100.0,1.299,0.0172,1.1
"Bahamas, The",BHS,2018,1.2106,392717,81.964,32642.34,100.0,1.299,0.0131,1.1
"Bahamas, The",BHS,2019,1.4505,394675,81.826,33640.34,100.0,1.299,0.0122,1.1
"Bahamas, The",BHS,2020,1.1733,395863,81.664,26178.75,100.0,1.299,0.0192,1.4
"Bahamas, The",BHS,2021,1.4488,396373,81.478,30367.86,100.0,1.299,0.0148,1.1
"Bahamas, The",BHS,2022,1.4055,397538,81.32,34957.16,100.0,1.299,,1.1
"Bahamas, The",BHS,2023,1.4098,399440,81.321,38231.77,100.0,1.299,,
Bahrain,BHR,2000,17.7715,637582,87.836,14214.48,100.0,13.944,22.6166,0.0
Bahrain,BHR,2001,18.4025,661316,87.84,13573.23,100.0,13.789,19.6065,0.0
Bahrain,BHR,2002,19.2269,710553,88.143,13501.47,100.0,13.648,18.3097,0.0
Bahrain,BHR,2003,19.8961,764517,88.833,14486.03,100.0,13.306,18.2515,0.0
Bahrain,BHR,2004,19.9206,823741,89.857,15963.95,100.0,12.986,19.5475,0.0
Bahrain,BHR,2005,23.3702,888822,91.168,17966.17,100.0,12.662,23.5502,0.0
Bahrain,BHR,2006,25.449,960424,92.719,19267.28,100.0,12.527,23.9325,0.0
Bahrain,BHR,2007,25.8519,1039295,94.461,20908.4,100.0,12.213,22.2759,0.0
Bahrain,BHR,2008,27.669,1103496,96.346,23299.5,100.0,11.921,24.8161,0.0
Bahrain,BHR,2009,27.6556,1178415,98.328,19465.31,100.0,11.776,18.0762,0.0
Bahrain,BHR,2010,28.8353,1228543,100.0,21819.33,100.0,11.614,20.4621,0.0
Bahrain,BHR,2011,29.0035,1195020,100.0,25032.79,100.0,11.395,26.9949,0.0
Bahrain,BHR,2012,30.2164,1208964,100.0,26438.67,100.0,11.221,23.5822,0.0
Bahrain,BHR,2013,32.1308,1253191,100.0,26989.76,100.0,11.078,24.5336,0.0
Bahrain,BHR,2014,33.2899,1314562,100.0,26451.8,100.0,10.934,22.4113,0.0
Bahrain,BHR,2015,33.4691,1370322,100.0,23734.06,100.0,10.694,12.6347,0.0
Bahrain,BHR,2016,33.4571,1423726,100.0,23800.0,100.0,10.552,9.6486,0.0
Bahrain,BHR,2017,33.7521,1501116,100.0,24784.77,100.0,10.397,11.1603,0.0
Bahrain,BHR,2018,33.822,1503091,100.0,26324.41,100.0,10.411,14.7514,0.0
Bahrain,BHR,2019,36.8474,1483756,100.0,27259.74,100.0,10.385,13.3638,0.0
Bahrain,BHR,2020,36.8402,1472204,100.0,24342.84,100.0,10.318,10.7041,0.0
Bahrain,BHR,2021,37.3578,1504365,100.0,27147.81,100.0,10.253,16.64,0.0
Bahrain,BHR,2022,38.8307,1524693,100.0,30470.52,100.0,10.253,,
Bahrain,BHR,2023,38.689,1577059,100.0,29290.13,100.0,10.125,,
Bangladesh,BGD,2000,26.9773,134544304,23.315,396.67,32.0,72.213,0.9237,60.2
Bangladesh,BGD,2001,32.633,136805810,23.7,394.66,35.0,72.236,0.951,55.9
Bangladesh,BGD,2002,34.3448,138933658,24.113,393.89,37.8,71.852,1.1563,54.4
Bangladesh,BGD,2003,35.9887,140970351,24.553,426.75,40.5,71.66,1.1727,52.6
Bangladesh,BGD,2004,37.9102,142902856,25.009,455.61,40.6,71.622,1.2503,52.0
Bangladesh,BGD,2005,40.3834,144715786,25.477,480.09,44.2,71.53,1.4215,50.6
Bangladesh,BGD,2006,43.4924,146405973,25.948,490.39,50.5,71.291,1.6219,48.6
Bangladesh,BGD,2007,46.2192,147989278,26.415,537.96,46.5,71.184,1.2801,47.2
Bangladesh,BGD,2008,51.3301,149474264,26.872,613.06,54.3,71.084,1.2459,45.2
Bangladesh,BGD,2009,55.1298,150873714,27.311,679.21,57.1,71.03,1.1927,43.1
Bangladesh,BGD,2010,60.7693,152201981,27.725,757.39,55.3,70.992,1.4159,40.3
Bangladesh,BGD,2011,65.3074,153591076,28.11,837.34,59.6,70.124,1.5894,38.4
Bangladesh,BGD,2012,69.872,155070101,28.479,859.68,65.5,70.062,1.5546,37.3
Bangladesh,BGD,2013,72.0796,156532141,28.841,958.26,61.5,69.97,1.1517,37.0
Bangladesh,BGD,2014,76.6542,157964929,29.194,1094.46,62.4,69.901,1.0472,35.4
Bangladesh,BGD,2015,85.4452,159383179,29.54,1224.39,74.0,70.387,0.8998,33.1
Bangladesh,BGD,2016,93.9921,160811932,29.875,1649.28,75.9,70.632,0.7161,30.2
Bangladesh,BGD,2017,101.0415,162186147,30.202,1811.08,88.0,70.579,0.7104,28.1
Bangladesh,BGD,2018,105.1823,163523103,30.518,1965.24,86.9,70.694,0.6492,27.0
Bangladesh,BGD,2019,109.3222,164913055,30.823,2129.8,92.2,72.19,0.6377,26.1
Bangladesh,BGD,2020,104.1229,166298024,31.117,2248.85,96.2,72.444,0.5609,27.2
Bangladesh,BGD,2021,117.7683,167658854,31.399,2482.85,99.0,72.352,0.6101,25.0
Bangladesh,BGD,2022,120.8657,169384897,31.674,2716.49,99.4,72.371,,
Bangladesh,BGD,2023,118.9891,171466990,32.158,2551.02,99.5,72.311,,
Barbados,BRB,2000,0.588,262063,62.538,11674.67,100.0,41.86,0.3807,11.9
Barbados,BRB,2001,0.5649,262425,62.305,11639.52,100.0,41.86,0.2463,10.8
Barbados,BRB,2002,0.6061,264148,61.966,11760.45,100.0,39.535,0.2435,9.8
Barbados,BRB,2003,0.6372,265776,61.554,12075.96,100.0,39.535,0.2245,8.6
Barbados,BRB,2004,0.6307,267298,61.102,12886.37,99.9,37.209,0.2393,8.7
Barbados,BRB,2005,0.6457,268706,60.639,14214.42,99.9,37.209,0.3566,8.7
Barbados,BRB,2006,0.6979,270002,60.196,15619.6,100.0,37.209,0.3976,8.8
Barbados,BRB,2007,0.6716,271288,59.804,17235.44,100.0,37.209,0.3549,8.6
Barbados,BRB,2008,0.7921,272714,59.493,17565.69,100.0,37.209,0.4007,7.6
Barbados,BRB,2009,0.7987,274123,59.294,16294.91,100.0,37.209,0.2178,8.5
Barbados,BRB,2010,0.8204,275243,59.237,19723.24,100.0,34.884,0.2971,8.2
Barbados,BRB,2011,0.6789,276139,59.237,20146.24,100.0,32.558,0.4783,4.1
Barbados,BRB,2012,0.6436,276938,59.237,19811.3,100.0,30.233,0.455,3.8
Barbados,BRB,2013,0.7307,277665,59.239,20384.49,100.0,29.07,0.3838,3.1
Barbados,BRB,2014,0.667,278348,59.241,20423.72,100.0,27.907,0.3278,3.0
Barbados,BRB,2015,0.7195,278990,59.245,20429.47,100.0,25.581,0.1292,3.0
Barbados,BRB,2016,0.7728,279598,59.251,20311.41,100.0,23.256,0.0967,2.8
Barbados,BRB,2017,0.6819,280171,59.259,20870.76,100.0,23.256,0.1323,4.3
Barbados,BRB,2018,0.7782,280711,59.27,21378.22,100.0,23.256,0.2141,4.9
Barbados,BRB,2019,0.8686,281207,59.284,21929.44,100.0,23.256,0.2305,3.4
Barbados,BRB,2020,0.6726,281698,59.301,19180.99,100.0,23.256,0.1383,4.7
Barbados,BRB,2021,0.6515,282147,59.322,21084.4,100.0,23.256,0.3284,5.5
Barbados,BRB,2022,0.6889,282318,59.354,24393.22,100.0,23.256,,5.5
Barbados,BRB,2023,0.6906,282336,59.424,25583.87,100.0,23.256,,
Belarus,BLR,2000,56.2599,9979610,69.917,1276.29,89.0,45.611,2.5456,5.7
Belarus,BLR,2001,54.9987,9928549,70.315,1244.37,89.5,45.0,2.1453,6.3
Belarus,BLR,2002,55.1904,9865548,70.88,1479.38,90.0,44.496,1.8113,6.5
Belarus,BLR,2003,55.8311,9796749,71.309,1819.53,90.5,44.304,1.7654,6.2
Belarus,BLR,2004,59.1875,9730146,71.766,2378.34,91.0,44.163,1.7915,6.3
Belarus,BLR,2005,60.0192,9663915,72.031,3126.07,91.5,44.12,1.77,6.8
Belarus,BLR,2006,62.4637,9604924,72.611,3848.22,92.1,44.149,1.6779,7.2
Belarus,BLR,2007,61.0589,9560953,73.091,4735.48,92.6,43.943,1.5551,7.3
Belarus,BLR,2008,64.7655,9527985,73.553,6376.18,93.2,43.947,1.6039,7.1
Belarus,BLR,2009,61.6066,9504583,74.191,5352.49,93.8,43.997,1.1411,7.4
Belarus,BLR,2010,66.1204,9483836,74.55,6034.68,94.4,43.854,1.2136,7.3
Belarus,BLR,2011,62.961,9461643,75.06,6527.66,95.0,43.739,1.6541,7.5
Belarus,BLR,2012,64.269,9446836,75.528,6953.22,95.6,43.352,1.7278,7.2
Belarus,BLR,2013,64.4295,9443211,75.95,7998.08,96.2,42.932,1.4358,7.0
Belarus,BLR,2014,63.9709,9448515,76.341,8341.32,96.8,42.488,1.3246,6.7
Belarus,BLR,2015,59.1683,9461076,76.626,5967.06,97.4,42.242,1.1687,6.8
Belarus,BLR,2016,59.0629,9469379,76.846,5039.78,98.0,42.035,1.2428,6.7
Belarus,BLR,2017,60.2218,9458989,77.021,5785.54,98.7,41.845,1.5642,7.3
Belarus,BLR,2018,63.4486,9438785,77.213,6360.04,99.3,41.644,1.9813,7.2
Belarus,BLR,2019,61.2475,9419758,77.455,6837.77,100.0,41.322,1.6696,7.8
Belarus,BLR,2020,58.1601,9379952,77.789,6542.86,100.0,40.797,1.5206,8.4
Belarus,BLR,2021,58.6423,9302585,78.131,7489.72,100.0,40.276,1.8633,8.2
Belarus,BLR,2022,55.8945,9228071,78.473,7994.65,100.0,39.874,,
Belarus,BLR,2023,53.8204,9178298,78.815,7896.75,100.0,39.58,,
Belgium,BEL,2000,124.8977,10251250,82.015,23098.89,100.0,45.811,0.0246,1.4
Belgium,BEL,2001,125.7555,10286570,82.336,23015.07,100.0,45.719,0.021,1.6
Belgium,BEL,2002,118.493,10332785,82.651,25006.19,100.0,45.795,0.0236,1.7
Belgium,BEL,2003,123.3712,10376133,82.961,30655.21,100.0,45.897,0.0217,1.9
Belgium,BEL,2004,121.9791,10421137,83.266,35429.41,100.0,45.868,0.0159,2.0
Belgium,BEL,2005,119.0079,10478617,83.565,36809.7,100.0,45.594,0.0157,2.5
Belgium,BEL,2006,116.0773,10547958,83.858,38705.11,100.0,45.495,0.0193,2.9
Belgium,BEL,2007,112.9137,10625700,84.145,44319.17,100.0,45.063,0.0191,3.4
Belgium,BEL,2008,114.2497,10709973,84.427,48303.4,100.0,45.01,0.0184,4.0
Belgium,BEL,2009,107.2918,10796493,84.703,44923.34,100.0,44.954,0.0173,4.9
Belgium,BEL,2010,114.9031,10895586,84.972,44197.39,100.0,44.694,0.047,6.2
Belgium,BEL,2011,104.4948,11038264,85.235,47760.83,100.0,44.035,0.0658,6.7
Belgium,BEL,2012,103.0142,11106932,85.492,44874.17,100.0,43.913,0.0634,7.7
Belgium,BEL,2013,104.3595,11159407,85.742,46964.59,100.0,44.061,0.0591,8.3
Belgium,BEL,2014,97.7801,11209057,85.985,47995.78,100.0,43.889,0.0681,9.1
Belgium,BEL,2015,102.4165,11274196,86.221,40893.8,100.0,43.781,0.0353,9.4
Belgium,BEL,2016,101.3516,11331422,86.451,41854.55,100.0,44.532,0.0304,9.2
Belgium,BEL,2017,99.7694,11375158,86.673,44035.32,100.0,43.748,0.0372,9.7
Belgium,BEL,2018,100.4585,11427054,86.888,47487.21,100.0,44.404,0.0484,10.7
Belgium,BEL,2019,100.3135,11488980,87.096,46716.62,100.0,44.468,0.0422,10.2
Belgium,BEL,2020,91.9274,11538604,87.296,45906.29,100.0,44.75,0.0285,12.3
Belgium,BEL,2021,96.0214,11586195,87.431,51658.24,100.0,44.785,0.0449,11.7
Belgium,BEL,2022,89.6767,11680210,87.489,50639.03,100.0,44.566,,
Belgium,BEL,2023,85.7301,11779946,87.551,55244.68,100.0,44.379,,
Belize,BLZ,2000,0.1397,240799,47.684,4726.51,79.0,6.532,0.2056,34.5
Belize,BLZ,2001,0.1425,248379,47.626,4718.78,80.2,6.532,0.2049,23.9
Belize,BLZ,2002,0.1422,256009,47.487,4858.86,81.0,6.664,0.2145,25.7
Belize,BLZ,2003,0.1497,263780,47.281,4959.74,81.8,6.664,0.2096,24.4
Belize,BLZ,2004,0.1372,271688,47.023,5153.71,82.6,6.664,0.1853,26.3
Belize,BLZ,2005,0.1509,279731,46.727,5270.41,83.5,6.664,0.2166,25.6
Belize,BLZ,2006,0.1745,287878,46.408,5524.78,91.0,6.664,2.3395,32.7
Belize,BLZ,2007,0.1684,296100,46.081,5762.21,85.2,6.664,3.0435,28.0
Belize,BLZ,2008,0.1628,304361,45.76,5711.81,86.1,6.664,4.7878,29.8
Belize,BLZ,2009,0.1967,312614,45.459,5399.67,86.9,6.795,3.2102,25.1
Belize,BLZ,2010,0.2333,320245,45.191,5461.41,89.9,6.883,4.2185,29.4
Belize,BLZ,2011,0.15,327298,44.942,5596.05,91.7,6.883,5.7513,42.2
Belize,BLZ,2012,0.1629,334414,44.69,5732.67,90.9,7.014,3.9491,47.9
Belize,BLZ,2013,0.2057,341627,44.438,5957.35,91.1,7.014,2.7479,38.0
Belize,BLZ,2014,0.2045,348923,44.185,6128.12,91.5,7.014,2.0606,37.4
Belize,BLZ,2015,0.2472,356333,43.931,6154.62,91.8,7.453,0.8327,30.3
Belize,BLZ,2016,0.2608,364705,43.677,6140.87,93.3,7.453,0.7079,33.3
Belize,BLZ,2017,0.2847,373202,43.421,6071.85,94.2,7.541,0.7405,37.2
Belize,BLZ,2018,0.2846,380226,43.165,6011.99,91.7,7.541,0.7969,35.5
Belize,BLZ,2019,0.3982,385829,42.908,6171.61,92.7,7.628,0.5847,30.4
Belize,BLZ,2020,0.3186,390812,42.65,5238.54,96.8,7.891,0.4789,31.4
Belize,BLZ,2021,0.3361,395346,42.391,6142.99,97.7,7.979,0.523,26.6
Belize,BLZ,2022,0.3545,402733,42.137,7068.22,98.6,7.979,,30.8
Belize,BLZ,2023,0.3756,411106,41.946,7424.76,99.6,7.979,,
Benin,BEN,2000,1.5461,7221619,38.276,487.42,21.5,28.307,3.261,70.3
Benin,BEN,2001,1.8573,7445596,38.619,492.4,21.9,28.907,3.0848,66.9
Benin,BEN,2002,2.1429,7675426,39.004,546.46,23.4,29.863,3.3028,64.0
Benin,BEN,2003,2.4,7913070,39.417,676.0,24.3,30.782,4.1402,61.7
Benin,BEN,2004,2.5584,8159094,39.853,758.7,25.2,30.678,3.1254,60.7
Benin,BEN,2005,2.8015,8426144,40.31,779.44,26.1,30.805,3.0723,59.2
Benin,BEN,2006,3.8591,8693242,40.788,809.15,27.9,29.614,3.0488,57.3
Benin,BEN,2007,4.3986,8953969,41.286,912.34,28.0,29.967,3.6269,54.5
Benin,BEN,2008,4.3662,9228466,41.803,1060.6,29.0,31.783,3.6488,54.8
Benin,BEN,2009,4.6845,9509423,42.339,1024.1,30.0,33.171,3.7029,52.8
Benin,BEN,2010,5.0815,9797484,42.892,973.24,34.2,30.925,3.4223,47.2
Benin,BEN,2011,4.9611,10093623,43.462,1059.41,36.9,32.098,3.4789,48.7
Benin,BEN,2012,4.7249,10397657,44.048,1071.53,38.4,33.391,3.9216,50.3
Benin,BEN,2013,4.9707,10708834,44.65,1168.93,34.7,35.301,3.5612,52.0
Benin,BEN,2014,5.4598,11030004,45.288,1204.4,34.1,35.455,3.7046,51.0
Benin,BEN,2015,5.8104,11360681,45.941,1002.42,29.6,36.123,4.3003,49.9
Benin,BEN,2016,7.1473,11697842,46.609,1010.53,37.0,34.38,4.4537,45.4
Benin,BEN,2017,7.2445,12039780,47.294,1054.97,34.5,36.302,4.0984,45.4
Benin,BEN,2018,8.251,12383347,47.995,1151.74,39.0,39.56,2.6083,44.0
Benin,BEN,2019,8.1435,12726755,48.713,1130.82,40.0,41.071,2.468,46.5
Benin,BEN,2020,8.7059,13070169,49.446,1200.19,41.0,39.314,2.428,46.2
Benin,BEN,2021,6.7467,13413417,50.196,1318.65,42.0,41.002,2.3044,54.5
Benin,BEN,2022,7.0594,13759501,50.963,1266.43,56.5,43.062,,
Benin,BEN,2023,6.8922,14111034,51.746,1394.18,57.0,41.83,,
Bermuda,BMU,2000,0.1504,61550,100.0,56542.96,100.0,7.407,0.0,0.5
Bermuda,BMU,2001,0.1487,61867,100.0,59490.25,100.0,7.407,0.0,0.5
Bermuda,BMU,2002,0.1656,62142,100.0,63358.57,100.0,7.407,0.0,0.5
Bermuda,BMU,2003,0.171,62386,100.0,67106.8,100.0,7.407,0.0,0.5
Bermuda,BMU,2004,0.173,62555,100.0,71692.16,100.0,7.407,0.0,0.5
Bermuda,BMU,2005,0.186,62711,100.0,77628.1,100.0,7.407,0.0,0.5
Bermuda,BMU,2006,0.2316,62834,100.0,97781.46,100.0,7.407,0.0,0.4
Bermuda,BMU,2007,0.2771,63010,100.0,107395.65,100.0,7.407,0.0,0.5
Bermuda,BMU,2008,0.2789,63300,100.0,110268.56,100.0,5.556,0.0,0.5
Bermuda,BMU,2009,0.2447,63565,100.0,104711.71,100.0,5.556,0.0,0.4
Bermuda,BMU,2010,0.309,63725,100.0,104111.82,100.0,5.556,0.0,0.4
Bermuda,BMU,2011,0.1534,63733,100.0,99049.02,100.0,5.556,0.0,0.4
Bermuda,BMU,2012,0.1777,63646,100.0,100213.49,100.0,5.556,0.0,0.4
Bermuda,BMU,2013,0.198,63574,100.0,101704.41,100.0,5.556,0.0,1.5
Bermuda,BMU,2014,0.272,63529,100.0,100961.58,100.0,5.556,0.0,0.4
Bermuda,BMU,2015,0.2307,63464,100.0,104855.37,100.0,5.556,0.0,0.6
Bermuda,BMU,2016,0.3117,63449,100.0,108747.36,100.0,5.556,0.0,1.1
Bermuda,BMU,2017,0.2853,63578,100.0,112339.43,100.0,5.556,0.0,0.6
Bermuda,BMU,2018,0.3009,63831,100.0,113204.82,100.0,5.556,0.0,0.7
Bermuda,BMU,2019,0.3025,64107,100.0,115798.04,100.0,5.556,0.0,0.8
Bermuda,BMU,2020,0.2142,64382,100.0,106976.55,100.0,5.556,0.0,0.9
Bermuda,BMU,2021,0.2447,64648,100.0,112765.08,100.0,5.556,0.0,0.9
Bermuda,BMU,2022,0.2575,64749,100.0,119969.17,100.0,5.556,,0.9
Bermuda,BMU,2023,0.2583,64698,100.0,132961.76,100.0,5.556,,
Bhutan,BTN,2000,0.4054,596863,27.592,771.92,31.1,14.523,3.9925,91.4
Bhutan,BTN,2001,0.4392,610794,28.283,812.24,40.2,14.548,3.8599,90.2
Bhutan,BTN,2002,0.4774,624409,28.963,895.8,44.1,14.573,3.5742,89.7
Bhutan,BTN,2003,0.496,637663,29.633,1022.38,41.1,14.648,3.3382,89.7
Bhutan,BTN,2004,0.501,650544,30.291,1130.36,51.9,15.321,2.965,90.9
Bhutan,BTN,2005,0.5429,661865,30.938,1299.95,59.8,15.557,2.6909,88.7
Bhutan,BTN,2006,0.5686,670799,31.566,1405.61,59.7,15.138,3.3946,91.6
Bhutan,BTN,2007,0.5773,678641,32.174,1850.42,71.8,14.77,4.3034,92.0
Bhutan,BTN,2008,0.5797,686351,32.764,1919.6,67.6,13.676,4.2022,87.8
Bhutan,BTN,2009,0.8011,693988,33.34,1918.4,71.5,13.642,3.5357,87.8
Bhutan,BTN,2010,0.905,701632,33.905,2435.58,73.3,13.642,5.3045,84.8
Bhutan,BTN,2011,1.1062,709377,34.464,2787.98,81.8,13.632,4.921,84.9
Bhutan,BTN,2012,1.0551,717279,35.019,2751.21,91.5,13.632,4.2528,82.8
Bhutan,BTN,2013,1.1068,725273,35.574,2679.95,87.4,13.632,3.4764,81.7
Bhutan,BTN,2014,1.1293,733139,36.133,2849.5,91.4,13.789,3.4189,82.1
Bhutan,BTN,2015,1.3096,740618,36.698,2954.04,95.4,13.789,4.0283,81.6
Bhutan,BTN,2016,1.4244,747866,37.275,3152.31,99.3,13.606,4.4364,80.8
Bhutan,BTN,2017,1.4736,754335,37.865,3435.29,97.7,13.449,3.364,79.7
Bhutan,BTN,2018,1.7505,759759,38.466,3400.2,100.0,13.45,1.9885,80.0
Bhutan,BTN,2019,1.8063,764824,39.075,3576.88,100.0,13.45,2.1901,81.0
Bhutan,BTN,2020,1.4131,770006,39.689,3191.67,100.0,13.542,2.792,83.9
Bhutan,BTN,2021,1.5445,775442,40.308,3570.61,100.0,13.634,2.7333,81.8
Bhutan,BTN,2022,1.5172,780914,40.937,3711.33,100.0,13.726,,82.5
Bhutan,BTN,2023,1.5607,786385,41.735,3831.33,100.0,13.818,,
Bolivia,BOL,2000,8.2048,8606326,61.859,975.78,70.0,34.287,4.6128,29.2
Bolivia,BOL,2001,7.9363,8752736,62.337,930.17,69.3,34.299,4.3337,29.0
Bolivia,BOL,2002,8.4679,8900355,62.819,888.22,64.0,34.442,4.9449,28.1
Bolivia,BOL,2003,9.0191,9050700,63.292,893.01,72.3,33.829,5.3163,27.0
Bolivia,BOL,2004,9.4522,9204287,63.756,953.19,75.9,33.801,7.43,25.8
Bolivia,BOL,2005,9.9372,9360754,64.213,1020.12,68.3,34.12,11.5452,24.6
Bolivia,BOL,2006,10.7816,9521689,64.663,1202.71,76.2,34.286,14.6335,23.7
Bolivia,BOL,2007,11.996,9685960,65.107,1354.55,80.2,34.416,13.9849,22.1
Bolivia,BOL,2008,12.8434,9850858,65.545,1692.67,84.7,34.535,12.7767,21.3
Bolivia,BOL,2009,13.6594,10016275,65.978,1731.18,86.8,34.653,7.4485,20.6
Bolivia,BOL,2010,14.7927,10182345,66.408,1929.78,88.0,34.772,9.1616,19.9
Bolivia,BOL,2011,16.0948,10348929,66.834,2315.52,88.3,34.897,14.0011,18.1
Bolivia,BOL,2012,17.0414,10515807,67.258,2575.6,90.4,35.026,12.3531,17.4
Bolivia,BOL,2013,18.1017,10682608,67.67,2870.02,89.5,35.156,11.9599,16.0
Bolivia,BOL,2014,19.463,10848888,68.037,3041.44,90.0,35.283,10.5329,15.0
Bolivia,BOL,2015,19.9523,11014705,68.396,2996.01,91.5,35.282,4.1181,14.2
Bolivia,BOL,2016,21.3607,11180020,68.745,3035.87,91.8,35.155,2.9728,13.6
Bolivia,BOL,2017,21.7833,11344587,69.084,4048.4,91.8,35.023,5.0146,14.3
Bolivia,BOL,2018,21.9655,11508368,69.413,4206.86,92.8,35.263,5.3717,14.3
Bolivia,BOL,2019,21.9997,11671386,69.733,4203.15,95.1,35.544,4.0953,13.5
Bolivia,BOL,2020,18.5659,11816299,70.044,3580.97,97.2,35.565,2.7204,16.9
Bolivia,BOL,2021,21.8696,11937360,70.345,4010.76,98.6,35.683,9.4677,12.8
Bolivia,BOL,2022,23.3823,12077154,70.635,4219.46,99.9,35.831,,
Bolivia,BOL,2023,24.4241,12244159,70.915,4274.71,99.8,35.831,,
Bosnia and Herzegovina,BIH,2000,14.2812,4159771,42.554,1338.48,99.0,41.602,1.2556,19.4
Bosnia and Herzegovina,BIH,2001,14.0968,4179438,42.876,1387.89,99.4,41.523,1.3213,20.3
Bosnia and Herzegovina,BIH,2002,14.8282,4188002,43.198,1606.55,98.5,41.465,0.877,21.2
Bosnia and Herzegovina,BIH,2003,15.1887,4178523,43.518,2033.95,99.0,42.363,0.8238,20.1
Bosnia and Herzegovina,BIH,2004,16.0341,4140987,43.838,2452.69,99.1,42.371,1.7062,20.1
Bosnia and Herzegovina,BIH,2005,16.8463,4096493,44.157,2739.61,99.1,42.129,1.8305,19.7
Bosnia and Herzegovina,BIH,2006,18.6905,4063272,44.475,3166.13,99.4,42.168,1.644,18.1
Bosnia and Herzegovina,BIH,2007,19.7252,4013424,44.793,3931.49,99.7,41.973,2.1246,14.8
Bosnia and Herzegovina,BIH,2008,21.6523,3947544,45.109,4841.69,99.3,41.602,3.6378,14.3
Bosnia and Herzegovina,BIH,2009,21.6601,3879794,45.425,4539.92,99.4,41.562,1.4585,17.4
Bosnia and Herzegovina,BIH,2010,22.2176,3811472,45.739,4506.48,99.5,41.875,2.7223,19.6
Bosnia and Herzegovina,BIH,2011,25.2681,3741798,46.053,4982.69,99.7,42.012,3.5263,14.2
Bosnia and Herzegovina,BIH,2012,23.3108,3670113,46.366,4693.79,99.7,42.109,2.2206,15.3
Bosnia and Herzegovina,BIH,2013,23.2132,3610859,46.695,5034.57,99.5,42.207,1.7616,19.5
Bosnia and Herzegovina,BIH,2014,20.7957,3564829,47.131,5206.07,99.9,42.129,1.2363,23.6
Bosnia and Herzegovina,BIH,2015,20.8309,3518541,47.571,4662.26,99.7,42.5,1.0186,25.2
Bosnia and Herzegovina,BIH,2016,23.5062,3473003,48.025,4928.57,100.0,43.145,1.047,23.0
Bosnia and Herzegovina,BIH,2017,23.9898,3428682,48.492,5345.02,100.0,43.516,1.2816,18.5
Bosnia and Herzegovina,BIH,2018,24.0642,3387000,48.972,6047.85,100.0,43.184,1.0526,35.4
Bosnia and Herzegovina,BIH,2019,22.5975,3345533,49.465,6122.38,100.0,43.281,0.8008,36.8
Bosnia and Herzegovina,BIH,2020,22.5364,3299349,49.971,6130.31,100.0,43.789,0.7812,37.7
Bosnia and Herzegovina,BIH,2021,23.0097,3244907,50.49,7295.34,100.0,44.199,0.8134,36.6
Bosnia and Herzegovina,BIH,2022,22.3986,3204802,51.022,7655.59,100.0,21.816,,
Bosnia and Herzegovina,BIH,2023,20.8288,3185073,51.566,8663.02,100.0,21.738,,
Botswana,BWA,2000,4.0996,1677382,53.205,3450.81,26.5,45.791,2.3771,38.5
Botswana,BWA,2001,3.9558,1712254,54.049,3206.07,24.8,45.526,1.1639,37.5
Botswana,BWA,2002,4.1754,1744763,55.014,3117.25,27.0,45.605,0.9141,36.1
Botswana,BWA,2003,4.1354,1775736,56.098,4230.12,33.1,45.517,1.9314,36.2
Botswana,BWA,2004,4.0534,1807146,57.258,4956.69,35.3,45.572,3.224,34.3
Botswana,BWA,2005,4.3907,1839877,58.454,5391.07,37.5,45.551,2.3434,33.0
Botswana,BWA,2006,4.1486,1874516,59.642,5291.58,39.7,45.53,6.4421,31.8
Botswana,BWA,2007,4.4229,1911201,60.782,5529.13,41.9,45.496,7.4124,29.0
Botswana,BWA,2008,4.5094,1949970,61.832,5503.07,44.5,45.667,3.9622,27.8
Botswana,BWA,2009,4.1279,1990673,62.75,5082.93,43.4,45.733,2.2457,28.9
Botswana,BWA,2010,3.3822,2033111,63.495,6215.73,52.0,45.632,2.1052,29.9
Botswana,BWA,2011,4.0133,2073535,64.019,7287.38,53.2,45.747,1.8943,28.9
Botswana,BWA,2012,3.5247,2108617,64.399,6595.54,56.0,45.678,2.2586,27.8
Botswana,BWA,2013,5.5218,2140682,64.758,6666.91,58.0,45.669,1.4251,26.7
Botswana,BWA,2014,7.1481,2172044,65.097,7122.36,60.0,45.884,0.9278,25.8
Botswana,BWA,2015,7.091,2203273,65.41,6141.2,62.1,45.633,0.8048,26.1
Botswana,BWA,2016,6.7524,2234776,65.695,6749.06,64.2,45.633,0.7623,26.7
Botswana,BWA,2017,7.4408,2266747,65.946,7104.96,67.4,45.633,0.8801,26.7
Botswana,BWA,2018,8.2088,2299141,66.158,7407.96,68.3,45.633,0.8697,25.6
Botswana,BWA,2019,7.342,2332083,66.327,7172.09,70.1,45.634,0.6561,26.2
Botswana,BWA,2020,6.0919,2365894,66.449,6323.3,71.8,45.634,0.675,27.7
Botswana,BWA,2021,6.5464,2401441,66.518,7807.89,73.7,45.634,1.0385,27.4
Botswana,BWA,2022,6.8377,2439892,66.589,8328.71,75.9,45.634,,
Botswana,BWA,2023,6.7207,2480244,67.021,7827.3,76.0,45.634,,
Brazil,BRA,2000,349.4076,174018282,81.148,3766.55,94.4,27.318,2.1591,42.7
Brazil,BRA,2001,351.3367,176301203,81.596,3176.29,96.0,27.33,2.2377,41.3
Brazil,BRA,2002,351.437,178503484,81.994,2855.94,96.7,27.342,2.8155,42.9
Brazil,BRA,2003,346.5055,180622688,82.354,3090.61,97.0,27.355,2.7003,45.1
Brazil,BRA,2004,365.3106,182675143,82.682,3663.82,96.8,27.367,2.535,45.2
Brazil,BRA,2005,369.2574,184688101,82.984,4827.78,97.1,27.38,3.6505,46.1
Brazil,BRA,2006,373.6873,186653106,83.267,5934.14,97.6,27.393,3.8271,46.7
Brazil,BRA,2007,393.1254,188552320,83.538,7409.69,98.1,27.479,4.102,47.2
Brazil,BRA,2008,412.7913,190367302,83.804,8908.33,98.5,27.565,4.776,47.0
Brazil,BRA,2009,385.5933,192079951,84.07,8678.66,98.9,27.651,2.3849,48.9
Brazil,BRA,2010,439.9219,193701929,84.344,11403.28,98.6,27.738,3.6487,46.8
Brazil,BRA,2011,463.643,195284734,84.623,13396.62,99.3,27.824,4.3369,45.2
Brazil,BRA,2012,497.9036,196876111,84.897,12521.72,99.5,27.91,3.8555,43.5
Brazil,BRA,2013,523.4755,198478299,85.168,12458.89,99.6,27.996,3.7869,42.3
Brazil,BRA,2014,546.4394,200085127,85.433,12274.99,99.7,28.082,3.2862,41.7
Brazil,BRA,2015,517.9408,201675532,85.694,8936.2,99.7,28.169,2.3583,43.7
Brazil,BRA,2016,482.7112,203218114,85.949,8836.29,99.7,28.255,2.4301,45.4
Brazil,BRA,2017,494.7579,204703445,86.198,10080.51,99.8,28.341,2.7338,45.3
Brazil,BRA,2018,471.0836,206107261,86.442,9300.66,99.7,28.338,3.6176,46.9
Brazil,BRA,2019,468.5794,207455459,86.68,9029.83,99.8,28.335,3.2172,47.5
Brazil,BRA,2020,447.921,208660842,86.911,7074.19,99.7,28.332,3.2299,50.0
Brazil,BRA,2021,506.2334,209550294,87.136,7972.54,99.5,28.33,7.9411,46.5
Brazil,BRA,2022,479.2664,210306415,87.35,9281.33,100.0,28.327,,
Brazil,BRA,2023,480.235,211140729,87.616,10377.59,99.8,28.327,,
British Virgin Islands,VGB,2000,0.0278,20241,41.981,,97.1,46.667,,0.9
British Virgin Islands,VGB,2001,0.0277,20796,42.024,,97.2,46.667,,0.9
British Virgin Islands,VGB,2002,0.0309,21430,42.441,,97.3,46.667,,0.8
British Virgin Islands,VGB,2003,0.0344,22134,42.853,,97.4,46.667,,0.8
British Virgin Islands,VGB,2004,0.0355,22881,43.286,,97.5,46.667,,0.8
British Virgin Islands,VGB,2005,0.0373,23665,43.741,,97.6,46.667,,0.8
British Virgin Islands,VGB,2006,0.0448,24493,44.218,,97.8,46.667,,0.7
British Virgin Islands,VGB,2007,0.0486,25366,44.717,,97.9,46.667,,0.7
British Virgin Islands,VGB,2008,0.0549,26288,45.237,,98.1,46.667,,0.7
British Virgin Islands,VGB,2009,0.0634,27218,45.779,,98.3,46.667,,0.7
British Virgin Islands,VGB,2010,0.0705,27675,46.343,,98.3,46.667,,0.7
British Virgin Islands,VGB,2011,0.0552,28710,46.928,,98.7,46.667,,0.9
British Virgin Islands,VGB,2012,0.0571,30345,47.535,,98.9,46.667,,0.9
British Virgin Islands,VGB,2013,0.0654,31703,48.164,,99.1,46.667,,1.0
British Virgin Islands,VGB,2014,0.07,32962,48.814,,99.2,46.667,,1.0
British Virgin Islands,VGB,2015,0.0717,34498,49.486,,100.0,46.667,,1.0
British Virgin Islands,VGB,2016,0.0772,33878,50.18,,100.0,46.667,,1.0
British Virgin Islands,VGB,2017,0.0671,32699,50.895,,100.0,46.667,,1.1
British Virgin Islands,VGB,2018,0.0665,34657,51.632,,100.0,46.667,,1.2
British Virgin Islands,VGB,2019,0.0874,36395,52.391,,100.0,46.667,,1.2
British Virgin Islands,VGB,2020,0.0846,37135,53.171,,100.0,46.667,,1.3
British Virgin Islands,VGB,2021,0.0845,37809,53.973,,100.0,46.667,,1.3
British Virgin Islands,VGB,2022,0.0884,38319,54.796,,100.0,46.667,,1.3
British Virgin Islands,VGB,2023,0.0887,38985,55.641,,100.0,46.667,,
Brunei Darussalam,BRN,2000,6.0748,326424,71.225,20130.26,100.0,2.277,34.9807,0.0
Brunei Darussalam,BRN,2001,5.8618,333345,71.658,18287.83,100.0,2.467,28.069,0.0
Brunei Darussalam,BRN,2002,5.5581,340099,72.102,18621.29,100.0,2.467,25.6091,0.0
Brunei Darussalam,BRN,2003,6.4529,346637,72.578,20677.9,100.0,2.467,28.1867,0.0
Brunei Darussalam,BRN,2004,6.2692,352911,73.068,24423.09,100.0,2.467,30.6737,0.0
Brunei Darussalam,BRN,2005,6.0092,358916,73.553,29386.27,100.0,2.467,34.8706,0.0
Brunei Darussalam,BRN,2006,8.6155,364663,74.015,34674.8,100.0,2.334,37.4066,0.0
Brunei Darussalam,BRN,2007,8.1844,370873,74.434,36217.33,100.0,2.353,33.5992,0.0
Brunei Darussalam,BRN,2008,8.9078,377793,74.793,42156.57,100.0,2.353,31.9745,0.0
Brunei Darussalam,BRN,2009,8.0209,384952,75.071,30946.47,100.0,2.543,23.5521,0.0
Brunei Darussalam,BRN,2010,7.3795,392332,75.251,34937.56,100.0,2.543,26.7152,0.0
Brunei Darussalam,BRN,2011,7.8612,399389,75.312,46382.83,100.0,2.543,29.6086,0.0
Brunei Darussalam,BRN,2012,7.6224,405557,75.271,46968.6,100.0,2.543,25.2093,0.0
Brunei Darussalam,BRN,2013,7.7892,411202,75.176,44003.06,100.0,2.543,21.4732,0.0
Brunei Darussalam,BRN,2014,8.1068,416750,75.057,41026.51,100.0,2.543,22.0986,0.0
Brunei Darussalam,BRN,2015,7.3653,422212,74.948,30625.13,100.0,2.543,18.8983,0.0
Brunei Darussalam,BRN,2016,7.8994,427564,74.882,26663.3,100.0,2.543,15.6738,0.0
Brunei Darussalam,BRN,2017,7.8716,432772,74.848,28024.38,100.0,2.543,17.1506,0.0
Brunei Darussalam,BRN,2018,8.0303,437810,74.817,30988.12,100.0,2.543,22.5077,0.0
Brunei Darussalam,BRN,2019,7.6035,442680,74.792,30426.57,100.0,2.543,20.8493,0.0
Brunei Darussalam,BRN,2020,10.1279,447404,74.775,26834.36,100.0,2.543,13.7525,0.0
Brunei Darussalam,BRN,2021,9.9862,451721,74.767,31006.96,100.0,2.543,24.28,0.0
Brunei Darussalam,BRN,2022,9.5371,455370,74.777,36632.93,100.0,2.543,,
Brunei Darussalam,BRN,2023,9.7036,458949,74.82,32890.55,100.0,2.543,,
Bulgaria,BGR,2000,48.1779,8170172,68.263,1621.35,88.1,50.456,0.6823,8.0
Bulgaria,BGR,2001,50.424,8009142,69.197,1771.0,88.6,49.697,0.7143,7.2
Bulgaria,BGR,2002,47.5974,7837161,69.486,2093.09,89.1,48.943,0.4598,8.7
Bulgaria,BGR,2003,53.4629,7775327,69.781,2719.63,89.6,48.966,0.4306,9.2
Bulgaria,BGR,2004,51.4635,7716860,69.919,3389.86,90.1,49.007,1.1372,9.6
Bulgaria,BGR,2005,52.4905,7658972,70.087,3900.03,90.6,48.463,0.9819,9.8
Bulgaria,BGR,2006,54.0356,7601022,70.508,4523.38,91.2,47.777,1.8314,10.0
Bulgaria,BGR,2007,57.6391,7545338,70.684,5888.87,91.7,47.104,1.6865,8.8
Bulgaria,BGR,2008,54.5628,7492561,70.902,7271.67,92.3,46.966,1.9747,9.9
Bulgaria,BGR,2009,46.5361,7444443,71.302,6988.63,92.9,46.334,0.7042,11.6
Bulgaria,BGR,2010,49.5094,7395599,71.515,6854.3,93.5,46.536,1.6798,14.3
Bulgaria,BGR,2011,54.7842,7348328,72.61,7849.98,94.1,46.868,2.1427,13.2
Bulgaria,BGR,2012,49.9165,7305888,72.768,7432.34,94.7,47.19,1.6046,15.6
Bulgaria,BGR,2013,44.452,7160005,72.963,7796.38,95.3,46.011,1.1076,18.2
Bulgaria,BGR,2014,47.315,7073572,73.084,8070.01,95.9,45.846,0.7848,17.1
Bulgaria,BGR,2015,49.8572,6984225,73.103,7269.03,96.6,46.167,0.6587,17.9
Bulgaria,BGR,2016,47.1301,6894139,73.175,7822.9,97.3,46.251,0.5263,17.7
Bulgaria,BGR,2017,49.2832,6803468,73.39,8697.13,98.1,46.329,0.7492,17.1
Bulgaria,BGR,2018,46.3135,6710798,73.6,9849.89,98.7,46.334,0.6784,19.6
Bulgaria,BGR,2019,44.6358,6616726,73.716,10354.25,99.2,46.398,0.5803,19.3
Bulgaria,BGR,2020,39.4151,6550696,73.324,10760.76,99.7,46.49,0.6189,21.1
Bulgaria,BGR,2021,45.8711,6507301,73.347,12966.81,99.8,46.49,0.9177,20.4
Bulgaria,BGR,2022,49.4431,6465097,73.48,13999.91,100.0,46.26,,
Bulgaria,BGR,2023,36.9706,6446596,73.732,15854.02,100.0,46.085,,
Burkina Faso,BFA,2000,0.8726,11925546,18.0,248.91,9.1,40.976,5.3346,83.9
Burkina Faso,BFA,2001,1.0203,12295001,18.859,259.49,9.5,41.451,4.7678,81.7
Burkina Faso,BFA,2002,1.0828,12680897,19.725,285.65,9.9,41.918,5.7282,81.8
Burkina Faso,BFA,2003,1.2062,13082532,20.563,362.37,11.4,42.385,6.3236,80.8
Burkina Faso,BFA,2004,1.0691,13500533,21.339,403.81,10.7,42.907,5.4373,82.0
Burkina Faso,BFA,2005,1.1383,13932123,22.018,441.16,11.1,43.426,6.3735,85.4
Burkina Faso,BFA,2006,1.1497,14373707,22.553,455.51,11.6,43.929,6.4334,84.8
Burkina Faso,BFA,2007,1.6344,14816307,22.974,514.68,12.0,44.408,7.8129,82.9
Burkina Faso,BFA,2008,1.9003,15258093,23.363,619.44,12.5,44.913,8.597,83.5
Burkina Faso,BFA,2009,1.8421,15710066,23.745,601.57,12.6,45.437,9.5785,83.3
Burkina Faso,BFA,2010,1.9623,16176498,24.115,624.96,13.1,46.021,11.0861,82.1
Burkina Faso,BFA,2011,2.2171,16661908,24.468,725.02,14.8,46.759,13.6362,81.4
Burkina Faso,BFA,2012,2.5815,17172287,24.8,731.47,15.1,47.329,12.4016,79.2
Burkina Faso,BFA,2013,3.0405,17695409,25.106,759.76,15.4,48.117,10.7523,78.7
Burkina Faso,BFA,2014,2.7537,18229461,25.381,764.86,19.2,48.687,10.3109,78.9
Burkina Faso,BFA,2015,3.9361,18777487,25.621,630.12,16.2,49.293,11.6329,78.8
Burkina Faso,BFA,2016,3.9314,19334856,25.822,663.74,16.6,49.826,12.6155,77.1
Burkina Faso,BFA,2017,4.5408,19894407,25.977,709.09,17.0,50.359,12.3099,74.6
Burkina Faso,BFA,2018,5.412,20438288,26.083,777.47,14.4,51.196,8.8762,73.7
Burkina Faso,BFA,2019,5.6993,20961952,26.119,764.85,17.6,51.677,8.328,72.7
Burkina Faso,BFA,2020,5.7011,21478690,26.358,825.24,18.5,52.159,9.1778,73.1
Burkina Faso,BFA,2021,6.4371,21995243,26.811,895.54,19.0,52.671,20.1354,71.2
Burkina Faso,BFA,2022,6.4885,22509038,27.279,827.33,19.5,53.35,,71.4
Burkina Faso,BFA,2023,6.2637,23025776,27.787,873.2,21.7,53.402,,
Burundi,BDI,2000,0.2925,6470194,8.044,134.54,2.5,72.702,15.0609,93.2
Burundi,BDI,2001,0.2358,6634365,8.241,132.16,2.8,72.079,18.8121,94.7
Burundi,BDI,2002,0.2227,6824132,8.451,120.95,3.1,71.417,24.3014,94.6
Burundi,BDI,2003,0.1851,7043154,8.676,111.41,3.4,71.379,40.4922,95.8
Burundi,BDI,2004,0.2191,7310656,8.919,125.19,3.7,71.963,30.4545,96.0
Burundi,BDI,2005,0.184,7587299,9.181,147.23,3.2,70.833,26.6808,96.0
Burundi,BDI,2006,0.2304,7865547,9.465,161.89,2.7,70.95,23.9492,95.3
Burundi,BDI,2007,0.3728,8161874,9.773,166.16,4.7,71.067,32.3564,95.3
Burundi,BDI,2008,0.2207,8505637,10.106,189.5,4.8,71.184,33.0482,95.0
Burundi,BDI,2009,0.2224,8947646,10.498,198.43,5.4,71.301,30.3367,94.6
Burundi,BDI,2010,0.3199,9376444,10.984,216.73,5.3,71.379,23.8534,93.2
Burundi,BDI,2011,0.4154,9717978,11.562,230.07,6.2,71.69,24.9892,92.1
Burundi,BDI,2012,0.3993,10071028,12.224,231.1,6.5,72.43,17.5502,91.7
Burundi,BDI,2013,0.4522,10439341,12.967,234.84,6.9,73.481,17.7329,90.8
Burundi,BDI,2014,0.4055,10799785,13.784,250.54,7.0,74.533,17.4547,91.3
Burundi,BDI,2015,0.435,11047580,14.67,254.4,7.9,75.584,15.5345,91.2
Burundi,BDI,2016,0.4859,11239451,15.618,232.94,8.5,76.636,19.1016,89.6
Burundi,BDI,2017,0.5463,11506762,16.624,246.06,9.3,77.687,18.5077,88.2
Burundi,BDI,2018,0.7765,11859446,17.682,245.66,9.5,78.738,13.4318,85.7
Burundi,BDI,2019,0.7652,12255336,18.786,234.31,9.8,79.79,13.1274,84.8
Burundi,BDI,2020,0.9258,12617036,19.931,252.7,9.1,80.841,13.8476,83.4
Burundi,BDI,2021,0.8974,12965481,21.111,264.17,10.2,81.893,13.957,83.1
Burundi,BDI,2022,0.9301,13321097,22.32,301.83,10.3,82.808,,83.0
Burundi,BDI,2023,0.9495,13689450,23.553,249.8,11.6,83.887,,
Cabo Verde,CPV,2000,0.2802,453317,53.933,1189.51,58.6,17.866,17.4649,27.9
Cabo Verde,CPV,2001,0.3248,460293,54.776,1223.33,60.3,18.362,24.2633,26.0
Cabo Verde,CPV,2002,0.3613,467046,55.57,1328.58,58.6,18.61,19.1975,26.0
Cabo Verde,CPV,2003,0.3632,473383,56.33,1717.98,63.7,18.61,14.3562,24.8
Cabo Verde,CPV,2004,0.3895,479370,57.068,1929.49,65.4,18.859,25.654,24.4
Cabo Verde,CPV,2005,0.6073,485115,57.798,2004.15,67.0,18.859,32.153,23.9
Cabo Verde,CPV,2006,0.6606,490728,58.533,2257.0,68.8,18.859,30.8533,21.2
Cabo Verde,CPV,2007,0.749,496190,59.288,3324.58,70.5,18.859,22.0523,21.0
Cabo Verde,CPV,2008,0.7254,501355,60.074,3908.65,72.3,19.355,49.2058,23.8
Cabo Verde,CPV,2009,0.7081,506141,60.906,3659.72,74.1,19.355,21.7497,22.1
Cabo Verde,CPV,2010,0.7498,509784,61.797,3579.46,81.1,19.355,33.2874,21.2
Cabo Verde,CPV,2011,0.8717,511447,62.742,4002.01,82.3,19.603,40.1341,20.8
Cabo Verde,CPV,2012,0.748,511955,63.726,3736.82,83.2,19.603,25.0558,24.3
Cabo Verde,CPV,2013,0.7315,512225,64.749,3960.98,84.3,19.603,16.5579,25.9
Cabo Verde,CPV,2014,0.7741,512326,65.809,3985.61,85.3,19.603,12.0094,26.1
Cabo Verde,CPV,2015,0.7908,512394,66.905,3415.06,86.4,19.603,9.4981,26.4
Cabo Verde,CPV,2016,0.8304,512554,68.035,3608.97,87.5,19.603,10.1923,23.9
Cabo Verde,CPV,2017,0.8881,512893,69.2,3893.1,88.6,19.603,12.3203,21.8
Cabo Verde,CPV,2018,0.7961,513415,70.397,4294.97,90.2,19.603,14.3437,21.9
Cabo Verde,CPV,2019,0.8379,514104,71.625,4380.78,91.4,19.603,13.1611,19.7
Cabo Verde,CPV,2020,0.6283,514679,72.884,3539.23,93.7,19.603,11.5828,23.4
Cabo Verde,CPV,2021,0.6479,516649,74.161,3971.44,95.5,19.603,17.6577,22.6
Cabo Verde,CPV,2022,0.6801,519741,75.034,4323.31,97.1,19.603,,21.8
Cabo Verde,CPV,2023,0.6508,522331,75.906,4794.9,98.6,19.603,,
Cambodia,KHM,2000,2.0014,12462336,18.624,296.43,16.6,27.022,2.469,81.6
Cambodia,KHM,2001,2.1876,12658484,18.719,327.5,9.5,27.702,2.5309,80.5
Cambodia,KHM,2002,2.2479,12855241,18.804,350.15,13.1,28.325,2.5955,81.0
Cambodia,KHM,2003,2.4181,13050968,18.888,386.69,19.3,28.892,3.4105,79.9
Cambodia,KHM,2004,2.4195,13244731,18.981,444.2,14.2,29.628,3.2041,80.7
Cambodia,KHM,2005,2.7013,13439202,19.092,525.8,20.5,30.342,1.8088,79.2
Cambodia,KHM,2006,3.0079,13639028,19.23,612.25,27.5,30.337,1.8069,78.0
Cambodia,KHM,2007,3.6974,13841770,19.404,731.69,20.2,30.337,2.2455,74.8
Cambodia,KHM,2008,4.0975,14053479,19.657,866.28,26.4,30.337,3.0998,74.1
Cambodia,KHM,2009,4.8779,14276810,20.198,875.75,25.6,30.188,2.8628,68.0
Cambodia,KHM,2010,5.1593,14500726,21.123,952.27,31.1,30.486,2.696,64.8
Cambodia,KHM,2011,5.3651,14722584,22.382,1088.98,37.4,30.779,3.0509,64.0
Cambodia,KHM,2012,5.6329,14945085,23.941,1192.8,42.3,31.151,2.3063,64.4
Cambodia,KHM,2013,5.6951,15170208,25.764,1305.66,50.9,31.452,1.9142,65.0
Cambodia,KHM,2014,7.0334,15396772,27.818,1431.56,56.1,31.683,2.5488,63.7
Cambodia,KHM,2015,8.5196,15623251,30.067,1547.32,62.7,31.996,1.8177,60.6
Cambodia,KHM,2016,10.5961,15852803,32.477,1675.2,68.8,32.291,1.848,58.0
Cambodia,KHM,2017,11.828,16073372,35.013,1826.35,89.1,32.77,1.9374,56.3
Cambodia,KHM,2018,12.3125,16274522,37.64,2036.67,80.7,33.188,0.8782,58.1
Cambodia,KHM,2019,15.7108,16481304,39.583,2225.88,84.0,33.716,0.7145,53.0
Cambodia,KHM,2020,18.6332,16725474,39.833,2081.74,86.4,34.301,0.9394,51.4
Cambodia,KHM,2021,18.4826,16974305,40.109,2167.4,82.5,34.7,0.8353,52.4
Cambodia,KHM,2022,18.3849,17201724,40.375,2325.03,92.3,34.812,,
Cambodia,KHM,2023,18.9162,17423880,40.629,2429.75,95.0,34.865,,
Cameroon,CMR,2000,5.7263,14912631,46.245,708.57,41.0,19.378,8.3357,84.6
Cameroon,CMR,2001,5.7003,15309490,46.763,715.47,46.2,19.378,5.6844,85.3
Cameroon,CMR,2002,5.6195,15725528,47.259,789.62,44.0,19.378,5.2798,85.2
Cameroon,CMR,2003,5.736,16160340,47.733,988.24,45.1,19.378,5.0827,85.3
Cameroon,CMR,2004,5.6371,16610487,48.183,1133.39,47.1,19.483,4.7318,85.5
Cameroon,CMR,2005,5.4713,17074594,48.584,1142.62,47.2,19.49,7.3917,86.3
Cameroon,CMR,2006,5.5767,17550407,49.204,1191.45,49.0,19.49,8.5439,85.5
Cameroon,CMR,2007,6.7369,18049896,49.703,1325.67,48.2,19.49,8.9819,80.8
Cameroon,CMR,2008,7.0689,18574056,50.086,1492.14,50.6,19.596,10.0769,80.8
Cameroon,CMR,2009,7.7138,19113974,50.471,1461.39,51.7,19.701,5.8239,79.2
Cameroon,CMR,2010,7.828,19668066,50.851,1398.59,52.8,20.52,6.9204,78.7
Cameroon,CMR,2011,7.4295,20232304,51.223,1513.96,53.7,20.626,8.1642,78.6
Cameroon,CMR,2012,7.5111,20809529,51.589,1449.1,55.2,20.626,8.4058,78.6
Cameroon,CMR,2013,8.1791,21402376,51.948,1575.93,56.3,20.626,7.333,77.7
Cameroon,CMR,2014,8.8705,22059893,52.299,1649.44,56.8,20.626,7.0359,76.9
Cameroon,CMR,2015,9.1854,22763414,52.644,1415.0,58.6,20.626,5.6356,78.1
Cameroon,CMR,2016,9.7014,23454161,52.982,1441.72,59.8,20.626,5.3674,78.8
Cameroon,CMR,2017,9.8633,24128601,53.312,1496.09,60.9,20.67,6.0835,79.2
Cameroon,CMR,2018,10.5484,24806383,53.634,1610.7,62.2,20.715,6.1046,78.7
Cameroon,CMR,2019,10.2711,25506095,53.949,1555.23,63.2,20.759,5.5558,78.9
Cameroon,CMR,2020,10.388,26210558,54.256,1555.6,64.3,20.803,4.342,78.9
Cameroon,CMR,2021,10.3491,26915758,54.555,1672.33,65.4,20.848,5.526,79.2
Cameroon,CMR,2022,10.4339,27632771,54.846,1604.88,71.0,20.892,,
Cameroon,CMR,2023,10.3329,28372687,55.129,1720.48,72.0,20.937,,
Canada,CAN,2000,543.1076,30685730,78.629,24271.0,100.0,6.836,4.6075,20.3
Canada,CAN,2001,534.3756,31020855,78.841,23822.1,100.0,6.838,3.4974,19.8
Canada,CAN,2002,554.066,31359199,79.099,24256.06,100.0,6.925,2.8686,20.1
Canada,CAN,2003,573.6827,31642461,79.391,28301.91,100.0,6.909,4.1292,19.7
Canada,CAN,2004,559.7484,31938807,79.692,32145.57,100.0,6.893,4.4382,20.4
Canada,CAN,2005,582.3075,32242732,79.976,36383.97,100.0,6.877,5.5648,21.6
Canada,CAN,2006,574.6974,32571193,80.219,40504.85,100.0,6.757,4.0838,21.5
Canada,CAN,2007,594.6475,32888886,80.443,44660.08,100.0,6.693,3.9002,21.6
Canada,CAN,2008,575.4179,33247298,80.663,46710.37,100.0,6.629,5.0736,21.6
Canada,CAN,2009,542.7914,33630069,80.859,40874.96,100.0,6.565,1.923,22.2
Canada,CAN,2010,562.1099,34005902,81.012,47560.84,100.0,6.5,2.1275,21.4
Canada,CAN,2011,575.7827,34339221,81.103,52224.12,100.0,6.436,2.5935,21.5
Canada,CAN,2012,567.184,34713395,81.151,52670.14,100.0,6.444,1.4431,21.8
Canada,CAN,2013,575.2149,35080992,81.183,52637.73,100.0,6.452,1.7142,22.2
Canada,CAN,2014,580.3198,35434066,81.211,50960.89,100.0,6.459,1.6885,22.2
Canada,CAN,2015,574.3793,35704498,81.247,43594.24,100.0,6.468,0.3329,22.3
Canada,CAN,2016,574.0983,36110803,81.302,42314.1,100.0,6.475,0.7865,22.1
Canada,CAN,2017,591.893,36545075,81.402,45129.73,100.0,6.454,1.1969,22.8
Canada,CAN,2018,612.5836,37072620,81.55,46539.22,100.0,6.457,1.7982,22.3
Canada,CAN,2019,609.0758,37618495,81.736,46352.97,100.0,6.434,1.9332,22.4
Canada,CAN,2020,548.4454,38028638,81.951,43537.9,100.0,6.371,1.2418,23.9
Canada,CAN,2021,561.7344,38239864,82.178,52886.64,100.0,6.485,4.9491,23.8
Canada,CAN,2022,575.8352,38950132,82.35,56496.93,100.0,6.494,,
Canada,CAN,2023,567.0969,40049088,82.525,54847.54,100.0,6.471,,
Caribbean small states,CSS,2000,24.4719,3956229,51.426,6477.26,88.42,2.813,5.4263,11.344
Caribbean small states,CSS,2001,27.0456,3987087,51.414,6647.63,90.49,2.799,4.1406,10.463
Caribbean small states,CSS,2002,28.5475,4018796,51.378,6903.07,90.81,2.77,4.5487,10.946
Caribbean small states,CSS,2003,32.1169,4050990,51.3,7551.09,91.0,2.783,4.6739,10.027
Caribbean small states,CSS,2004,34.142,4080569,51.174,8233.61,91.29,2.758,5.2085,10.069
Caribbean small states,CSS,2005,40.3945,4049468,50.949,9439.34,90.82,2.729,7.9287,8.829
Caribbean small states,CSS,2006,43.9985,4072929,50.77,10883.05,91.95,2.727,9.0478,9.421
Caribbean small states,CSS,2007,45.2727,4098855,50.592,12134.91,93.08,2.72,8.5278,8.525
Caribbean small states,CSS,2008,44.7495,4124966,50.42,13890.13,93.44,2.722,9.1414,8.719
Caribbean small states,CSS,2009,43.4673,4146899,50.265,11554.06,92.92,2.76,8.2272,8.579
Caribbean small states,CSS,2010,47.7234,4173335,50.151,12652.57,94.18,2.765,8.6233,7.763
Caribbean small states,CSS,2011,47.3816,4201107,50.125,13503.16,94.13,2.77,13.3016,8.846
Caribbean small states,CSS,2012,45.0365,4228445,50.145,14225.61,95.25,2.753,12.2945,7.94
Caribbean small states,CSS,2013,44.4067,4257682,50.151,14575.49,95.56,2.777,11.5032,6.86
Caribbean small states,CSS,2014,44.7188,4286546,50.16,14962.94,95.84,2.788,9.056,6.016
Caribbean small states,CSS,2015,44.5063,4314191,50.168,14497.88,96.2,2.808,4.2849,6.197
Caribbean small states,CSS,2016,42.3441,4341333,50.173,13377.83,96.67,2.805,3.8213,6.683
Caribbean small states,CSS,2017,40.6885,4366140,50.178,13708.75,97.05,2.803,4.5714,7.413
Caribbean small states,CSS,2018,40.6109,4407658,50.095,13896.55,97.09,2.803,5.5016,7.197
Caribbean small states,CSS,2019,42.5457,4443134,50.061,13995.76,97.37,2.808,5.1652,5.888
Caribbean small states,CSS,2020,38.9781,4459302,50.115,11961.41,97.93,2.715,4.0179,6.288
Caribbean small states,CSS,2021,38.2453,4479167,50.124,13996.45,98.17,2.718,7.8879,
Caribbean small states,CSS,2022,38.6415,4497310,50.131,17449.52,98.31,2.703,,
Caribbean small states,CSS,2023,36.8124,4519904,50.102,17609.68,99.17,2.702,,
Cayman Islands,CYM,2000,0.1321,39674,100.0,,100.0,11.25,,0.0
Cayman Islands,CYM,2001,0.1308,41089,100.0,,100.0,11.25,,0.0
Cayman Islands,CYM,2002,0.1432,42514,100.0,,100.0,11.25,,0.0
Cayman Islands,CYM,2003,0.1508,43934,100.0,,100.0,11.25,,0.0
Cayman Islands,CYM,2004,0.1399,45352,100.0,,100.0,11.25,,0.0
Cayman Islands,CYM,2005,0.1471,46788,100.0,,100.0,11.25,,0.0
Cayman Islands,CYM,2006,0.1645,48232,100.0,87085.09,100.0,11.25,0.0,0.0
Cayman Islands,CYM,2007,0.2054,49687,100.0,89888.26,100.0,11.25,0.0,0.0
Cayman Islands,CYM,2008,0.2229,51151,100.0,89655.12,100.0,11.25,0.0,0.0
Cayman Islands,CYM,2009,0.2276,52618,100.0,81373.57,100.0,11.25,0.0,0.0
Cayman Islands,CYM,2010,0.2472,54099,100.0,76837.67,100.0,11.25,0.0,0.0
Cayman Islands,CYM,2011,0.1996,55606,100.0,75280.96,100.0,11.25,0.0,0.0
Cayman Islands,CYM,2012,0.191,57136,100.0,75101.59,100.0,11.25,0.0,0.0
Cayman Islands,CYM,2013,0.2167,58655,100.0,75113.73,100.0,11.25,0.0,0.0
Cayman Islands,CYM,2014,0.2321,60160,100.0,75845.31,100.0,11.25,0.0,0.0
Cayman Islands,CYM,2015,0.2509,61642,100.0,76379.21,100.0,11.25,0.0,0.0
Cayman Islands,CYM,2016,0.2632,63100,100.0,77802.25,100.0,11.25,0.0,0.0
Cayman Islands,CYM,2017,0.281,64535,100.0,80053.94,100.0,11.25,0.0,0.0
Cayman Islands,CYM,2018,0.3092,65941,100.0,83865.55,100.0,11.25,0.0,0.0
Cayman Islands,CYM,2019,0.3935,67327,100.0,88254.29,100.0,11.25,0.0,0.0
Cayman Islands,CYM,2020,0.3319,68684,100.0,82338.8,100.0,11.25,0.0,0.0
Cayman Islands,CYM,2021,0.3141,70108,100.0,86449.67,100.0,11.25,0.0,0.0
Cayman Islands,CYM,2022,0.3582,71591,100.0,92937.88,100.0,11.25,,0.0
Cayman Islands,CYM,2023,0.3594,73038,100.0,100065.23,100.0,11.25,,
Central African Republic,CAF,2000,0.2564,3833416,37.701,239.15,6.0,7.98,11.1835,88.9
Central African Republic,CAF,2001,0.2732,3919487,37.756,237.95,5.7,7.979,10.8709,88.9
Central African Republic,CAF,2002,0.2792,4006077,37.817,248.64,6.1,7.98,11.3592,89.2
Central African Republic,CAF,2003,0.2644,4103086,37.886,278.4,6.6,7.957,11.7036,90.2
Central African Republic,CAF,2004,0.2563,4192826,37.963,303.46,7.0,7.952,8.1683,90.6
Central African Republic,CAF,2005,0.2526,4288810,38.045,311.95,7.4,7.949,8.6353,91.0
Central African Republic,CAF,2006,0.2678,4377579,38.134,333.94,7.8,7.941,10.0149,90.8
Central African Republic,CAF,2007,0.2682,4462770,38.234,380.89,8.4,7.947,9.9477,90.9
Central African Republic,CAF,2008,0.2005,4558984,38.347,437.25,7.5,7.948,11.7427,93.6
Central African Republic,CAF,2009,0.1956,4529047,38.477,456.47,9.4,7.938,8.7636,93.9
Central African Republic,CAF,2010,0.1999,4492995,38.624,476.87,9.8,7.897,7.8986,93.8
Central African Republic,CAF,2011,0.2175,4565021,38.803,534.06,10.4,7.848,8.4505,93.3
Central African Republic,CAF,2012,0.2211,4610848,39.03,544.4,11.0,7.852,9.1677,93.1
Central African Republic,CAF,2013,0.1488,4642419,39.304,364.37,11.5,7.861,13.2957,95.1
Central African Republic,CAF,2014,0.1617,4623182,39.623,409.85,12.0,7.878,11.2661,94.8
Central African Republic,CAF,2015,0.2334,4629320,39.982,366.32,12.7,7.894,12.6926,92.9
Central African Republic,CAF,2016,0.2515,4713663,40.381,387.18,13.4,7.893,13.0583,92.1
Central African Republic,CAF,2017,0.2647,4793511,40.815,432.32,14.1,7.894,13.4176,91.6
Central African Republic,CAF,2018,0.2935,4878657,41.282,455.24,14.6,8.302,11.1787,91.4
Central African Republic,CAF,2019,0.3024,4944703,41.78,449.23,14.3,8.819,9.8111,91.3
Central African Republic,CAF,2020,0.3184,5026628,42.305,462.88,15.4,8.969,9.8853,90.9
Central African Republic,CAF,2021,0.3227,5112100,42.855,492.26,15.7,9.005,10.2602,90.9
Central African Republic,CAF,2022,0.3225,5098039,43.275,467.36,15.7,9.042,,90.9
Central African Republic,CAF,2023,0.3325,5152421,43.698,495.98,17.6,9.099,,
Central Europe and the Baltics,CEB,2000,763.3539,108447824,61.441,3880.43,97.93,53.49,0.9504,9.935
Central Europe and the Baltics,CEB,2001,775.6212,107660041,61.53,4274.13,98.02,52.071,1.0332,9.887
Central Europe and the Baltics,CEB,2002,759.1385,106959751,61.584,4843.41,98.14,50.434,0.7544,10.165
Central Europe and the Baltics,CEB,2003,792.1923,106624167,61.571,5828.3,98.19,49.596,0.7274,10.275
Central Europe and the Baltics,CEB,2004,789.9191,106331716,61.575,7046.22,98.27,48.847,1.1214,10.785
Central Europe and the Baltics,CEB,2005,789.1314,106041911,61.668,8223.1,98.32,48.883,0.9744,11.281
Central Europe and the Baltics,CEB,2006,812.5037,105772481,61.76,9337.74,98.42,48.732,1.2072,11.106
Central Europe and the Baltics,CEB,2007,817.8028,105378748,61.763,11906.5,98.53,47.769,1.0572,11.386
Central Europe and the Baltics,CEB,2008,797.0404,105001883,61.875,14534.25,98.67,47.995,1.5532,12.178
Central Europe and the Baltics,CEB,2009,729.2116,104800475,61.907,12302.06,98.86,47.916,0.8975,13.739
Central Europe and the Baltics,CEB,2010,758.7273,104421447,61.983,12635.78,98.96,47.052,2.2003,14.572
Central Europe and the Baltics,CEB,2011,760.4139,104174038,62.006,13997.33,99.07,47.214,2.8608,14.75
Central Europe and the Baltics,CEB,2012,733.1181,103929494,61.974,13104.09,99.2,46.88,2.0699,15.693
Central Europe and the Baltics,CEB,2013,708.4555,103570062,61.962,13712.71,99.31,46.957,1.768,16.661
Central Europe and the Baltics,CEB,2014,690.2771,103280478,61.963,14208.44,99.41,46.862,1.6316,17.07
Central Europe and the Baltics,CEB,2015,700.9642,102973167,61.971,12596.92,99.54,46.955,0.8256,17.159
Central Europe and the Baltics,CEB,2016,710.971,102647939,61.903,12874.73,99.65,46.683,1.016,16.858
Central Europe and the Baltics,CEB,2017,738.0502,102337501,61.872,14339.85,99.87,46.634,1.4687,16.47
Central Europe and the Baltics,CEB,2018,735.7865,102074201,61.811,16227.28,99.88,46.721,1.3782,18.148
Central Europe and the Baltics,CEB,2019,698.4137,101864274,61.745,16534.97,99.95,47.161,0.5876,18.86
Central Europe and the Baltics,CEB,2020,653.5479,101215763,61.632,16581.38,99.98,46.303,0.4761,19.698
Central Europe and the Baltics,CEB,2021,703.934,100205732,61.549,19224.33,99.99,46.189,0.787,
Central Europe and the Baltics,CEB,2022,677.6702,100071871,61.594,19526.25,100.0,45.486,,
Central Europe and the Baltics,CEB,2023,610.246,100183707,61.697,22693.95,100.0,45.852,,
Chad,TCD,2000,0.2404,8512093,21.653,163.12,3.1,38.62,10.5735,88.7
Chad,TCD,2001,0.2432,8804124,21.678,194.32,3.4,38.699,8.365,88.6
Chad,TCD,2002,0.2635,9116192,21.701,219.06,3.8,38.699,8.6519,88.5
Chad,TCD,2003,0.3973,9487833,21.721,289.09,4.1,38.779,14.3393,83.9
Chad,TCD,2004,0.4555,9920036,21.738,445.85,3.5,38.779,34.9264,84.0
Chad,TCD,2005,0.4809,10328092,21.752,838.09,4.8,38.858,36.3206,83.8
Chad,TCD,2006,0.4975,10706424,21.763,906.9,5.1,38.858,34.2599,83.7
Chad,TCD,2007,0.568,11081660,21.771,980.48,5.5,38.859,33.0605,82.4
Chad,TCD,2008,0.4847,11476296,21.776,1166.37,5.9,38.859,33.9196,79.8
Chad,TCD,2009,0.4976,11893754,21.778,1035.64,6.3,38.941,19.3964,79.4
Chad,TCD,2010,0.5246,12312575,21.847,1141.8,6.4,39.1,23.7814,79.2
Chad,TCD,2011,0.6836,12754997,21.956,1308.14,9.0,39.18,28.1688,80.7
Chad,TCD,2012,1.2091,13210998,22.106,1354.34,7.8,39.458,24.7934,76.1
Chad,TCD,2013,1.3153,13691079,22.298,1304.89,8.1,39.736,20.0436,72.6
Chad,TCD,2014,1.4041,14188678,22.529,1278.79,8.4,39.895,15.6882,72.5
Chad,TCD,2015,1.6134,14647621,22.801,993.99,7.7,39.896,11.9712,72.7
Chad,TCD,2016,1.6907,15114655,23.112,861.83,9.2,39.976,13.1101,72.7
Chad,TCD,2017,2.2104,15622759,23.461,854.46,10.9,39.976,16.8846,72.8
Chad,TCD,2018,2.4139,16156531,23.849,948.66,10.1,39.976,20.9399,73.1
Chad,TCD,2019,2.3645,16685223,24.273,893.34,8.4,39.976,19.65,72.8
Chad,TCD,2020,2.4133,17224679,24.734,866.95,10.9,39.976,13.9331,71.9
Chad,TCD,2021,2.7311,17828273,25.231,946.36,11.3,39.976,21.3429,69.9
Chad,TCD,2022,2.865,18455316,25.764,966.04,11.7,39.976,,70.0
Chad,TCD,2023,2.9088,19319064,26.331,949.99,12.0,39.976,,
Channel Islands,CHI,2000,,148110,30.457,43479.19,100.0,39.899,0.0,
Channel Islands,CHI,2001,,148850,30.492,41873.74,100.0,37.879,0.0,
Channel Islands,CHI,2002,,149881,30.575,44459.73,100.0,37.374,0.0,
Channel Islands,CHI,2003,,150960,30.715,48570.78,100.0,37.374,0.0,
Channel Islands,CHI,2004,,152039,30.896,56259.53,100.0,37.879,0.0,
Channel Islands,CHI,2005,,153126,31.107,57647.12,100.0,38.384,0.0,
Channel Islands,CHI,2006,,154214,31.335,62745.1,100.0,42.424,0.0,
Channel Islands,CHI,2007,,155309,31.569,74139.98,100.0,41.414,0.0,
Channel Islands,CHI,2008,,156408,31.797,,100.0,40.909,,
Channel Islands,CHI,2009,,157511,32.007,57778.54,100.0,44.444,,
Channel Islands,CHI,2010,,158621,32.187,56123.46,100.0,46.01,,
Channel Islands,CHI,2011,,159706,32.326,60415.26,100.0,48.535,,
Channel Islands,CHI,2012,,160767,32.441,58809.57,100.0,48.283,,
Channel Islands,CHI,2013,,161777,32.543,59308.47,100.0,47.778,,
Channel Islands,CHI,2014,,162726,32.628,64697.55,100.0,48.081,,
Channel Islands,CHI,2015,,163454,32.691,61847.82,100.0,46.768,,
Channel Islands,CHI,2016,,163883,32.743,55947.58,100.0,46.919,,
Channel Islands,CHI,2017,,164319,32.785,55806.36,100.0,46.566,,
Channel Islands,CHI,2018,,164949,32.813,60784.81,100.0,43.283,,
Channel Islands,CHI,2019,,165639,32.824,60564.63,100.0,43.283,,
Channel Islands,CHI,2020,,166235,32.825,56785.94,100.0,43.283,,
Channel Islands,CHI,2021,,166741,32.815,66915.4,100.0,43.283,,
Channel Islands,CHI,2022,,167215,32.792,67627.14,100.0,,,
Channel Islands,CHI,2023,,167691,32.755,74585.52,100.0,,,
Chile,CHL,2000,53.8569,15503635,86.271,5052.99,97.9,20.322,4.8709,31.4
Chile,CHL,2001,51.6629,15683849,86.491,4563.6,97.1,20.376,3.9402,32.1
Chile,CHL,2002,52.1984,15857925,86.611,4430.85,97.3,20.934,3.6966,33.1
Chile,CHL,2003,54.1255,16024752,86.679,4773.4,98.8,20.746,5.0116,31.6
Chile,CHL,2004,58.5003,16187322,86.734,6120.59,97.5,21.431,9.5667,31.4
Chile,CHL,2005,59.1432,16348778,86.777,7480.32,97.7,21.364,9.7963,32.3
Chile,CHL,2006,60.3603,16509195,86.813,9318.66,99.4,21.25,17.3488,32.9
Chile,CHL,2007,67.7521,16671581,86.845,10346.41,98.0,21.158,17.1518,30.5
Chile,CHL,2008,71.324,16838988,86.877,10683.22,98.2,20.736,13.8254,30.8
Chile,CHL,2009,68.2258,17009731,86.912,10098.8,99.6,20.314,8.792,31.5
Chile,CHL,2010,72.323,17181464,86.956,12632.87,99.5,19.795,11.9882,27.0
Chile,CHL,2011,79.0753,17351816,87.011,14487.39,99.6,19.391,12.1645,28.8
Chile,CHL,2012,81.3485,17519119,87.082,15241.91,100.0,18.879,9.0544,30.3
Chile,CHL,2013,85.4109,17687006,87.183,15683.55,99.6,18.448,7.6623,30.2
Chile,CHL,2014,78.7046,17864195,87.313,14529.68,100.0,18.0,6.8778,27.0
Chile,CHL,2015,84.3798,18047625,87.465,13433.92,99.7,17.565,4.0446,25.1
Chile,CHL,2016,88.8653,18267221,87.631,13649.85,100.0,17.026,3.2057,24.6
Chile,CHL,2017,89.7525,18558868,87.8,14879.91,99.7,16.575,5.3026,24.1
Chile,CHL,2018,89.8194,18893191,87.962,15659.48,100.0,16.016,5.8371,25.5
Chile,CHL,2019,95.2476,19197744,88.127,14496.93,100.0,15.435,2.5689,25.3
Chile,CHL,2020,87.5108,19370624,88.295,13117.99,100.0,14.903,5.4872,26.7
Chile,CHL,2021,89.1084,19456334,88.466,16216.18,100.0,14.563,16.9044,24.2
Chile,CHL,2022,90.4279,19553036,88.64,15399.1,100.0,14.32,,
Chile,CHL,2023,77.0074,19658835,88.816,17081.52,100.0,14.401,,
China,CHN,2000,3647.8773,1262645000,36.432,969.2,96.7,55.695,2.6977,29.6
China,CHN,2001,3825.0579,1271850000,37.66,1065.41,97.0,55.758,2.5924,28.4
China,CHN,2002,4133.073,1280400000,39.09,1163.56,97.2,55.821,1.9563,27.0
China,CHN,2003,4773.1082,1288400000,40.53,1306.97,97.4,55.884,2.0179,23.9
China,CHN,2004,5496.262,1296075000,41.76,1530.93,97.7,55.948,4.7249,20.2
China,CHN,2005,6235.6852,1303720000,42.99,1777.64,97.9,56.011,5.1028,17.4
China,CHN,2006,6922.8741,1311020000,44.343,2129.26,98.2,56.074,5.5212,16.4
China,CHN,2007,7522.0032,1317885000,45.889,2734.73,98.5,56.137,6.3279,14.9
China,CHN,2008,7752.2237,1324655000,46.99,3523.44,98.8,56.201,9.6484,14.1
China,CHN,2009,8319.1638,1331260000,48.342,3898.24,99.1,56.264,3.9178,13.4
China,CHN,2010,9106.0051,1337705000,49.234,4629.25,99.7,56.183,6.2867,12.3
China,CHN,2011,9955.7482,1345035000,51.83,5703.76,99.9,56.104,7.6852,11.3
China,CHN,2012,10270.741,1354190000,53.1,6405.06,99.9,56.024,4.0885,11.5
China,CHN,2013,10760.43,1363240000,54.49,7147.04,100.0,55.943,2.9831,11.5
China,CHN,2014,10881.1042,1371860000,55.75,7781.07,100.0,55.863,2.3101,11.9
China,CHN,2015,10749.8966,1379860000,57.33,8175.33,100.0,55.783,1.1748,12.2
China,CHN,2016,10773.7258,1387790000,58.84,8254.87,100.0,55.703,1.0525,12.6
China,CHN,2017,10999.4188,1396215000,60.24,8979.68,100.0,55.623,1.3142,13.1
China,CHN,2018,11527.5117,1402760000,61.5,10085.66,100.0,55.543,1.4252,13.5
China,CHN,2019,11813.0582,1407745000,62.71,10342.9,100.0,55.463,1.2669,14.3
China,CHN,2020,11964.1285,1411100000,63.523,10627.46,100.0,55.453,0.8638,14.9
China,CHN,2021,12551.8645,1412360000,64.721,12887.44,100.0,55.443,1.7076,15.2
China,CHN,2022,12518.6844,1412175000,65.218,12970.61,100.0,55.433,,
China,CHN,2023,13021.242,1410710000,65.53,12951.18,100.0,55.433,,
Colombia,COL,2000,63.4164,39089934,74.349,2555.01,95.2,40.432,5.7924,27.9
Colombia,COL,2001,63.0335,39709262,74.794,2472.99,98.5,37.625,3.8983,27.1
Colombia,COL,2002,60.5863,40324680,75.192,2428.93,94.9,37.501,3.9501,28.6
Colombia,COL,2003,60.0512,40937429,75.534,2311.94,95.1,37.901,4.563,30.6
Colombia,COL,2004,60.0947,41543171,75.808,2818.57,95.3,38.207,5.9281,29.0
Colombia,COL,2005,61.8883,42128977,76.005,3456.07,96.8,38.357,6.2612,28.9
Colombia,COL,2006,59.0498,42691084,76.162,3789.85,95.7,38.012,7.2906,30.6
Colombia,COL,2007,61.245,43235374,76.314,4769.93,96.0,38.248,6.6998,31.0
Colombia,COL,2008,61.1976,43758808,76.46,5541.84,96.8,38.408,8.7882,30.8
Colombia,COL,2009,65.3215,44271541,76.596,5250.97,96.1,38.342,4.857,31.4
Colombia,COL,2010,68.1511,44777319,76.723,6398.3,96.8,38.308,6.7011,30.6
Colombia,COL,2011,73.1683,45259614,76.839,7400.99,96.7,37.603,9.8605,29.6
Colombia,COL,2012,73.6027,45715810,76.942,8108.6,97.0,38.412,8.2968,29.6
Colombia,COL,2013,83.6349,46151584,77.032,8279.1,97.8,40.393,7.3843,32.0
Colombia,COL,2014,84.9188,46565429,77.106,8187.21,97.8,40.379,6.5306,32.1
Colombia,COL,2015,86.2165,46969940,77.164,6248.51,98.2,40.364,3.7059,31.1
Colombia,COL,2016,88.4935,47437512,77.204,5959.84,98.4,40.35,3.0995,30.5
Colombia,COL,2017,80.9994,48131078,77.225,6479.53,98.5,39.195,3.7282,32.2
Colombia,COL,2018,85.3965,49024465,77.28,6816.97,98.5,39.701,4.9403,30.4
Colombia,COL,2019,86.0607,49907985,77.46,6472.55,99.4,39.977,4.3043,31.5
Colombia,COL,2020,84.3026,50629997,77.638,5339.69,99.7,39.847,2.5512,32.0
Colombia,COL,2021,92.1683,51188173,77.834,6222.62,100.0,38.769,5.324,29.7
Colombia,COL,2022,88.3446,51737944,78.046,6680.45,100.0,37.641,,
Colombia,COL,2023,92.7973,52321152,78.276,7012.49,98.7,36.488,,
Comoros,COM,2000,0.0901,536080,28.036,633.31,39.8,68.78,1.3995,69.9
Comoros,COM,2001,0.0971,547220,27.99,681.16,42.0,69.855,1.2734,69.5
Comoros,COM,2002,0.1004,558923,27.959,764.61,44.8,70.392,1.3751,70.3
Comoros,COM,2003,0.1304,569798,27.945,959.69,46.5,70.93,1.6554,64.4
Comoros,COM,2004,0.1402,580704,27.96,1072.28,48.7,71.467,1.2326,63.5
Comoros,COM,2005,0.1357,592677,28.017,1105.79,51.0,71.467,1.2973,65.7
Comoros,COM,2006,0.1617,604753,28.114,1138.48,53.2,71.467,1.2653,61.8
Comoros,COM,2007,0.1071,616927,28.249,1289.74,55.5,71.467,1.5834,74.4
Comoros,COM,2008,0.1066,629307,28.419,1455.03,57.8,71.467,1.7167,73.4
Comoros,COM,2009,0.1327,641947,28.622,1410.31,60.1,71.467,1.7491,68.5
Comoros,COM,2010,0.1559,654836,28.854,1386.58,69.7,71.467,1.5934,66.0
Comoros,COM,2011,0.1408,668056,29.114,1531.44,69.3,71.467,1.6335,69.0
Comoros,COM,2012,0.1454,681630,29.398,1490.31,69.3,71.467,1.9165,68.3
Comoros,COM,2013,0.1746,696192,29.704,1603.33,69.4,71.467,1.8411,63.6
Comoros,COM,2014,0.1545,711503,30.03,1615.72,71.8,71.467,1.977,68.0
Comoros,COM,2015,0.1712,726682,30.373,1329.37,74.1,71.467,2.4658,67.0
Comoros,COM,2016,0.2004,741741,30.731,1365.48,76.4,71.467,2.5068,64.0
Comoros,COM,2017,0.2607,756669,31.1,1423.92,78.7,71.467,2.3639,59.5
Comoros,COM,2018,0.2073,771590,31.407,1540.71,81.0,71.467,1.5519,57.7
Comoros,COM,2019,0.226,786578,31.729,1519.26,83.3,71.467,1.4865,55.3
Comoros,COM,2020,0.2687,802163,32.064,1527.17,85.6,71.467,1.5992,50.8
Comoros,COM,2021,0.3972,818174,32.412,1587.73,87.9,71.467,1.6284,41.2
Comoros,COM,2022,0.4298,834188,32.775,1533.88,89.9,71.467,,39.3
Comoros,COM,2023,0.4383,850387,33.15,1723.89,89.8,71.467,,
"Congo, Dem. Rep.",COD,2000,1.8775,50507442,34.901,377.93,6.7,11.292,7.5113,97.9
"Congo, Dem. Rep.",COD,2001,1.8252,52132646,35.415,142.68,7.1,11.27,18.42,98.3
"Congo, Dem. Rep.",COD,2002,1.9148,53750524,35.937,162.38,7.7,11.27,18.8677,98.3
"Congo, Dem. Rep.",COD,2003,2.3194,55343867,36.465,161.49,8.3,11.27,29.5534,98.0
"Congo, Dem. Rep.",COD,2004,2.2153,56997741,37.0,180.66,9.0,11.27,24.0864,97.9
"Congo, Dem. Rep.",COD,2005,2.4833,58775724,37.402,214.54,6.0,11.27,23.7429,97.4
"Congo, Dem. Rep.",COD,2006,2.5521,60615908,37.802,255.45,10.2,11.286,24.0258,97.3
"Congo, Dem. Rep.",COD,2007,2.8192,62477752,38.202,294.1,15.2,11.314,25.7637,97.2
"Congo, Dem. Rep.",COD,2008,2.8927,64390664,38.6,352.9,11.6,11.336,28.4584,97.0
"Congo, Dem. Rep.",COD,2009,2.8105,66412044,38.996,280.18,12.3,11.86,28.2618,97.0
"Congo, Dem. Rep.",COD,2010,2.9456,68563038,39.391,352.4,13.0,12.54,25.9609,96.8
"Congo, Dem. Rep.",COD,2011,3.369,70849311,39.785,372.51,13.7,13.072,28.883,96.2
"Congo, Dem. Rep.",COD,2012,3.0164,73254618,40.177,409.93,15.4,13.624,27.123,95.5
"Congo, Dem. Rep.",COD,2013,3.3303,75789395,40.568,460.37,15.2,13.864,25.7462,93.9
"Congo, Dem. Rep.",COD,2014,3.7162,78403242,40.956,489.18,13.5,14.225,24.5569,92.9
"Congo, Dem. Rep.",COD,2015,3.5927,81035531,41.344,495.83,16.6,14.314,20.1094,95.8
"Congo, Dem. Rep.",COD,2016,2.9906,83956415,41.729,459.77,17.3,14.412,20.5721,97.0
"Congo, Dem. Rep.",COD,2017,3.2547,87083398,42.113,431.05,18.0,14.684,24.7657,96.7
"Congo, Dem. Rep.",COD,2018,4.1619,90047644,42.495,518.17,18.7,14.828,18.4168,96.4
"Congo, Dem. Rep.",COD,2019,4.4459,92947442,42.875,504.0,19.1,14.926,12.7501,96.3
"Congo, Dem. Rep.",COD,2020,4.6314,95989998,43.253,486.43,20.1,14.943,15.9282,96.2
"Congo, Dem. Rep.",COD,2021,4.6277,99148932,43.629,595.74,20.8,14.945,38.8273,96.3
"Congo, Dem. Rep.",COD,2022,6.2475,102396968,44.003,687.74,21.5,15.304,,
"Congo, Dem. Rep.",COD,2023,6.1404,105789731,44.375,660.21,22.1,15.481,,
"Congo, Rep.",COG,2000,4.5119,3151345,58.895,1024.3,29.4,30.864,59.6839,64.9
"Congo, Rep.",COG,2001,4.3989,3272537,59.442,854.6,30.3,30.865,48.0985,61.2
"Congo, Rep.",COG,2002,2.8595,3350771,59.972,905.54,31.2,30.863,46.645,68.6
"Congo, Rep.",COG,2003,3.5666,3445753,60.469,1016.82,32.1,30.864,39.3173,62.1
"Congo, Rep.",COG,2004,3.6199,3565554,60.921,1306.1,33.0,30.873,40.082,63.1
"Congo, Rep.",COG,2005,4.3306,3696393,61.31,1799.05,33.8,30.88,48.0989,63.1
"Congo, Rep.",COG,2006,4.8177,3837409,61.624,2103.58,34.9,30.89,53.3148,69.3
"Congo, Rep.",COG,2007,4.2647,3980430,61.85,2206.47,35.8,30.891,47.4871,60.2
"Congo, Rep.",COG,2008,4.4322,4113517,62.035,2832.09,36.8,30.893,52.6445,56.8
"Congo, Rep.",COG,2009,4.9164,4281219,62.217,2271.15,37.1,30.932,35.5779,55.9
"Congo, Rep.",COG,2010,5.2916,4462290,62.392,2946.56,40.0,30.968,43.9398,54.5
"Congo, Rep.",COG,2011,4.8514,4609724,62.56,3396.17,40.8,31.03,51.8437,64.3
"Congo, Rep.",COG,2012,4.4794,4740450,62.719,3732.33,41.6,31.045,41.3573,65.1
"Congo, Rep.",COG,2013,5.4392,4857099,62.868,3697.42,42.5,31.13,33.1448,62.3
"Congo, Rep.",COG,2014,5.2771,4975880,63.008,3601.24,43.4,31.132,27.6582,62.1
"Congo, Rep.",COG,2015,5.7506,5097581,63.136,2439.35,44.3,31.108,15.8857,64.2
"Congo, Rep.",COG,2016,5.5904,5222536,63.252,2093.11,45.3,31.114,17.0,67.7
"Congo, Rep.",COG,2017,5.5312,5351011,63.354,2211.63,46.2,31.117,29.8064,69.8
"Congo, Rep.",COG,2018,6.422,5483118,63.443,2694.43,47.0,31.132,42.6682,70.6
"Congo, Rep.",COG,2019,7.2394,5616661,63.518,2488.42,47.7,31.209,39.243,69.8
"Congo, Rep.",COG,2020,7.403,5752791,63.576,1993.59,48.7,31.165,26.2181,71.4
"Congo, Rep.",COG,2021,7.108,5892183,63.618,2516.16,49.7,31.252,37.7125,71.4
"Congo, Rep.",COG,2022,8.3582,6035104,63.642,2620.84,50.6,31.19,,
"Congo, Rep.",COG,2023,7.8674,6182885,63.663,2477.98,51.3,31.19,,
Costa Rica,CRI,2000,5.1314,3937739,59.046,3812.75,96.9,36.036,1.0144,33.0
Costa Rica,CRI,2001,5.5322,4008947,60.143,3985.13,98.2,35.899,1.0512,32.1
Costa Rica,CRI,2002,5.6463,4075705,61.279,4067.72,98.5,35.762,0.9811,32.5
Costa Rica,CRI,2003,6.0688,4138784,62.452,4173.15,98.7,35.821,1.0204,33.3
Costa Rica,CRI,2004,6.1802,4200078,63.66,4431.01,99.0,35.684,1.0011,39.2
Costa Rica,CRI,2005,6.3561,4261240,64.9,4703.01,99.1,35.351,1.1214,41.7
Costa Rica,CRI,2006,6.9054,4321340,66.17,5256.6,99.1,35.546,1.492,42.4
Costa Rica,CRI,2007,7.7137,4380248,67.469,6137.71,99.2,35.253,1.6384,41.2
Costa Rica,CRI,2008,7.6303,4440056,68.793,6937.24,99.3,35.116,1.4865,40.7
Costa Rica,CRI,2009,7.3188,4499791,70.14,6832.7,99.4,35.566,1.2301,40.7
Costa Rica,CRI,2010,7.2362,4555962,71.508,8265.79,99.0,35.625,1.6272,40.4
Costa Rica,CRI,2011,7.6984,4609833,72.843,9276.39,99.2,35.625,1.2638,38.0
Costa Rica,CRI,2012,7.6394,4663934,73.39,10127.0,99.5,35.488,1.2426,38.1
Costa Rica,CRI,2013,7.9353,4716147,73.943,10803.24,99.6,35.272,1.3412,37.8
Costa Rica,CRI,2014,8.0462,4767119,74.487,10911.5,99.4,34.959,1.3877,37.6
Costa Rica,CRI,2015,7.7578,4818038,75.02,11714.71,99.4,34.453,1.134,38.3
Costa Rica,CRI,2016,8.2325,4866998,75.542,12091.03,99.5,34.131,1.2332,34.1
Costa Rica,CRI,2017,8.396,4913177,76.054,12317.09,99.6,33.809,1.1338,33.3
Costa Rica,CRI,2018,8.4405,4957818,76.554,12620.02,99.7,33.72,0.9455,33.1
Costa Rica,CRI,2019,8.193,4999553,77.044,12951.86,99.7,33.631,0.7597,33.4
Costa Rica,CRI,2020,7.1754,5034320,77.521,12475.69,99.9,33.541,0.9047,36.4
Costa Rica,CRI,2021,8.0531,5059988,77.987,12962.27,100.0,33.343,0.7634,34.2
Costa Rica,CRI,2022,8.1977,5081765,78.441,13971.76,100.0,33.144,,
Costa Rica,CRI,2023,8.0978,5105525,78.882,17140.77,100.0,33.144,,
Cote d'Ivoire,CIV,2000,6.9672,17699004,43.084,936.64,48.7,62.125,2.8621,63.7
Cote d'Ivoire,CIV,2001,6.987,18178913,43.467,924.73,49.7,60.584,2.3221,64.7
Cote d'Ivoire,CIV,2002,7.3874,18654771,43.859,967.82,51.4,60.96,2.4589,65.3
Cote d'Ivoire,CIV,2003,5.8144,19125542,44.259,1111.17,51.5,61.085,2.6488,70.3
Cote d'Ivoire,CIV,2004,5.9957,19595000,44.667,1199.83,52.4,63.404,2.4932,75.4
Cote d'Ivoire,CIV,2005,6.3955,20068458,45.082,1197.75,58.9,64.166,3.712,77.9
Cote d'Ivoire,CIV,2006,6.2787,20546802,45.504,1230.43,60.2,65.036,5.6016,74.8
Cote d'Ivoire,CIV,2007,6.2349,21030558,45.93,1367.54,55.3,66.061,4.9839,76.3
Cote d'Ivoire,CIV,2008,6.9185,21514439,46.362,1583.97,60.3,65.796,5.562,74.2
Cote d'Ivoire,CIV,2009,6.4113,21997940,46.798,1540.45,57.3,65.698,3.8732,73.7
Cote d'Ivoire,CIV,2010,7.3149,22488065,47.237,1553.55,58.4,65.736,4.3301,75.4
Cote d'Ivoire,CIV,2011,7.0784,22982000,47.68,1596.63,55.8,66.2,5.5324,79.1
Cote d'Ivoire,CIV,2012,9.0202,23467078,48.124,1546.95,55.8,68.964,5.3676,74.9
Cote d'Ivoire,CIV,2013,9.801,23939775,48.57,1786.16,61.5,70.887,4.155,72.2
Cote d'Ivoire,CIV,2014,10.4591,24527395,49.017,1991.37,61.9,72.592,3.4194,71.9
Cote d'Ivoire,CIV,2015,11.265,25246342,49.469,1814.72,62.6,76.937,3.0726,64.5
Cote d'Ivoire,CIV,2016,11.4035,25989405,49.93,1862.6,64.3,75.427,3.2305,64.0
Cote d'Ivoire,CIV,2017,12.33,26733372,50.398,1964.3,65.6,77.704,3.3888,62.5
Cote d'Ivoire,CIV,2018,12.3432,27464173,50.872,2130.87,67.1,81.342,3.11,60.5
Cote d'Ivoire,CIV,2019,13.1832,28193009,51.351,2141.77,68.6,81.525,2.9583,61.1
Cote d'Ivoire,CIV,2020,13.2881,28915449,51.836,2179.73,69.9,82.626,2.5916,61.8
Cote d'Ivoire,CIV,2021,17.2006,29639736,52.318,2455.98,71.1,84.393,4.735,58.2
Cote d'Ivoire,CIV,2022,18.4103,30395002,52.849,2333.37,70.4,84.157,,
Cote d'Ivoire,CIV,2023,17.925,31165654,53.408,2591.97,72.4,86.476,,
Croatia,HRV,2000,19.378,4468302,55.682,4953.58,100.0,20.908,1.0816,26.8
Croatia,HRV,2001,20.5434,4299642,55.691,5364.88,100.0,21.069,1.0078,26.9
Croatia,HRV,2002,21.359,4302174,55.675,6219.56,100.0,21.122,0.7686,24.6
Croatia,HRV,2003,22.7487,4303399,55.639,8189.99,100.0,21.371,0.698,24.8
Croatia,HRV,2004,22.7281,4304600,55.589,9718.93,99.9,21.014,0.6625,26.6
Croatia,HRV,2005,22.8507,4310145,55.531,10443.45,99.9,21.639,0.7193,26.8
Croatia,HRV,2006,23.0366,4311159,55.469,11501.23,99.8,21.978,0.9257,25.5
Croatia,HRV,2007,24.5057,4310217,55.408,13755.81,99.8,21.478,0.9174,22.7
Croatia,HRV,2008,23.3221,4309705,55.353,15888.12,100.0,23.034,1.1006,24.1
Croatia,HRV,2009,21.6731,4305181,55.31,14474.53,100.0,23.222,0.7787,27.2
Croatia,HRV,2010,20.9405,4295427,55.282,13729.75,100.0,23.833,0.9174,29.8
Croatia,HRV,2011,20.4541,4280622,55.277,14691.59,100.0,23.696,1.2939,27.2
Croatia,HRV,2012,18.7872,4260368,55.304,13507.63,100.0,23.783,1.2944,29.4
Croatia,HRV,2013,18.3813,4233922,55.366,14135.09,100.0,28.006,1.1085,32.8
Croatia,HRV,2014,17.6771,4201598,55.459,14186.77,100.0,26.955,0.8673,33.6
Croatia,HRV,2015,18.0245,4151725,55.581,12283.88,100.0,27.468,0.6982,33.1
Croatia,HRV,2016,18.2746,4106867,55.729,12820.19,100.0,27.625,0.5113,31.8
Croatia,HRV,2017,18.7971,4041407,55.901,13901.65,100.0,26.749,0.6583,29.8
Croatia,HRV,2018,17.7661,3988775,56.093,15460.46,100.0,26.517,0.7731,32.8
Croatia,HRV,2019,17.9722,3949390,56.303,15563.74,100.0,26.874,0.6195,31.6
Croatia,HRV,2020,17.1915,3914206,56.528,14807.56,100.0,26.894,0.4391,32.4
Croatia,HRV,2021,17.5067,3878981,56.768,17788.76,100.0,26.376,0.6812,34.1
Croatia,HRV,2022,17.6346,3855641,56.998,18465.53,100.0,25.876,,
Croatia,HRV,2023,18.6644,3859686,57.243,22183.5,100.0,26.555,,
Cuba,CUB,2000,28.9959,11109109,75.635,2751.38,97.0,61.024,1.9061,34.4
Cuba,CUB,2001,27.8233,11144132,75.888,2842.97,96.2,61.974,1.1763,34.0
Cuba,CUB,2002,26.5653,11177418,75.851,3005.21,95.5,62.543,1.3677,34.8
Cuba,CUB,2003,25.7977,11209383,75.864,3202.78,96.5,62.387,1.9202,33.6
Cuba,CUB,2004,25.3168,11238756,75.918,3399.22,96.6,61.348,2.706,33.8
Cuba,CUB,2005,26.2056,11262554,76.003,3786.34,96.8,62.354,2.6377,26.3
Cuba,CUB,2006,26.7903,11278550,76.112,4329.98,96.9,62.294,3.7461,22.0
Cuba,CUB,2007,27.6113,11287272,76.236,4807.44,97.1,62.195,6.7204,18.6
Cuba,CUB,2008,26.6685,11291762,76.365,4986.12,97.3,61.697,3.1866,18.7
Cuba,CUB,2009,26.9425,11294719,76.493,5089.24,97.6,61.197,1.7631,19.0
Cuba,CUB,2010,28.1815,11297409,76.61,5272.27,97.8,60.703,2.6906,15.6
Cuba,CUB,2011,27.7479,11301571,76.708,6104.46,98.0,59.963,2.9269,19.2
Cuba,CUB,2012,28.8886,11303175,76.778,6470.84,98.3,60.062,2.1875,19.4
Cuba,CUB,2013,29.0223,11298167,76.816,6828.36,98.5,60.855,1.7119,18.2
Cuba,CUB,2014,26.9056,11285775,76.844,7146.7,98.7,60.362,1.6673,23.2
Cuba,CUB,2015,29.4411,11275065,76.87,7727.92,99.0,59.945,0.6938,21.1
Cuba,CUB,2016,27.3043,11265612,76.912,8110.56,99.2,59.849,0.4691,19.2
Cuba,CUB,2017,26.5091,11247829,76.96,8610.61,99.4,60.694,0.6637,22.0
Cuba,CUB,2018,26.7819,11227118,77.016,8911.46,99.6,60.694,1.1019,24.0
Cuba,CUB,2019,22.292,11202846,77.073,9232.26,99.8,61.667,0.9208,23.1
Cuba,CUB,2020,18.4817,11176354,77.108,9605.28,99.9,61.667,0.5654,24.5
Cuba,CUB,2021,21.7552,11122168,77.099,,100.0,61.667,,20.9
Cuba,CUB,2022,19.7637,11059820,77.106,,100.0,61.667,,
Cuba,CUB,2023,20.0277,11019931,77.126,,100.0,61.667,,
Curacao,CUW,2000,,133860,90.869,15841.26,100.0,,,0.1
Curacao,CUW,2001,,129047,91.06,16609.85,99.9,,,0.6
Curacao,CUW,2002,,129205,91.097,16723.69,99.9,,,0.6
Curacao,CUW,2003,,131897,91.128,16695.74,99.8,,,0.6
Curacao,CUW,2004,,134192,91.153,16671.34,99.8,,,0.6
Curacao,CUW,2005,,137658,91.175,17032.34,99.7,,,0.6
Curacao,CUW,2006,,141239,91.193,17400.16,99.7,,,0.6
Curacao,CUW,2007,,144056,91.208,18005.72,99.7,,,0.6
Curacao,CUW,2008,,145880,91.222,19423.34,99.7,,,0.5
Curacao,CUW,2009,,146833,91.235,19540.25,99.7,,,0.5
Curacao,CUW,2010,,148703,91.249,19847.23,100.0,,,0.5
Curacao,CUW,2011,,150831,91.264,19426.33,100.0,,0.0,0.5
Curacao,CUW,2012,,152088,91.279,19809.82,100.0,,0.0,0.6
Curacao,CUW,2013,,153822,91.294,19721.29,100.0,,0.0,1.1
Curacao,CUW,2014,,155909,91.308,19623.03,100.0,,0.0,1.4
Curacao,CUW,2015,,157980,91.322,19361.81,100.0,,0.0,1.3
Curacao,CUW,2016,,159664,91.335,18944.1,100.0,,0.0,1.4
Curacao,CUW,2017,,160175,91.348,18938.24,100.0,,0.0,1.9
Curacao,CUW,2018,,159336,91.36,19119.12,100.0,,0.0,2.5
Curacao,CUW,2019,,157441,91.371,19220.69,100.0,,0.0,2.5
Curacao,CUW,2020,,155482,91.382,16299.81,100.0,,0.0,2.8
Curacao,CUW,2021,,153948,91.392,17795.58,100.0,,0.0,2.8
Curacao,CUW,2022,,153321,91.401,20057.14,100.0,,,
Curacao,CUW,2023,,154654,91.408,21217.81,100.0,,,
Cyprus,CYP,2000,7.1329,947667,68.773,14388.35,100.0,15.314,0.0192,3.1
Cyprus,CYP,2001,6.9985,964127,68.802,14821.45,100.0,15.152,0.0099,3.0
Cyprus,CYP,2002,7.176,981440,68.786,16093.22,100.0,15.152,0.0109,3.2
Cyprus,CYP,2003,7.8441,999590,68.712,20252.25,100.0,16.667,0.0079,3.2
Cyprus,CYP,2004,7.7891,1017875,68.591,23792.62,100.0,16.883,0.0088,3.3
Cyprus,CYP,2005,7.906,1036151,68.434,24959.26,100.0,18.074,0.0019,3.4
Cyprus,CYP,2006,8.0115,1054418,68.253,26729.28,100.0,16.991,0.0019,3.5
Cyprus,CYP,2007,8.3089,1072714,68.06,31244.88,100.0,15.931,0.0076,4.3
Cyprus,CYP,2008,8.4942,1091026,67.867,35541.89,100.0,12.511,0.0196,5.7
Cyprus,CYP,2009,8.2874,1109371,67.684,32236.46,100.0,13.81,0.0273,6.3
Cyprus,CYP,2010,7.9141,1127816,67.523,31105.03,100.0,12.392,0.0446,6.5
Cyprus,CYP,2011,7.6571,1146493,67.398,32485.8,100.0,12.587,0.0718,7.6
Cyprus,CYP,2012,7.1222,1165397,67.301,28991.93,100.0,12.652,0.0727,8.6
Cyprus,CYP,2013,6.4407,1183895,67.21,27764.73,100.0,11.778,0.0449,9.7
Cyprus,CYP,2014,6.8173,1201801,67.123,26993.1,100.0,11.794,0.0349,9.5
Cyprus,CYP,2015,6.8562,1219502,67.04,23088.43,100.0,13.71,0.0199,10.4
Cyprus,CYP,2016,7.2219,1237112,66.963,24280.04,100.0,11.839,0.0015,10.3
Cyprus,CYP,2017,7.3632,1254275,66.891,26247.46,100.0,13.141,0.0054,10.9
Cyprus,CYP,2018,7.214,1270737,66.826,29120.39,100.0,14.334,0.0047,12.0
Cyprus,CYP,2019,7.2168,1286671,66.768,29227.17,100.0,13.564,0.0036,12.0
Cyprus,CYP,2020,6.8024,1302247,66.718,28130.33,100.0,13.815,0.0079,15.0
Cyprus,CYP,2021,6.9192,1317309,66.672,32937.84,100.0,13.161,0.0128,15.6
Cyprus,CYP,2022,7.2231,1331370,66.669,33231.05,100.0,13.316,,
Cyprus,CYP,2023,7.2032,1344976,66.674,36623.71,100.0,13.961,,
Czechia,CZE,2000,132.3167,10255063,74.004,6062.92,100.0,55.39,0.557,5.9
Czechia,CZE,2001,132.2272,10216605,73.913,6669.07,100.0,55.364,0.7787,6.3
Czechia,CZE,2002,127.4031,10196916,73.836,8101.26,100.0,47.264,0.47,7.3
Czechia,CZE,2003,130.6674,10193998,73.765,9852.46,100.0,47.475,0.417,6.7
Czechia,CZE,2004,131.5325,10197101,73.699,11782.55,100.0,47.002,0.8882,7.1
Czechia,CZE,2005,129.0481,10211216,73.638,13442.49,100.0,46.667,0.7679,7.5
Czechia,CZE,2006,130.7913,10238905,73.579,15259.08,100.0,46.161,0.7649,7.9
Czechia,CZE,2007,132.3365,10298828,73.522,18452.65,100.0,46.559,0.6959,8.3
Czechia,CZE,2008,126.1208,10384603,73.466,22774.7,100.0,46.24,1.5337,9.0
Czechia,CZE,2009,119.7126,10443936,73.408,19817.42,100.0,45.907,0.7011,10.2
Czechia,CZE,2010,120.9946,10474410,73.35,20160.44,100.0,45.629,0.9657,10.9
Czechia,CZE,2011,118.1188,10496088,73.288,22049.11,100.0,45.371,1.0701,12.2
Czechia,CZE,2012,114.029,10510785,73.225,20014.04,100.0,45.654,0.6406,12.8
Czechia,CZE,2013,109.5328,10514272,73.162,20260.5,100.0,45.597,0.3829,13.9
Czechia,CZE,2014,107.2391,10525347,73.1,20038.42,100.0,45.532,0.3454,14.8
Czechia,CZE,2015,108.2916,10546059,73.037,17931.6,100.0,45.253,0.3141,14.8
Czechia,CZE,2016,109.8148,10566332,72.975,18753.97,100.0,45.175,0.3103,14.8
Czechia,CZE,2017,110.3808,10594438,72.912,20913.2,100.0,45.603,0.3723,14.5
Czechia,CZE,2018,109.3448,10629928,72.85,23705.93,100.0,45.629,0.3894,14.7
Czechia,CZE,2019,103.7793,10671870,72.788,24062.72,100.0,45.64,0.3998,15.9
Czechia,CZE,2020,94.8596,10697858,72.725,23472.89,100.0,45.647,0.4166,17.0
Czechia,CZE,2021,99.5152,10505772,72.681,27696.46,100.0,45.731,0.395,17.2
Czechia,CZE,2022,97.6888,10672118,72.697,28282.22,100.0,45.748,,
Czechia,CZE,2023,85.6093,10864042,72.735,31761.59,100.0,45.802,,
Denmark,DNK,2000,53.1494,5339616,85.1,30722.03,100.0,66.175,1.5189,10.7
Denmark,DNK,2001,54.7427,5358783,85.188,30768.48,100.0,66.9,1.233,11.1
Denmark,DNK,2002,54.2604,5375931,85.3,33257.16,100.0,66.625,1.1756,11.9
Denmark,DNK,2003,59.6907,5390574,85.42,40519.1,100.0,66.45,1.1024,12.7
Denmark,DNK,2004,54.1158,5404523,85.713,46625.05,100.0,66.15,1.3091,14.4
Denmark,DNK,2005,50.6492,5419432,86.006,48925.81,100.0,67.675,1.7207,16.1
Denmark,DNK,2006,58.5998,5437272,86.25,52119.18,100.0,67.75,1.8216,15.3
Denmark,DNK,2007,53.8693,5461438,86.425,58631.66,100.0,66.575,1.6095,17.7
Denmark,DNK,2008,50.6018,5493621,86.583,64616.67,100.0,66.7,2.1077,18.5
Denmark,DNK,2009,48.4089,5523095,86.762,58412.75,100.0,65.85,1.1838,19.3
Denmark,DNK,2010,48.56,5547683,86.865,58104.54,100.0,65.65,1.2181,21.2
Denmark,DNK,2011,43.4849,5570572,87.157,61809.74,100.0,67.25,1.6354,23.8
Denmark,DNK,2012,38.5966,5591572,87.234,58443.77,100.0,65.6,1.5221,26.9
Denmark,DNK,2013,40.3352,5614932,87.544,61377.59,100.0,65.7,1.1761,27.0
Denmark,DNK,2014,36.1972,5643475,87.682,62520.45,100.0,66.316,0.9832,30.2
Denmark,DNK,2015,34.0712,5683483,87.725,53094.01,100.0,65.847,0.5215,32.5
Denmark,DNK,2016,35.6784,5728010,87.7,54500.93,100.0,65.628,0.3425,32.0
Denmark,DNK,2017,33.5457,5764980,88.016,57521.55,100.0,65.782,0.4702,35.0
Denmark,DNK,2018,33.5379,5793636,88.106,61324.77,100.0,65.812,0.5879,34.6
Denmark,DNK,2019,30.0794,5814422,88.21,59404.27,100.0,65.649,0.4462,37.2
Denmark,DNK,2020,27.7879,5831404,88.239,60985.49,100.0,65.5,0.1623,39.5
Denmark,DNK,2021,29.5641,5856733,88.262,69340.73,100.0,65.45,0.3387,39.5
Denmark,DNK,2022,28.4942,5903037,88.388,67781.09,100.0,65.6,,
Denmark,DNK,2023,26.2104,5946952,88.553,68043.55,100.0,65.525,,
Djibouti,DJI,2000,0.7336,747318,73.349,737.61,56.0,69.094,0.3821,31.4
Djibouti,DJI,2001,0.755,771313,72.894,742.13,56.1,72.545,0.416,31.7
Djibouti,DJI,2002,0.7829,795574,72.45,743.01,49.7,73.408,0.4543,32.4
Djibouti,DJI,2003,0.8269,813519,72.03,764.63,56.4,73.412,0.6231,32.9
Djibouti,DJI,2004,0.7915,826124,71.645,806.26,56.6,73.412,0.5732,33.6
Djibouti,DJI,2005,0.7541,839167,71.306,844.45,56.8,73.412,0.5395,33.1
Djibouti,DJI,2006,0.7235,855764,71.025,898.46,55.5,73.425,0.6164,33.0
Djibouti,DJI,2007,0.7502,874528,70.812,969.57,57.2,73.434,0.5233,32.5
Djibouti,DJI,2008,0.8069,892734,70.679,1119.15,57.4,73.421,0.7904,33.1
Djibouti,DJI,2009,0.7283,911527,70.638,1150.94,57.6,73.425,0.7432,34.4
Djibouti,DJI,2010,0.8116,930251,70.649,1213.23,57.9,73.438,0.8382,32.5
Djibouti,DJI,2011,0.6271,948558,70.678,1306.35,58.1,73.46,0.8885,32.0
Djibouti,DJI,2012,0.796,966747,70.727,1400.19,54.6,73.46,0.9459,32.3
Djibouti,DJI,2013,0.8754,984824,70.797,2075.94,58.6,73.46,0.5267,29.9
Djibouti,DJI,2014,0.8835,1002717,70.89,2214.62,58.9,73.46,0.789,29.4
Djibouti,DJI,2015,0.8163,1020313,71.007,2376.13,59.1,73.46,0.6626,24.8
Djibouti,DJI,2016,0.7455,1037653,71.149,2510.43,59.8,73.46,0.4844,23.6
Djibouti,DJI,2017,0.6766,1054841,71.318,2618.96,60.2,73.46,0.5714,23.3
Djibouti,DJI,2018,0.7356,1071882,71.515,2718.08,62.4,73.46,0.279,24.7
Djibouti,DJI,2019,0.8336,1088709,71.742,2837.17,64.7,73.46,0.3585,23.4
Djibouti,DJI,2020,0.7459,1105188,71.999,2844.89,64.5,73.503,0.3221,27.5
Djibouti,DJI,2021,0.8197,1121248,72.288,3025.91,65.4,73.503,0.2771,26.6
Djibouti,DJI,2022,0.8668,1137096,72.611,3133.26,65.0,73.503,,26.9
Djibouti,DJI,2023,0.88,1152944,72.841,3381.3,65.2,73.507,,
Dominica,DMA,2000,0.0542,68511,65.235,4867.4,81.1,28.0,0.0249,11.1
Dominica,DMA,2001,0.0545,68288,65.359,5527.52,82.1,29.333,0.0243,9.4
Dominica,DMA,2002,0.0492,68367,65.521,5488.03,87.7,29.333,0.0221,13.6
Dominica,DMA,2003,0.056,68531,65.724,5447.44,84.0,29.333,0.0228,10.6
Dominica,DMA,2004,0.0598,68649,65.965,5778.83,85.0,29.333,0.022,11.4
Dominica,DMA,2005,0.0589,68734,66.24,5695.22,86.0,29.333,0.0216,10.0
Dominica,DMA,2006,0.0625,68806,66.545,6055.78,87.0,29.333,0.0287,9.8
Dominica,DMA,2007,0.0756,68847,66.877,6459.04,88.1,29.333,0.0271,7.8
Dominica,DMA,2008,0.0736,68854,67.232,6971.33,90.9,29.333,0.0261,8.0
Dominica,DMA,2009,0.075,68864,67.607,7487.49,90.2,30.667,0.022,7.5
Dominica,DMA,2010,0.0773,68859,67.998,7549.62,91.3,33.333,0.0492,10.3
Dominica,DMA,2011,0.0595,69053,68.398,7705.41,90.1,33.333,0.0412,13.8
Dominica,DMA,2012,0.0543,69118,68.755,7528.51,93.5,33.333,0.0415,11.3
Dominica,DMA,2013,0.0599,69715,69.12,7822.22,94.6,33.333,0.0539,11.4
Dominica,DMA,2014,0.0669,70373,69.491,8131.75,95.7,33.333,0.0651,9.9
Dominica,DMA,2015,0.0724,70410,69.868,8282.6,96.7,33.333,0.0475,8.7
Dominica,DMA,2016,0.0777,69606,70.251,8802.56,97.8,33.333,0.0602,10.7
Dominica,DMA,2017,0.0692,68496,70.641,8224.65,98.9,33.333,0.0559,9.7
Dominica,DMA,2018,0.0715,68174,71.036,9215.31,99.6,33.333,0.0348,7.9
Dominica,DMA,2019,0.0862,67880,71.438,9491.15,99.9,33.333,0.0284,7.6
Dominica,DMA,2020,0.0771,67573,71.847,7827.75,100.0,33.333,0.0463,8.6
Dominica,DMA,2021,0.0764,67202,72.261,8376.4,100.0,33.333,0.0331,8.8
Dominica,DMA,2022,0.0812,66826,72.683,9323.66,100.0,33.333,,8.9
Dominica,DMA,2023,0.0814,66510,73.111,9912.96,100.0,33.333,,
Dominican Republic,DOM,2000,19.0138,8584190,61.313,2831.46,88.8,52.06,0.341,19.1
Dominican Republic,DOM,2001,19.1483,8720283,62.298,2935.89,89.8,52.06,0.0228,18.9
Dominican Republic,DOM,2002,21.0187,8852235,63.291,3065.6,89.7,52.06,0.0276,17.9
Dominican Republic,DOM,2003,18.7928,8980620,64.426,2383.26,89.2,49.031,0.5416,18.9
Dominican Republic,DOM,2004,17.4255,9104892,65.891,2451.69,90.3,48.083,1.2141,20.7
Dominican Republic,DOM,2005,18.79,9225034,67.576,3878.31,90.1,48.291,0.721,19.4
Dominican Republic,DOM,2006,20.5794,9341183,69.334,4055.14,90.1,47.623,1.6062,18.0
Dominican Republic,DOM,2007,20.7545,9455658,71.019,4649.65,96.9,47.896,2.528,17.9
Dominican Republic,DOM,2008,20.7204,9573130,72.487,5023.59,97.6,46.983,0.2341,17.7
Dominican Republic,DOM,2009,19.8411,9695265,73.589,4973.95,97.9,48.123,0.1235,17.3
Dominican Republic,DOM,2010,20.9277,9820175,74.164,5478.62,98.1,47.563,0.1724,16.9
Dominican Republic,DOM,2011,21.1274,9945621,74.244,5826.51,97.9,48.016,0.3402,16.8
Dominican Republic,DOM,2012,21.8849,10070411,74.24,6013.82,97.9,47.674,0.4468,16.5
Dominican Republic,DOM,2013,21.4839,10193833,74.225,6136.59,98.4,50.075,1.0297,16.6
Dominican Republic,DOM,2014,21.701,10315528,74.193,6496.45,98.5,50.27,1.0375,17.3
Dominican Republic,DOM,2015,23.8738,10434829,74.137,6800.95,98.6,50.096,0.5353,14.9
Dominican Republic,DOM,2016,24.8714,10551430,74.051,7160.44,98.9,51.826,1.2819,15.3
Dominican Republic,DOM,2017,23.7887,10666843,73.927,7412.72,100.0,52.386,1.0353,16.9
Dominican Republic,DOM,2018,25.6286,10782053,73.759,7882.98,98.9,53.366,0.8689,15.9
Dominican Republic,DOM,2019,28.4615,10894043,73.54,8183.02,99.0,53.701,1.0554,14.4
Dominican Republic,DOM,2020,26.926,11008300,73.264,7135.22,100.0,52.324,1.2393,16.0
Dominican Republic,DOM,2021,29.6681,11123476,72.924,8527.08,98.1,52.411,2.0771,14.8
Dominican Republic,DOM,2022,32.1128,11230734,72.42,10104.25,98.1,54.694,,
Dominican Republic,DOM,2023,32.7889,11331265,72.358,10630.43,99.6,55.353,,
Early-demographic dividend,EAR,2000,4143.8239,2509431470,38.08,1346.2,67.5,40.429,8.0727,30.412
Early-demographic dividend,EAR,2001,4217.7004,2556335424,38.462,1311.08,68.26,40.517,6.8145,30.282
Early-demographic dividend,EAR,2002,4349.7508,2601917557,38.845,1251.3,69.15,40.559,6.9441,29.602
Early-demographic dividend,EAR,2003,4533.0753,2647109296,39.237,1368.43,70.88,40.562,7.615,29.034
Early-demographic dividend,EAR,2004,4787.0464,2693184997,39.641,1563.06,71.11,40.511,9.103,28.376
Early-demographic dividend,EAR,2005,4994.7586,2738846905,40.049,1788.22,72.75,40.049,11.2318,27.88
Early-demographic dividend,EAR,2006,5263.742,2784726644,40.46,2011.02,73.8,40.089,11.9248,27.165
Early-demographic dividend,EAR,2007,5570.4634,2830531957,40.857,2342.59,75.66,40.144,11.2118,26.21
Early-demographic dividend,EAR,2008,5783.5854,2875943965,41.289,2595.48,77.4,39.901,13.7509,25.949
Early-demographic dividend,EAR,2009,5896.3406,2921563644,41.721,2458.16,78.29,39.853,8.0381,25.413
Early-demographic dividend,EAR,2010,6193.883,2967104472,42.133,2941.65,79.39,39.863,9.2264,24.862
Early-demographic dividend,EAR,2011,6427.6734,3013476947,42.554,3266.2,81.15,39.857,11.8063,24.086
Early-demographic dividend,EAR,2012,6764.0485,3058869436,43.005,3362.32,82.05,39.863,10.8092,23.769
Early-demographic dividend,EAR,2013,6822.1017,3103677284,43.523,3332.3,83.8,39.844,9.6544,24.028
Early-demographic dividend,EAR,2014,7139.4221,3146800078,44.007,3351.66,84.75,39.774,8.3012,23.492
Early-demographic dividend,EAR,2015,7233.6785,3190318707,44.45,3178.87,86.83,39.83,4.6198,23.279
Early-demographic dividend,EAR,2016,7347.566,3233033717,44.81,3227.65,88.35,39.802,4.0539,23.279
Early-demographic dividend,EAR,2017,7652.2467,3274060446,45.125,3457.92,90.51,39.776,4.9152,22.948
Early-demographic dividend,EAR,2018,7774.8991,3314245247,45.435,3460.86,91.99,39.797,6.5795,23.055
Early-demographic dividend,EAR,2019,7858.2359,3355014793,45.765,3481.76,92.79,39.836,5.3821,23.424
Early-demographic dividend,EAR,2020,7483.4606,3396051187,46.081,3185.5,93.46,40.052,3.852,24.99
Early-demographic dividend,EAR,2021,8012.5232,3432026092,46.375,3697.41,95.24,40.083,6.7681,
Early-demographic dividend,EAR,2022,8384.8177,3470644834,46.697,4017.49,95.14,40.071,,
Early-demographic dividend,EAR,2023,8716.2718,3511607650,47.017,4212.17,95.7,39.984,,
East Asia & Pacific,EAS,2000,6681.3359,2050149617,41.634,4139.47,92.06,50.931,1.0752,22.47
East Asia & Pacific,EAS,2001,6907.083,2068682053,42.615,3814.31,92.54,51.018,1.0979,21.786
East Asia & Pacific,EAS,2002,7308.1604,2086144389,43.768,3844.09,92.96,50.712,0.9874,21.167
East Asia & Pacific,EAS,2003,8024.1583,2102761941,44.951,4188.46,93.16,49.801,1.0702,19.836
East Asia & Pacific,EAS,2004,8825.6635,2118747885,46.014,4657.51,93.96,48.036,1.7977,17.978
East Asia & Pacific,EAS,2005,9615.4199,2134573057,47.041,4931.63,93.58,48.698,2.1953,16.43
East Asia & Pacific,EAS,2006,10325.0499,2150688938,48.118,5191.91,94.65,48.767,2.6158,15.969
East Asia & Pacific,EAS,2007,11035.1832,2167046538,49.305,5760.13,94.65,48.417,3.2308,15.079
East Asia & Pacific,EAS,2008,11233.2526,2183472438,50.218,6593.64,95.21,48.108,4.841,14.735
East Asia & Pacific,EAS,2009,11750.1086,2199148703,51.269,6735.16,94.98,47.969,2.3238,14.264
East Asia & Pacific,EAS,2010,12746.8259,2214613815,52.019,7808.07,95.55,47.643,3.6061,13.435
East Asia & Pacific,EAS,2011,13729.9467,2230826576,53.765,8976.49,96.02,48.472,4.5088,12.726
East Asia & Pacific,EAS,2012,14114.6228,2249081393,54.7,9534.44,96.21,48.084,2.7366,12.795
East Asia & Pacific,EAS,2013,14618.8339,2267072102,55.696,9580.35,96.48,47.463,2.3527,12.808
East Asia & Pacific,EAS,2014,14746.7672,2284385542,56.613,9832.43,96.64,47.546,2.0076,13.177
East Asia & Pacific,EAS,2015,14636.5053,2300844269,57.723,9730.64,96.95,46.511,1.1831,12.982
East Asia & Pacific,EAS,2016,14702.1235,2317076058,58.792,10011.55,97.03,46.249,1.0703,13.331
East Asia & Pacific,EAS,2017,15031.3238,2333475520,59.804,10612.79,97.69,47.417,1.3432,13.584
East Asia & Pacific,EAS,2018,15646.7177,2347576325,60.852,11487.51,97.66,46.899,1.4899,13.787
East Asia & Pacific,EAS,2019,15994.5133,2359762190,61.744,11677.44,97.86,47.036,1.3685,14.238
East Asia & Pacific,EAS,2020,15959.2756,2369420882,62.374,11697.52,97.8,46.749,1.0669,14.808
East Asia & Pacific,EAS,2021,16595.1763,2375117716,63.235,13416.98,98.15,47.06,2.1439,
East Asia & Pacific,EAS,2022,16646.2615,2379617118,63.683,13219.59,98.22,47.059,,
East Asia & Pacific,EAS,2023,17192.7211,2384441485,64.024,13251.51,98.4,46.825,,
East Asia & Pacific (IDA & IBRD countries),TEA,2000,4412.8346,1795374943,36.411,972.83,91.14,48.338,4.0827,32.047
East Asia & Pacific (IDA & IBRD countries),TEA,2001,4629.7542,1812475067,37.5,1026.65,91.68,48.471,3.604,30.854
East Asia & Pacific (IDA & IBRD countries),TEA,2002,4975.3323,1828744767,38.728,1127.25,92.15,48.563,2.9507,29.607
East Asia & Pacific (IDA & IBRD countries),TEA,2003,5671.3797,1844349334,39.959,1266.11,92.38,47.646,3.2036,26.904
East Asia & Pacific (IDA & IBRD countries),TEA,2004,6448.2261,1859450104,41.039,1456.97,93.27,47.738,5.4007,23.459
East Asia & Pacific (IDA & IBRD countries),TEA,2005,7224.2675,1874487158,42.114,1673.19,92.85,47.803,5.9203,20.887
East Asia & Pacific (IDA & IBRD countries),TEA,2006,7938.9075,1889507244,43.265,1999.86,94.04,47.993,6.1749,19.909
East Asia & Pacific (IDA & IBRD countries),TEA,2007,8597.0267,1904568042,44.539,2510.42,94.05,48.141,6.7545,18.515
East Asia & Pacific (IDA & IBRD countries),TEA,2008,8844.8999,1919570287,45.509,3154.17,94.67,48.242,9.5049,17.864
East Asia & Pacific (IDA & IBRD countries),TEA,2009,9418.583,1934167856,46.664,3398.53,95.31,48.342,4.2915,17.021
East Asia & Pacific (IDA & IBRD countries),TEA,2010,10294.2967,1948643347,47.494,4104.8,95.9,48.345,6.3097,15.761
East Asia & Pacific (IDA & IBRD countries),TEA,2011,11205.4096,1964036970,49.476,4970.5,96.4,48.387,7.6358,14.705
East Asia & Pacific (IDA & IBRD countries),TEA,2012,11555.1722,1981382735,50.549,5497.16,96.59,48.369,4.4048,14.71
East Asia & Pacific (IDA & IBRD countries),TEA,2013,12061.7294,1998548872,51.698,6020.78,96.86,48.385,3.3651,14.583
East Asia & Pacific (IDA & IBRD countries),TEA,2014,12251.8805,2014960984,52.753,6446.19,97.01,48.348,2.7734,14.826
East Asia & Pacific (IDA & IBRD countries),TEA,2015,12176.341,2030504270,54.021,6664.53,97.34,48.438,1.535,14.51
East Asia & Pacific (IDA & IBRD countries),TEA,2016,12230.8108,2045816761,55.241,6758.79,97.4,48.424,1.3537,14.902
East Asia & Pacific (IDA & IBRD countries),TEA,2017,12515.018,2061449949,56.399,7323.57,98.11,48.384,1.6495,15.19
East Asia & Pacific (IDA & IBRD countries),TEA,2018,13176.581,2074796982,57.595,8136.43,98.05,48.414,1.8259,15.28
East Asia & Pacific (IDA & IBRD countries),TEA,2019,13581.3293,2086281644,58.61,8379.43,98.25,48.412,1.5731,15.721
East Asia & Pacific (IDA & IBRD countries),TEA,2020,13678.7843,2095759417,59.33,8485.29,98.15,48.408,1.1002,16.204
East Asia & Pacific (IDA & IBRD countries),TEA,2021,14291.8742,2102350702,60.321,10086.41,98.53,48.4,2.0997,
East Asia & Pacific (IDA & IBRD countries),TEA,2022,14406.9818,2107261123,60.83,10220.56,98.57,48.372,,
East Asia & Pacific (IDA & IBRD countries),TEA,2023,15017.5893,2111139152,61.199,10240.35,98.75,48.035,,
East Asia & Pacific (excluding high income),EAP,2000,4484.5189,1819011507,36.71,961.3,91.14,48.133,4.0828,31.653
East Asia & Pacific (excluding high income),EAP,2001,4704.0636,1836260943,37.784,1014.52,91.68,48.265,3.6041,30.477
East Asia & Pacific (excluding high income),EAP,2002,5047.3313,1852659155,38.996,1114.0,92.15,48.356,2.9507,29.283
East Asia & Pacific (excluding high income),EAP,2003,5744.6437,1868409996,40.212,1251.28,92.38,47.447,3.2037,26.643
East Asia & Pacific (excluding high income),EAP,2004,6523.2289,1883675167,41.278,1439.93,93.27,47.538,5.4007,23.272
East Asia & Pacific (excluding high income),EAP,2005,7302.2697,1898853723,42.34,1653.68,92.85,47.607,5.9203,20.741
East Asia & Pacific (excluding high income),EAP,2006,8018.4582,1914002124,43.477,1976.63,94.04,47.795,6.175,19.779
East Asia & Pacific (excluding high income),EAP,2007,8663.6286,1929185103,44.735,2481.39,94.05,47.942,6.7546,18.443
East Asia & Pacific (excluding high income),EAP,2008,8917.9807,1944305887,45.693,3117.83,94.67,48.046,9.505,17.786
East Asia & Pacific (excluding high income),EAP,2009,9488.0804,1959017463,46.834,3359.52,94.43,48.146,4.2915,16.971
East Asia & Pacific (excluding high income),EAP,2010,10361.2286,1973602166,47.656,4057.87,95.06,48.149,6.3097,15.73
East Asia & Pacific (excluding high income),EAP,2011,11253.8514,1989106668,49.614,4913.89,95.58,48.189,7.6359,14.706
East Asia & Pacific (excluding high income),EAP,2012,11600.59,2006566431,50.676,5434.83,95.8,48.171,4.4048,14.714
East Asia & Pacific (excluding high income),EAP,2013,12097.8135,2023850158,51.812,5952.82,96.09,48.186,3.3652,14.605
East Asia & Pacific (excluding high income),EAP,2014,12292.2233,2040383789,52.857,6373.7,96.27,48.15,2.7735,14.84
East Asia & Pacific (excluding high income),EAP,2015,12207.7997,2056050896,54.111,6589.82,96.62,48.239,1.535,14.535
East Asia & Pacific (excluding high income),EAP,2016,12265.6935,2071486140,55.319,6683.24,96.72,48.224,1.3538,14.933
East Asia & Pacific (excluding high income),EAP,2017,12587.3643,2087238522,56.465,7241.98,97.45,48.183,1.6496,15.16
East Asia & Pacific (excluding high income),EAP,2018,13241.747,2100698838,57.65,8046.0,97.41,48.213,1.8259,15.262
East Asia & Pacific (excluding high income),EAP,2019,13653.4721,2112289891,58.656,8286.46,97.64,48.211,1.5732,15.687
East Asia & Pacific (excluding high income),EAP,2020,13746.5529,2121866294,59.371,8391.24,97.57,48.207,1.1002,16.176
East Asia & Pacific (excluding high income),EAP,2021,14347.8358,2128553744,60.353,9974.58,97.96,48.199,2.0997,
East Asia & Pacific (excluding high income),EAP,2022,14465.3873,2133560408,60.859,10107.06,98.03,48.172,,
East Asia & Pacific (excluding high income),EAP,2023,15081.8502,2137527754,61.228,10126.43,98.24,47.836,,
Ecuador,ECU,2000,22.0624,12689206,60.687,1382.23,93.7,32.477,16.7324,19.4
Ecuador,ECU,2001,24.3171,12910740,61.012,1791.3,94.0,31.346,9.4073,17.1
Ecuador,ECU,2002,24.2976,13138472,61.287,2059.16,94.2,30.158,8.3881,17.1
Ecuador,ECU,2003,24.941,13372306,61.542,2315.62,95.0,29.191,8.7401,16.6
Ecuador,ECU,2004,26.7658,13608701,61.783,2586.21,94.8,30.307,12.5726,16.7
Ecuador,ECU,2005,28.8656,13846163,62.007,2909.03,95.8,30.198,16.8498,16.2
Ecuador,ECU,2006,30.9772,14086131,62.21,3243.67,96.3,29.973,18.3894,14.2
Ecuador,ECU,2007,31.6539,14328773,62.389,3478.92,96.8,29.844,16.9002,15.9
Ecuador,ECU,2008,32.6692,14575202,62.54,4194.76,97.2,29.977,18.9619,15.3
Ecuador,ECU,2009,35.3903,14825954,62.659,4053.36,96.5,30.337,9.2641,12.9
Ecuador,ECU,2010,38.2529,15076695,62.741,4520.31,97.5,30.189,11.7907,11.8
Ecuador,ECU,2011,38.3188,15326227,62.795,5153.69,96.9,29.578,16.5774,13.2
Ecuador,ECU,2012,38.661,15572194,62.841,5634.08,97.2,30.226,14.5265,13.2
Ecuador,ECU,2013,41.1583,15807128,62.884,6109.29,98.0,30.25,12.8813,11.8
Ecuador,ECU,2014,43.4594,16035124,62.923,6405.8,99.0,22.045,11.5904,12.2
Ecuador,ECU,2015,43.2759,16266225,62.959,5976.16,98.8,23.309,4.632,13.1
Ecuador,ECU,2016,42.0681,16505139,62.991,5917.64,98.7,22.21,3.7581,14.8
Ecuador,ECU,2017,41.0581,16759519,63.019,6233.32,99.2,22.508,4.9837,17.0
Ecuador,ECU,2018,42.2145,17049547,63.043,6303.92,98.7,21.936,7.0964,16.3
Ecuador,ECU,2019,41.9254,17340021,63.063,6205.06,99.1,21.461,5.8207,17.7
Ecuador,ECU,2020,36.5986,17546065,63.077,5463.65,98.8,21.823,2.9243,20.2
Ecuador,ECU,2021,41.1607,17682454,63.087,6061.32,100.0,22.024,6.6994,18.9
Ecuador,ECU,2022,44.1693,17823897,63.09,6515.59,100.0,21.533,,
Ecuador,ECU,2023,46.7901,17980083,63.131,6718.14,98.7,21.541,,
"Egypt, Arab Rep.",EGY,2000,127.9157,73083284,42.734,1366.09,97.7,3.306,7.4197,8.3
"Egypt, Arab Rep.",EGY,2001,141.2032,74652029,42.784,1295.14,97.4,3.353,6.4694,7.8
"Egypt, Arab Rep.",EGY,2002,144.9625,76239137,42.835,1116.83,97.5,3.44,7.3004,7.3
"Egypt, Arab Rep.",EGY,2003,147.8553,77853548,42.883,1031.28,98.8,3.425,9.1374,7.4
"Egypt, Arab Rep.",EGY,2004,160.4178,79477443,42.926,991.26,97.8,3.494,11.3771,7.6
"Egypt, Arab Rep.",EGY,2005,178.387,81101004,42.957,1105.54,99.4,3.539,14.4645,6.5
"Egypt, Arab Rep.",EGY,2006,188.8763,82700403,42.973,1298.98,99.0,3.549,14.8464,6.2
"Egypt, Arab Rep.",EGY,2007,201.9575,84276225,42.973,1547.74,98.4,3.554,13.5102,6.0
"Egypt, Arab Rep.",EGY,2008,202.0257,85864789,42.961,1896.22,99.8,3.558,15.5825,5.9
"Egypt, Arab Rep.",EGY,2009,210.3425,87501636,42.938,2161.64,98.9,3.706,9.1308,5.7
"Egypt, Arab Rep.",EGY,2010,211.7586,89196072,42.906,2455.08,99.4,3.688,9.4506,5.4
"Egypt, Arab Rep.",EGY,2011,219.3403,91093059,42.863,2590.64,99.4,3.637,12.3388,5.4
"Egypt, Arab Rep.",EGY,2012,232.9567,93161001,42.812,2996.07,99.7,3.713,10.7455,5.3
"Egypt, Arab Rep.",EGY,2013,228.7539,95333553,42.751,3025.53,99.9,3.748,9.7819,5.3
"Egypt, Arab Rep.",EGY,2014,233.1055,97528654,42.683,3133.39,99.8,3.732,8.4322,5.4
"Egypt, Arab Rep.",EGY,2015,239.4139,99597342,42.606,3306.98,99.3,3.807,4.1291,5.3
"Egypt, Arab Rep.",EGY,2016,250.123,101644589,42.521,3270.63,100.0,3.751,3.2091,5.1
"Egypt, Arab Rep.",EGY,2017,261.7067,103696057,42.449,2395.1,100.0,3.855,5.6989,4.9
"Egypt, Arab Rep.",EGY,2018,256.219,105682094,42.458,2484.7,100.0,3.881,7.5966,5.0
"Egypt, Arab Rep.",EGY,2019,237.0298,107553158,42.481,2962.99,100.0,3.94,5.725,6.2
"Egypt, Arab Rep.",EGY,2020,246.184,109315124,42.518,3511.11,100.0,3.989,3.2577,6.7
"Egypt, Arab Rep.",EGY,2021,261.6313,110957008,42.569,3827.35,100.0,4.049,5.1391,6.1
"Egypt, Arab Rep.",EGY,2022,258.9936,112618250,42.633,4233.31,100.0,4.077,,
"Egypt, Arab Rep.",EGY,2023,275.8365,114535772,42.71,3456.79,100.0,4.077,,
El Salvador,SLV,2000,5.7988,5943366,56.564,1982.87,84.5,62.099,0.4971,33.5
El Salvador,SLV,2001,6.0363,5968060,57.453,2058.04,87.1,61.665,0.4858,33.1
El Salvador,SLV,2002,6.0539,5986631,58.349,2115.41,87.5,60.989,0.4707,34.0
El Salvador,SLV,2003,6.5795,5998599,59.247,2207.83,87.0,60.555,0.4646,33.9
El Salvador,SLV,2004,6.8293,6004671,60.143,2285.69,87.4,61.81,0.4524,33.3
El Salvador,SLV,2005,7.0326,6005578,61.031,2447.39,87.5,58.813,0.5466,34.1
El Salvador,SLV,2006,7.3891,6002319,61.907,2665.62,89.2,58.731,1.1099,34.8
El Salvador,SLV,2007,7.7786,6009824,62.768,2830.66,91.1,59.908,1.0248,28.2
El Salvador,SLV,2008,7.0905,6029297,63.637,2983.25,91.0,59.725,1.1698,31.5
El Salvador,SLV,2009,6.8985,6048279,64.53,2910.19,91.1,59.542,0.7154,32.2
El Salvador,SLV,2010,6.7247,6068249,65.433,3040.07,91.6,59.358,1.0287,32.6
El Salvador,SLV,2011,7.0233,6090127,66.334,3330.6,92.6,59.17,0.8324,29.5
El Salvador,SLV,2012,6.9977,6113975,67.223,3497.91,93.7,58.986,0.771,30.3
El Salvador,SLV,2013,6.635,6138839,68.088,3582.27,95.0,58.803,0.9389,27.5
El Salvador,SLV,2014,6.8145,6162955,68.917,3666.01,95.1,58.6,1.0551,24.0
El Salvador,SLV,2015,7.2649,6183676,69.698,3790.34,95.4,59.025,0.8507,21.0
El Salvador,SLV,2016,7.3283,6200800,70.399,3901.34,96.0,58.596,1.0221,20.7
El Salvador,SLV,2017,6.6321,6213533,71.086,4020.13,96.8,58.166,0.8882,25.0
El Salvador,SLV,2018,7.1022,6219807,71.758,4183.55,97.0,57.708,0.6636,23.2
El Salvador,SLV,2019,8.1068,6222318,72.415,4320.12,97.4,57.708,0.5623,19.4
El Salvador,SLV,2020,6.6535,6234673,73.057,3997.19,99.7,57.708,0.7642,23.7
El Salvador,SLV,2021,7.532,6255782,73.684,4642.61,97.9,57.708,0.5353,21.9
El Salvador,SLV,2022,8.4658,6280319,74.147,5074.6,100.0,57.708,,
El Salvador,SLV,2023,9.2365,6309624,74.608,5319.72,98.3,57.708,,
Equatorial Guinea,GNQ,2000,2.7446,703279,38.815,1487.32,64.8,3.667,88.5923,45.9
Equatorial Guinea,GNQ,2001,3.6006,749836,38.864,1948.61,64.9,3.667,,46.1
Equatorial Guinea,GNQ,2002,3.2122,797957,39.197,2264.21,64.9,3.667,,31.3
Equatorial Guinea,GNQ,2003,3.5906,847862,39.896,2930.6,64.9,3.667,,29.5
Equatorial Guinea,GNQ,2004,6.2799,899917,40.93,4901.3,64.9,3.667,,7.2
Equatorial Guinea,GNQ,2005,6.3957,947367,42.281,8673.9,65.0,3.671,56.2891,7.1
Equatorial Guinea,GNQ,2006,6.3863,990343,43.93,10184.88,65.1,3.676,53.9325,7.0
Equatorial Guinea,GNQ,2007,7.1364,1036044,45.857,12616.95,65.1,3.681,50.1443,8.5
Equatorial Guinea,GNQ,2008,6.6067,1084530,48.044,18210.56,65.2,3.685,46.4379,7.2
Equatorial Guinea,GNQ,2009,5.4778,1135673,50.472,13232.5,65.4,3.69,27.737,9.2
Equatorial Guinea,GNQ,2010,5.7159,1189085,53.122,13720.17,66.1,3.694,36.3112,5.7
Equatorial Guinea,GNQ,2011,5.9609,1241835,55.974,17198.21,66.1,3.699,37.6842,5.6
Equatorial Guinea,GNQ,2012,5.61,1293483,59.011,17308.57,65.7,3.704,39.0028,4.4
Equatorial Guinea,GNQ,2013,5.7233,1346218,62.212,16304.07,65.9,3.708,33.3475,3.7
Equatorial Guinea,GNQ,2014,5.7179,1399828,65.559,15548.66,66.0,3.713,27.1072,4.9
Equatorial Guinea,GNQ,2015,5.4069,1453923,68.951,9068.91,66.1,3.718,17.5005,5.5
Equatorial Guinea,GNQ,2016,5.3893,1508186,69.253,7453.2,66.2,3.722,16.46,4.8
Equatorial Guinea,GNQ,2017,4.887,1562396,69.552,7809.1,66.4,3.727,21.9589,5.0
Equatorial Guinea,GNQ,2018,5.3152,1616422,69.84,8102.47,66.5,3.732,27.8024,4.8
Equatorial Guinea,GNQ,2019,5.1224,1670177,70.118,6804.15,66.6,3.736,25.4373,7.4
Equatorial Guinea,GNQ,2020,4.9101,1716468,70.385,5764.06,66.7,3.74,16.6816,6.5
Equatorial Guinea,GNQ,2021,5.0308,1758786,70.643,6945.63,66.8,3.74,23.5001,5.2
Equatorial Guinea,GNQ,2022,5.0888,1803545,70.891,7589.3,67.0,3.74,,4.2
Equatorial Guinea,GNQ,2023,4.7651,1847549,71.129,6788.35,66.9,3.733,,
Eritrea,ERI,2000,0.6703,2247031,34.098,314.36,29.3,74.554,4.9223,76.8
Eritrea,ERI,2001,0.7353,2312079,34.325,325.41,30.3,74.574,4.5142,74.8
Eritrea,ERI,2002,0.7256,2392978,34.542,304.78,32.2,74.574,3.0985,74.7
Eritrea,ERI,2003,0.7004,2493903,34.745,348.95,32.4,74.921,4.5299,75.0
Eritrea,ERI,2004,0.7174,2598284,34.932,426.84,33.4,61.992,3.2592,69.8
Eritrea,ERI,2005,0.6042,2661215,35.102,412.75,34.5,62.152,3.2762,74.7
Eritrea,ERI,2006,0.5434,2703502,35.253,448.0,35.6,62.576,2.8194,77.3
Eritrea,ERI,2007,0.5301,2743222,35.382,480.45,36.7,62.562,3.9628,79.1
Eritrea,ERI,2008,0.4631,2816327,35.49,490.07,37.8,62.549,4.2845,81.4
Eritrea,ERI,2009,0.4809,2887885,35.574,642.93,38.9,62.708,2.4017,81.7
Eritrea,ERI,2010,0.5168,2945186,35.635,539.7,40.1,62.71,2.5219,80.9
Eritrea,ERI,2011,0.6166,2998485,35.671,688.68,41.2,62.698,26.9563,77.1
Eritrea,ERI,2012,0.6343,3036988,35.682,,42.3,62.701,,78.4
Eritrea,ERI,2013,0.5936,3074360,35.671,,43.5,62.718,,79.7
Eritrea,ERI,2014,0.5956,3095173,35.64,,44.6,62.725,,80.5
Eritrea,ERI,2015,0.5776,3105546,35.591,,45.8,62.698,,81.2
Eritrea,ERI,2016,0.5972,3124698,35.525,,46.9,62.704,,81.4
Eritrea,ERI,2017,0.5861,3150347,35.443,,48.0,62.707,,81.6
Eritrea,ERI,2018,0.6551,3192760,35.345,,49.1,62.704,,80.8
Eritrea,ERI,2019,0.6736,3240194,35.235,,50.3,62.702,,80.6
Eritrea,ERI,2020,0.6715,3291271,35.116,,51.4,62.723,,80.9
Eritrea,ERI,2021,0.7119,3350183,34.987,,52.5,62.652,,80.7
Eritrea,ERI,2022,0.7499,3409447,34.847,,55.4,62.652,,
Eritrea,ERI,2023,0.7642,3470390,34.696,,54.4,62.652,,
Estonia,EST,2000,17.8215,1396985,67.386,4070.61,100.0,23.26,3.7091,19.8
Estonia,EST,2001,18.2484,1388115,67.393,4502.67,100.0,20.996,3.0745,18.9
Estonia,EST,2002,17.5188,1379350,67.409,5343.18,100.0,16.471,2.4569,19.3
Estonia,EST,2003,19.5544,1370720,67.434,7205.41,100.0,19.549,2.1521,19.9
Estonia,EST,2004,20.0456,1362550,67.467,8916.07,100.0,18.174,1.5978,20.0
Estonia,EST,2005,20.0689,1354775,67.508,10414.64,100.0,20.804,1.6424,18.9
Estonia,EST,2006,19.4325,1346810,67.556,12641.48,100.0,21.196,1.6463,17.2
Estonia,EST,2007,23.0337,1340680,67.61,16745.43,100.0,21.576,1.576,18.6
Estonia,EST,2008,20.8808,1337090,67.67,18205.91,100.0,21.392,2.0954,20.5
Estonia,EST,2009,17.4389,1334515,67.735,14712.45,100.0,21.982,1.5789,24.2
Estonia,EST,2010,22.2156,1331475,67.805,14663.7,100.0,22.383,1.5596,25.3
Estonia,EST,2011,22.3356,1327439,67.878,17555.55,100.0,22.317,1.7852,25.2
Estonia,EST,2012,21.2301,1322696,67.963,17568.21,100.0,22.55,1.9705,25.0
Estonia,EST,2013,23.6366,1317997,68.092,19310.39,100.0,22.199,1.7992,24.5
Estonia,EST,2014,22.7514,1314545,68.267,20581.79,100.0,22.406,1.7656,25.3
Estonia,EST,2015,21.0222,1315407,68.48,17722.16,100.0,22.843,1.4459,28.2
Estonia,EST,2016,20.5878,1315790,68.724,18666.37,100.0,23.073,1.2469,27.2
Estonia,EST,2017,21.9647,1317384,68.993,20851.52,100.0,22.971,1.7334,27.5
Estonia,EST,2018,23.6488,1321977,69.28,23618.14,100.0,23.041,2.0179,28.6
Estonia,EST,2019,15.4629,1326898,69.579,24021.25,100.0,23.12,1.8077,31.3
Estonia,EST,2020,12.1329,1329522,69.882,23933.99,100.0,23.041,1.4302,40.4
Estonia,EST,2021,12.9256,1330932,70.178,27951.17,100.0,23.088,1.7212,38.0
Estonia,EST,2022,15.0182,1348840,70.489,28340.38,100.0,23.075,,
Estonia,EST,2023,11.4741,1370286,70.677,30264.01,100.0,23.122,,
Eswatini,SWZ,2000,1.0976,1041414,22.841,1629.67,20.4,71.105,2.9647,60.1
Eswatini,SWZ,2001,1.112,1051064,22.71,1429.86,26.9,71.163,3.4624,60.9
Eswatini,SWZ,2002,1.0825,1059441,22.569,1315.74,25.9,71.163,4.4732,63.6
Eswatini,SWZ,2003,1.0047,1066700,22.431,2015.22,28.7,71.163,2.8563,66.5
Eswatini,SWZ,2004,0.9945,1073159,22.308,2525.56,31.4,71.163,2.3699,66.6
Eswatini,SWZ,2005,0.9909,1079022,22.21,2871.07,34.2,71.163,2.0535,67.0
Eswatini,SWZ,2006,0.9989,1084436,22.151,2964.96,35.2,71.105,2.014,66.8
Eswatini,SWZ,2007,1.0324,1090705,22.14,3109.11,39.8,71.105,2.6547,66.9
Eswatini,SWZ,2008,1.013,1098091,22.169,2946.86,42.6,71.105,3.7752,67.8
Eswatini,SWZ,2009,1.0493,1105153,22.234,3189.8,38.6,71.163,2.6718,66.7
Eswatini,SWZ,2010,0.8556,1111650,22.333,3922.74,45.6,70.991,2.3896,68.5
Eswatini,SWZ,2011,0.8194,1117833,22.463,4225.06,51.2,70.988,2.6428,69.3
Eswatini,SWZ,2012,0.811,1123863,22.624,4224.55,54.3,70.93,4.1807,68.8
Eswatini,SWZ,2013,0.9627,1129990,22.812,3949.94,57.5,70.857,4.5006,66.1
Eswatini,SWZ,2014,0.9829,1136299,23.027,3771.07,65.0,70.698,3.4398,68.3
Eswatini,SWZ,2015,0.9809,1142813,23.266,3419.82,64.1,70.465,3.4074,68.8
Eswatini,SWZ,2016,1.0469,1149507,23.528,3238.18,63.4,70.233,4.6047,64.3
Eswatini,SWZ,2017,1.0618,1158195,23.805,3853.1,73.5,70.0,4.0394,65.3
Eswatini,SWZ,2018,1.0621,1168929,24.058,3972.65,74.0,69.826,3.1438,65.7
Eswatini,SWZ,2019,1.1361,1179874,24.346,3913.15,77.0,69.593,3.2761,64.4
Eswatini,SWZ,2020,0.9606,1192729,24.665,3466.57,80.0,69.477,3.3816,63.7
Eswatini,SWZ,2021,0.9892,1206593,25.016,3984.0,82.9,69.477,2.9992,65.4
Eswatini,SWZ,2022,1.0765,1218917,25.397,3894.16,82.3,69.477,,64.7
Eswatini,SWZ,2023,1.0784,1230506,25.808,3755.52,86.4,69.477,,
Ethiopia,ETH,2000,3.8766,67411494,14.919,122.27,12.7,30.534,18.4853,95.5
Ethiopia,ETH,2001,4.7877,69487762,15.118,118.46,10.2,30.559,18.1488,94.6
Ethiopia,ETH,2002,4.9217,71635517,15.333,109.59,11.9,30.498,23.1893,94.5
Ethiopia,ETH,2003,5.2607,73832663,15.544,116.8,13.5,31.607,36.1413,94.2
Ethiopia,ETH,2004,5.7314,76077206,15.759,133.17,15.2,29.329,27.811,94.1
Ethiopia,ETH,2005,5.4729,78367470,15.983,158.24,14.0,29.763,23.4932,94.7
Ethiopia,ETH,2006,5.7957,80703490,16.215,189.35,18.6,30.32,18.8289,94.5
Ethiopia,ETH,2007,6.3513,83103217,16.095,237.15,20.3,31.079,21.9115,94.1
Ethiopia,ETH,2008,6.8646,85543668,16.794,316.41,22.0,30.581,18.7793,94.1
Ethiopia,ETH,2009,6.9098,88007636,17.151,368.57,23.7,30.999,16.4317,94.2
Ethiopia,ETH,2010,6.8811,90538514,17.494,330.62,25.5,31.618,15.82,94.1
Ethiopia,ETH,2011,7.9585,93149970,17.864,343.02,23.0,32.187,17.4283,93.6
Ethiopia,ETH,2012,8.9861,95798767,18.206,452.1,29.0,32.331,14.9282,93.3
Ethiopia,ETH,2013,10.4416,98438751,18.616,484.04,30.8,32.591,14.0104,92.4
Ethiopia,ETH,2014,12.4047,101115610,19.026,549.99,27.2,32.746,13.3845,91.4
Ethiopia,ETH,2015,13.5098,103867135,19.452,597.91,29.0,32.967,12.1932,91.5
Ethiopia,ETH,2016,16.0312,106718162,19.876,641.65,42.9,33.108,11.234,90.4
Ethiopia,ETH,2017,15.8736,109666481,20.308,696.35,44.3,33.264,9.8779,90.8
Ethiopia,ETH,2018,17.4696,112664152,20.784,739.7,44.8,33.585,6.3689,90.0
Ethiopia,ETH,2019,18.4825,115737383,21.249,793.47,48.0,33.839,5.5037,89.3
Ethiopia,ETH,2020,18.0158,118917671,21.626,829.79,51.1,34.093,5.4977,90.7
Ethiopia,ETH,2021,19.0941,122138588,22.107,893.01,54.2,34.355,5.8671,90.6
Ethiopia,ETH,2022,18.3349,125384287,22.737,982.1,55.0,34.078,,
Ethiopia,ETH,2023,19.0165,128691692,23.059,1055.81,55.4,34.078,,
Euro area,EMU,2000,2846.1275,333959803,73.49,19563.09,99.7,47.103,0.1225,7.691
Euro area,EMU,2001,2891.5564,334870337,73.763,19818.82,99.72,46.533,0.1581,7.88
Euro area,EMU,2002,2894.5174,336306839,73.957,21551.13,99.74,46.213,0.128,7.727
Euro area,EMU,2003,2964.7646,338061667,74.124,26413.88,99.75,45.839,0.1149,8.277
Euro area,EMU,2004,2980.276,339856977,74.275,30138.89,99.77,45.63,0.1252,8.538
Euro area,EMU,2005,2968.7473,341556724,74.435,31116.27,99.78,45.706,0.1222,8.863
Euro area,EMU,2006,2955.2797,343100724,74.593,32961.29,99.79,45.187,0.1705,9.667
Euro area,EMU,2007,2929.1742,344828323,74.723,37801.93,99.81,44.768,0.1734,10.758
Euro area,EMU,2008,2859.7999,346471036,74.828,41406.66,99.83,45.04,0.2492,11.44
Euro area,EMU,2009,2637.4905,347581287,74.958,37790.12,99.84,44.703,0.1531,12.529
Euro area,EMU,2010,2721.9485,348398403,75.117,36841.26,99.86,44.526,0.1907,13.375
Euro area,EMU,2011,2634.9293,347715695,75.25,39878.12,99.87,44.122,0.234,13.431
Euro area,EMU,2012,2594.1712,348406547,75.412,36851.34,99.89,43.995,0.2225,14.891
Euro area,EMU,2013,2529.7031,348799535,75.628,38455.06,99.9,43.842,0.1974,15.732
Euro area,EMU,2014,2409.3015,349302135,75.813,39333.12,99.92,43.271,0.1537,16.332
Euro area,EMU,2015,2463.15,350164707,76.023,33928.61,99.93,43.233,0.1108,16.358
Euro area,EMU,2016,2458.2496,351027116,76.287,34690.24,99.95,43.005,0.0869,16.368
Euro area,EMU,2017,2465.7736,351613647,76.414,36691.21,99.96,42.994,0.1011,16.585
Euro area,EMU,2018,2402.1958,352303991,76.582,39562.08,99.98,42.788,0.1238,17.573
Euro area,EMU,2019,2290.3035,353113327,76.75,38679.61,99.99,43.079,0.1011,18.15
Euro area,EMU,2020,2055.4898,353536838,76.856,37727.45,99.99,42.674,0.0758,19.825
Euro area,EMU,2021,2193.0054,353715415,76.966,42432.29,100.0,42.61,0.1238,
Euro area,EMU,2022,2153.5179,354666175,77.087,41105.35,100.0,42.795,,
Euro area,EMU,2023,1967.3264,356209318,77.212,44797.64,100.0,42.069,,
Europe & Central Asia,ECS,2000,6906.3139,865392479,68.657,11645.64,99.12,30.088,1.2092,7.61
Europe & Central Asia,ECS,2001,6949.6742,866590696,68.866,11750.2,99.17,29.979,1.2216,7.609
Europe & Central Asia,ECS,2002,6946.815,868234843,69.058,12842.36,99.2,29.842,1.0774,7.575
Europe & Central Asia,ECS,2003,7189.936,870529446,69.248,15575.04,99.21,29.714,1.0492,7.679
Europe & Central Asia,ECS,2004,7206.7729,873069464,69.404,18104.05,99.24,29.642,1.1966,7.935
Europe & Central Asia,ECS,2005,7194.1477,875563919,69.566,19220.71,99.28,29.596,1.4762,8.292
Europe & Central Asia,ECS,2006,7314.5716,878166933,69.766,20762.32,99.3,29.554,1.8036,8.575
Europe & Central Asia,ECS,2007,7320.2365,880656346,69.968,24200.33,99.36,29.397,1.778,9.141
Europe & Central Asia,ECS,2008,7232.7861,884224673,70.164,26536.48,99.41,29.384,2.5315,9.474
Europe & Central Asia,ECS,2009,6689.7139,887741127,70.352,23278.88,99.47,29.301,1.5772,10.425
Europe & Central Asia,ECS,2010,6978.9201,890990370,70.583,23731.67,99.67,29.428,1.9332,10.868
Europe & Central Asia,ECS,2011,6994.8748,893009594,70.816,26273.04,99.66,29.34,2.6566,10.726
Europe & Central Asia,ECS,2012,6930.2772,896514509,71.15,25199.98,99.83,29.329,2.4931,11.58
Europe & Central Asia,ECS,2013,6773.0691,899906171,71.679,26236.29,99.85,29.333,2.2031,12.276
Europe & Central Asia,ECS,2014,6498.1638,903560070,72.237,26517.02,99.88,29.304,1.8841,12.432
Europe & Central Asia,ECS,2015,6485.7592,907526485,72.687,22742.47,99.17,29.295,1.1383,12.874
Europe & Central Asia,ECS,2016,6492.8909,911578015,72.93,22554.68,99.83,29.285,0.9384,12.887
Europe & Central Asia,ECS,2017,6578.0022,915063823,73.04,23839.73,99.96,29.298,1.2908,12.882
Europe & Central Asia,ECS,2018,6586.5536,918415818,73.181,25435.69,99.97,29.274,1.7822,13.48
Europe & Central Asia,ECS,2019,6422.6705,921929161,73.363,25045.12,99.95,29.272,1.4695,14.006
Europe & Central Asia,ECS,2020,6047.0781,923660463,73.496,24187.25,99.98,29.209,0.8861,15.106
Europe & Central Asia,ECS,2021,6487.2364,924375980,73.623,27701.0,99.99,29.21,2.2078,
Europe & Central Asia,ECS,2022,6270.5723,924267385,73.73,27968.29,100.0,29.192,,
Europe & Central Asia,ECS,2023,6069.0815,924805070,73.844,30015.76,100.0,29.089,,
Europe & Central Asia (IDA & IBRD countries),TEC,2000,3185.2759,438423541,62.668,2044.36,98.25,28.743,7.98,5.777
Europe & Central Asia (IDA & IBRD countries),TEC,2001,3170.6487,438100368,62.839,2081.0,98.35,28.676,8.5338,5.705
Europe & Central Asia (IDA & IBRD countries),TEC,2002,3185.7323,437806951,63.013,2340.84,98.42,28.572,7.3825,5.769
Europe & Central Asia (IDA & IBRD countries),TEC,2003,3336.7918,437905932,63.222,2879.67,98.44,28.467,7.3445,5.65
Europe & Central Asia (IDA & IBRD countries),TEC,2004,3342.1193,438136036,63.362,3723.47,98.49,28.403,7.8445,5.881
Europe & Central Asia (IDA & IBRD countries),TEC,2005,3353.914,438333196,63.486,4660.84,98.57,28.339,8.5201,5.997
Europe & Central Asia (IDA & IBRD countries),TEC,2006,3479.0114,438714358,63.702,5633.03,98.61,28.324,9.6552,5.817
Europe & Central Asia (IDA & IBRD countries),TEC,2007,3533.2824,438680283,63.949,7247.08,98.72,28.195,8.8372,5.759
Europe & Central Asia (IDA & IBRD countries),TEC,2008,3535.4887,439732746,64.195,8951.35,98.81,28.151,11.2767,5.643
Europe & Central Asia (IDA & IBRD countries),TEC,2009,3278.1433,441304973,64.435,7074.11,98.93,28.113,7.8345,6.305
Europe & Central Asia (IDA & IBRD countries),TEC,2010,3455.3179,442936599,64.726,8293.78,99.33,28.313,8.5958,6.453
Europe & Central Asia (IDA & IBRD countries),TEC,2011,3623.0822,444846366,65.095,10044.9,99.33,28.26,11.0169,6.049
Europe & Central Asia (IDA & IBRD countries),TEC,2012,3585.4928,446941101,65.615,10435.81,99.65,28.268,9.6314,6.284
Europe & Central Asia (IDA & IBRD countries),TEC,2013,3503.495,449128604,66.466,10986.4,99.7,28.296,8.4707,6.842
Europe & Central Asia (IDA & IBRD countries),TEC,2014,3402.1488,451432428,67.391,10330.4,99.75,28.329,7.7965,6.526
Europe & Central Asia (IDA & IBRD countries),TEC,2015,3350.5606,453662073,68.072,8034.68,98.33,28.332,5.1077,6.916
Europe & Central Asia (IDA & IBRD countries),TEC,2016,3380.8331,455913002,68.3,7679.03,99.66,28.341,4.4124,7.04
Europe & Central Asia (IDA & IBRD countries),TEC,2017,3472.5465,458010325,68.367,8571.1,99.93,28.349,5.7982,6.756
Europe & Central Asia (IDA & IBRD countries),TEC,2018,3552.6792,459946883,68.466,8885.56,99.94,28.351,8.2736,7.258
Europe & Central Asia (IDA & IBRD countries),TEC,2019,3524.6161,461933206,68.639,9040.93,99.91,28.308,6.6659,7.59
Europe & Central Asia (IDA & IBRD countries),TEC,2020,3435.8918,462842288,68.755,8455.78,99.95,28.31,4.1243,8.027
Europe & Central Asia (IDA & IBRD countries),TEC,2021,3714.3639,463104389,68.868,9992.01,99.98,28.314,10.0911,
Europe & Central Asia (IDA & IBRD countries),TEC,2022,3566.9294,460942269,68.911,11422.16,100.0,28.258,,
Europe & Central Asia (IDA & IBRD countries),TEC,2023,3583.2191,458599775,68.96,12070.59,100.0,28.253,,
Europe & Central Asia (excluding high income),ECA,2000,1026.0365,218486598,56.734,1790.8,99.0,69.018,3.3026,7.625
Europe & Central Asia (excluding high income),ECA,2001,1001.2366,219435056,57.04,1529.63,99.07,68.932,4.3606,7.463
Europe & Central Asia (excluding high income),ECA,2002,1035.5676,220400259,57.379,1771.96,99.15,68.732,3.6467,7.53
Europe & Central Asia (excluding high income),ECA,2003,1100.1781,221399692,57.759,2249.78,99.15,68.509,3.4186,7.307
Europe & Central Asia (excluding high income),ECA,2004,1105.9903,222413290,58.144,2883.62,99.14,68.401,3.8568,7.387
Europe & Central Asia (excluding high income),ECA,2005,1117.6814,223360135,58.521,3576.78,99.26,68.268,4.3487,7.284
Europe & Central Asia (excluding high income),ECA,2006,1184.1494,224417513,58.922,4142.52,99.22,67.569,5.4597,7.078
Europe & Central Asia (excluding high income),ECA,2007,1234.7021,225016072,59.325,5206.58,99.34,67.239,5.6025,6.635
Europe & Central Asia (excluding high income),ECA,2008,1263.3007,226524480,59.763,6191.25,99.38,67.024,7.7878,6.452
Europe & Central Asia (excluding high income),ECA,2009,1150.7617,228250911,60.223,5125.28,99.45,66.883,5.0778,7.428
Europe & Central Asia (excluding high income),ECA,2010,1225.2432,230106440,60.725,6044.41,99.61,67.76,5.9106,7.812
Europe & Central Asia (excluding high income),ECA,2011,1298.4744,231988438,61.321,6817.02,99.62,67.525,7.7677,7.066
Europe & Central Asia (excluding high income),ECA,2012,1289.6264,233875199,62.267,7126.81,99.69,67.634,6.5472,7.499
Europe & Central Asia (excluding high income),ECA,2013,1281.7934,235905150,63.85,7707.28,99.73,67.715,5.6331,8.042
Europe & Central Asia (excluding high income),ECA,2014,1205.3973,237999321,65.566,7334.84,99.78,67.873,4.9598,7.757
Europe & Central Asia (excluding high income),ECA,2015,1139.4668,240083379,66.814,6338.81,99.77,67.849,2.9212,8.894
Europe & Central Asia (excluding high income),ECA,2016,1185.3557,242224182,67.203,6023.55,99.87,67.934,2.6344,9.054
Europe & Central Asia (excluding high income),ECA,2017,1229.2057,244308649,67.291,6129.93,99.92,67.982,3.7279,8.681
Europe & Central Asia (excluding high income),ECA,2018,1244.832,246400484,67.446,5947.15,99.94,67.979,5.3647,9.105
Europe & Central Asia (excluding high income),ECA,2019,1210.7832,248576676,67.752,6036.15,99.97,67.734,4.3244,10.032
Europe & Central Asia (excluding high income),ECA,2020,1222.5051,250351240,67.955,5734.46,99.98,67.858,2.9666,10.06
Europe & Central Asia (excluding high income),ECA,2021,1307.7677,251867727,68.15,6632.57,99.96,67.913,6.9387,
Europe & Central Asia (excluding high income),ECA,2022,1220.7417,250514347,68.163,7264.37,99.99,67.827,,
Europe & Central Asia (excluding high income),ECA,2023,1228.3784,248718948,68.162,8609.12,100.0,67.695,,
European Union,EUU,2000,3559.5714,429339162,71.52,16956.04,99.48,45.811,0.197,8.971
European Union,EUU,2001,3611.7577,429909307,71.757,17208.9,99.51,45.263,0.2315,8.958
European Union,EUU,2002,3601.4656,430924112,71.945,18773.5,99.54,44.673,0.1893,8.86
European Union,EUU,2003,3700.612,432512916,72.089,22991.24,99.55,44.222,0.1715,9.249
European Union,EUU,2004,3707.8763,434193248,72.231,26335.85,99.58,43.937,0.2107,9.55
European Union,EUU,2005,3685.7828,435789139,72.4,27400.01,99.59,43.919,0.2204,10.021
European Union,EUU,2006,3702.0419,437263803,72.561,29169.39,99.62,43.492,0.2838,10.687
European Union,EUU,2007,3664.7579,438796003,72.689,33682.86,99.65,42.957,0.2817,11.755
European Union,EUU,2008,3576.021,440270719,72.821,37160.01,99.68,43.164,0.4083,12.457
European Union,EUU,2009,3301.3048,441388573,72.947,33632.16,99.73,42.895,0.2361,13.622
European Union,EUU,2010,3409.4609,442088310,73.109,33119.57,99.76,42.495,0.4214,14.469
European Union,EUU,2011,3313.189,441414078,73.216,35963.32,99.78,42.253,0.5403,14.625
European Union,EUU,2012,3247.5389,442069839,73.353,33324.78,99.81,42.02,0.4372,16.053
European Union,EUU,2013,3162.9573,442425741,73.538,34804.74,99.84,41.906,0.3814,16.797
European Union,EUU,2014,3021.9097,442920819,73.698,35590.11,99.86,41.484,0.3253,17.442
European Union,EUU,2015,3082.0529,443793218,73.874,30771.66,99.89,41.438,0.1909,17.612
European Union,EUU,2016,3089.9324,444676652,74.089,31456.9,99.92,41.192,0.194,17.523
European Union,EUU,2017,3114.6913,445321060,74.194,33394.59,99.97,41.182,0.2654,17.686
European Union,EUU,2018,3048.6211,446058453,74.328,36076.9,99.97,41.054,0.2823,18.725
European Union,EUU,2019,2908.383,446910453,74.46,35374.15,99.99,41.363,0.1585,19.344
European Union,EUU,2020,2638.4092,446870959,74.55,34694.71,100.0,40.841,0.1199,21.059
European Union,EUU,2021,2818.308,446228281,74.647,39206.97,100.0,40.777,0.2277,
European Union,EUU,2022,2748.6639,447203596,74.766,38066.82,100.0,40.735,,
European Union,EUU,2023,2509.6953,448897545,74.894,41566.9,100.0,40.326,,
Faroe Islands,FRO,2000,0.0018,45754,35.699,23322.76,100.0,69.121,0.0,2.8
Faroe Islands,FRO,2001,0.0018,46635,35.934,24879.77,100.0,69.121,0.0,2.6
Faroe Islands,FRO,2002,0.0018,47335,35.937,26937.65,100.0,69.154,0.0,3.4
Faroe Islands,FRO,2003,0.0019,48032,36.128,31269.6,100.0,69.154,0.0,3.1
Faroe Islands,FRO,2004,0.0019,48384,36.318,35647.54,100.0,69.154,0.0,3.4
Faroe Islands,FRO,2005,0.0019,48359,36.332,36389.08,100.0,69.154,0.0,3.8
Faroe Islands,FRO,2006,0.002,48335,36.458,41743.68,100.0,69.154,0.0,4.3
Faroe Islands,FRO,2007,0.002,48378,36.293,48348.74,100.0,69.154,0.0,4.5
Faroe Islands,FRO,2008,0.002,48547,36.468,51287.89,100.0,69.154,0.0,4.5
Faroe Islands,FRO,2009,0.002,48790,36.889,47060.16,100.0,69.062,0.0,5.1
Faroe Islands,FRO,2010,0.002,48656,37.254,47924.14,100.0,69.051,0.0,3.4
Faroe Islands,FRO,2011,0.002,48542,37.298,51620.05,100.0,69.057,0.0,5.0
Faroe Islands,FRO,2012,0.002,48290,37.324,50263.0,100.0,69.057,0.0,4.7
Faroe Islands,FRO,2013,0.002,48245,37.741,55759.36,100.0,69.057,0.0,4.5
Faroe Islands,FRO,2014,0.002,48427,37.909,60173.31,100.0,69.067,0.0,6.5
Faroe Islands,FRO,2015,0.002,48898,38.143,52638.27,100.0,69.067,0.0,7.5
Faroe Islands,FRO,2016,0.002,49463,38.32,56876.43,100.0,69.019,0.0,6.3
Faroe Islands,FRO,2017,0.002,50179,38.332,59388.54,100.0,69.019,0.0,6.0
Faroe Islands,FRO,2018,0.0021,50997,38.406,62525.26,100.0,69.008,0.0,5.9
Faroe Islands,FRO,2019,0.0021,51790,38.395,63070.72,100.0,69.008,0.0,5.4
Faroe Islands,FRO,2020,0.0021,52561,38.669,62247.93,100.0,70.329,0.0,5.3
Faroe Islands,FRO,2021,0.0021,53291,38.808,69421.7,100.0,70.124,0.0,5.1
Faroe Islands,FRO,2022,0.0021,53903,38.996,67069.4,100.0,70.073,,7.9
Faroe Islands,FRO,2023,0.0021,54398,39.198,72486.69,100.0,70.124,,
Fiji,FJI,2000,1.4433,840909,48.065,1995.72,76.8,20.35,1.0778,50.1
Fiji,FJI,2001,1.5636,849596,48.429,1945.0,77.7,20.033,1.0734,40.4
Fiji,FJI,2002,1.2938,858049,48.78,2136.57,79.6,19.715,0.9895,49.0
Fiji,FJI,2003,1.5253,866286,49.126,2655.58,80.0,19.398,1.0339,40.8
Fiji,FJI,2004,1.979,874366,49.477,3097.19,80.6,19.08,0.8776,35.7
Fiji,FJI,2005,1.7308,882379,49.842,3377.69,81.6,18.763,0.9478,40.0
Fiji,FJI,2006,1.8608,890365,50.229,3455.11,82.6,18.446,0.9747,39.1
Fiji,FJI,2007,1.7241,897832,50.649,3762.75,88.9,18.128,0.7151,36.0
Fiji,FJI,2008,1.2917,903399,51.098,3899.92,86.2,17.811,0.8805,42.1
Fiji,FJI,2009,1.0635,907239,51.563,3164.13,85.6,17.504,1.1759,41.6
Fiji,FJI,2010,1.6965,910419,52.042,3449.14,92.4,17.466,2.2091,28.0
Fiji,FJI,2011,1.2454,912989,52.534,4139.6,92.5,17.427,1.9632,33.4
Fiji,FJI,2012,1.2052,914918,53.038,4341.4,92.6,17.389,2.0296,33.3
Fiji,FJI,2013,1.3731,916352,53.555,4572.44,91.8,17.351,1.3554,32.8
Fiji,FJI,2014,1.5599,917585,54.084,5293.36,93.0,17.313,1.1758,33.2
Fiji,FJI,2015,1.6172,918578,54.623,5097.53,93.2,17.274,1.0408,32.7
Fiji,FJI,2016,1.5925,919166,55.173,5363.79,93.4,17.236,1.0194,27.7
Fiji,FJI,2017,1.5406,918759,55.741,5826.85,96.0,17.198,1.2665,28.6
Fiji,FJI,2018,1.6549,917180,56.233,6085.42,95.1,17.159,1.1916,25.8
Fiji,FJI,2019,1.619,914899,56.71,5842.07,96.1,17.121,1.1544,26.5
Fiji,FJI,2020,1.0743,914963,57.187,4620.65,97.1,17.055,1.4515,31.8
Fiji,FJI,2021,1.3427,916711,57.662,4536.73,92.1,17.055,2.2529,29.7
Fiji,FJI,2022,1.4343,919422,58.135,5414.12,92.0,17.055,,28.4
Fiji,FJI,2023,1.4378,924145,58.607,5926.21,99.3,17.055,,
Finland,FIN,2000,57.5279,5176209,67.123,24335.92,100.0,7.282,0.4277,31.7
Finland,FIN,2001,63.5758,5188008,67.498,24965.2,100.0,7.295,0.3706,29.2
Finland,FIN,2002,65.7268,5200598,67.795,26989.39,100.0,7.341,0.4204,29.5
Finland,FIN,2003,74.0954,5213014,68.043,32920.09,100.0,7.374,0.374,28.4
Finland,FIN,2004,70.4547,5228172,68.277,37768.13,100.0,7.397,0.3006,31.1
Finland,FIN,2005,58.2464,5246096,68.514,39049.87,100.0,7.465,0.298,31.5
Finland,FIN,2006,69.8556,5266268,68.759,41214.02,100.0,7.566,0.3734,31.2
Finland,FIN,2007,68.0689,5288720,69.02,48473.02,100.0,7.547,0.4147,31.8
Finland,FIN,2008,59.8279,5313399,69.294,53769.47,100.0,7.556,0.3872,34.6
Finland,FIN,2009,57.0808,5338871,69.546,47478.35,100.0,7.557,0.3332,32.5
Finland,FIN,2010,65.8469,5363352,69.786,46506.29,100.0,7.542,0.5043,33.4
Finland,FIN,2011,58.2223,5388272,70.058,51060.32,100.0,7.524,0.5326,35.1
Finland,FIN,2012,52.3267,5413971,70.366,47551.67,100.0,7.519,0.5775,38.7
Finland,FIN,2013,53.3313,5438972,70.674,49691.01,100.0,7.432,0.4986,38.5
Finland,FIN,2014,49.4416,5461512,70.988,50073.78,100.0,7.46,0.4831,41.2
Finland,FIN,2015,45.9758,5479531,71.305,42560.35,100.0,7.481,0.4459,43.2
Finland,FIN,2016,48.8071,5495303,71.616,43451.26,100.0,7.486,0.4101,42.4
Finland,FIN,2017,46.0759,5508214,71.956,46085.02,100.0,7.469,0.4538,44.4
Finland,FIN,2018,47.4392,5515525,72.342,49654.25,100.0,7.476,0.5634,44.2
Finland,FIN,2019,44.1412,5521606,72.743,48358.18,100.0,7.482,0.3652,45.4
Finland,FIN,2020,39.474,5529543,73.085,48828.68,100.0,7.469,0.2893,47.3
Finland,FIN,2021,39.3124,5541017,73.371,53099.14,100.0,7.462,0.4483,50.2
Finland,FIN,2022,37.1238,5556106,73.697,50440.56,100.0,7.455,,
Finland,FIN,2023,32.8867,5583911,74.006,52864.69,100.0,7.442,,
France,FRA,2000,400.866,60918661,76.514,22340.59,100.0,55.306,0.0697,9.3
France,FRA,2001,404.9849,61364377,76.907,22331.79,100.0,55.132,0.0631,9.4
France,FRA,2002,399.5764,61812142,77.254,24144.57,100.0,54.941,0.0568,8.7
France,FRA,2003,404.4794,62249855,77.469,29479.52,100.0,54.8,0.0512,8.8
France,FRA,2004,405.5101,62707588,77.49,33644.93,100.0,54.659,0.0406,8.9
France,FRA,2005,407.7638,63180854,77.436,34696.37,100.0,54.533,0.0417,8.6
France,FRA,2006,397.0172,63622342,77.347,36431.57,100.0,54.389,0.0482,8.5
France,FRA,2007,389.8648,64016890,77.246,41486.19,100.0,54.191,0.0485,9.4
France,FRA,2008,382.575,64375116,77.156,45464.82,100.0,54.013,0.054,10.5
France,FRA,2009,369.9379,64706436,77.101,41728.09,100.0,53.845,0.0495,11.2
France,FRA,2010,377.2787,65026211,77.096,40694.82,100.0,53.672,0.0547,11.9
France,FRA,2011,363.6897,65340830,77.118,43929.78,100.0,53.583,0.0487,10.6
France,FRA,2012,365.0236,65657659,77.167,40863.58,100.0,53.52,0.0484,12.3
France,FRA,2013,360.1587,65997932,77.244,42669.18,100.0,53.388,0.0482,13.4
France,FRA,2014,326.9509,66312067,77.352,43148.05,100.0,53.375,0.0462,13.2
France,FRA,2015,332.1533,66548272,77.761,36702.43,100.0,53.302,0.041,13.3
France,FRA,2016,334.7732,66724104,78.6,37024.22,100.0,53.285,0.0402,14.2
France,FRA,2017,338.709,66918020,78.647,38687.16,100.0,53.247,0.0362,14.1
France,FRA,2018,328.5501,67158348,78.671,41418.18,100.0,53.178,0.0429,15.2
France,FRA,2019,322.9043,67382061,78.689,40408.28,100.0,52.916,0.0338,15.5
France,FRA,2020,287.0868,67601110,78.712,39169.86,100.0,52.73,0.0266,16.8
France,FRA,2021,316.7044,67842811,78.736,43725.1,100.0,52.742,0.0325,16.2
France,FRA,2022,307.6802,68184457,78.759,40988.64,100.0,52.674,,
France,FRA,2023,284.1541,68372286,78.78,44700.14,100.0,52.504,,
French Polynesia,PYF,2000,0.7097,240337,55.954,14978.32,100.0,9.571,0.0009,8.8
French Polynesia,PYF,2001,0.8298,244097,55.893,14640.94,100.0,9.493,0.0011,6.7
French Polynesia,PYF,2002,0.8778,247775,55.863,16004.06,100.0,9.991,0.0011,6.2
French Polynesia,PYF,2003,0.9342,251637,55.928,19582.89,100.0,9.912,0.0013,7.2
French Polynesia,PYF,2004,0.8833,255654,56.273,21764.22,100.0,9.834,0.0013,7.7
French Polynesia,PYF,2005,0.9413,259507,56.847,21984.19,100.0,9.756,0.0016,8.0
French Polynesia,PYF,2006,0.8855,263223,57.583,22330.87,100.0,9.678,0.002,10.1
French Polynesia,PYF,2007,0.9483,266438,58.41,24888.18,100.0,9.599,0.0025,9.8
French Polynesia,PYF,2008,0.9699,268379,59.262,26592.03,100.0,9.521,0.0034,9.3
French Polynesia,PYF,2009,0.9341,269481,60.068,24434.22,100.0,9.299,0.0034,9.3
French Polynesia,PYF,2010,0.9897,270580,60.761,22494.81,100.0,9.22,0.0038,7.5
French Polynesia,PYF,2011,0.9571,271727,61.272,22831.52,100.0,9.43,0.0045,6.9
French Polynesia,PYF,2012,0.9246,273084,61.529,20846.55,100.0,9.352,0.0044,6.6
French Polynesia,PYF,2013,0.9938,274728,61.613,21955.63,100.0,9.211,0.0039,6.5
French Polynesia,PYF,2014,0.9835,276387,61.682,22258.63,100.0,9.069,0.0054,7.4
French Polynesia,PYF,2015,1.0058,277866,61.737,19166.96,100.0,8.928,0.0048,7.8
French Polynesia,PYF,2016,1.0079,279178,61.774,19690.08,100.0,8.787,0.0051,8.1
French Polynesia,PYF,2017,0.8808,280087,61.79,20826.93,100.0,8.934,0.0059,8.1
French Polynesia,PYF,2018,0.7829,279815,61.789,21925.62,100.0,9.08,0.0036,7.7
French Polynesia,PYF,2019,0.785,279034,61.782,21582.59,100.0,8.939,0.0033,7.7
French Polynesia,PYF,2020,0.715,279209,61.767,19966.48,100.0,9.086,0.0041,8.2
French Polynesia,PYF,2021,0.64,279792,61.74,21426.39,100.0,8.944,0.0036,7.4
French Polynesia,PYF,2022,0.9258,280378,61.691,20053.96,100.0,8.803,,7.0
French Polynesia,PYF,2023,0.9282,281118,61.697,21832.28,100.0,8.662,,
Gabon,GAB,2000,6.6039,1275572,79.566,3982.91,73.6,8.022,47.7699,72.8
Gabon,GAB,2001,6.741,1309589,80.409,3835.76,77.2,8.042,32.5168,72.4
Gabon,GAB,2002,6.4721,1345135,81.221,3966.48,77.8,8.061,31.7272,79.8
Gabon,GAB,2003,7.3423,1382350,81.997,4710.75,78.5,8.081,26.057,83.6
Gabon,GAB,2004,6.6252,1421609,82.736,5465.79,79.2,8.1,27.4568,85.8
Gabon,GAB,2005,6.3917,1463495,83.433,6547.88,81.6,8.12,37.7673,85.2
Gabon,GAB,2006,5.7072,1508337,84.085,6847.01,80.5,8.14,37.656,86.2
Gabon,GAB,2007,5.1756,1556237,84.69,8003.54,81.3,8.159,37.5335,87.3
Gabon,GAB,2008,5.5191,1607175,85.244,9688.65,82.0,8.179,41.0681,87.3
Gabon,GAB,2009,5.4491,1661556,85.743,7290.58,82.7,8.199,27.7363,87.9
Gabon,GAB,2010,5.9582,1719879,86.185,8356.75,89.3,8.218,35.6549,85.8
Gabon,GAB,2011,5.82,1781985,86.567,10219.11,88.7,8.264,39.146,79.7
Gabon,GAB,2012,5.89,1846889,86.884,9296.97,89.3,8.31,40.6293,75.5
Gabon,GAB,2013,6.0777,1913059,87.148,9197.7,86.4,8.357,32.807,82.2
Gabon,GAB,2014,6.2671,1978399,87.624,9201.36,87.1,8.357,24.754,81.3
Gabon,GAB,2015,6.4413,2040989,88.085,7047.13,87.3,8.357,12.5534,81.9
Gabon,GAB,2016,6.559,2100306,88.545,6677.07,88.1,8.357,11.6622,81.5
Gabon,GAB,2017,5.7489,2156900,89.001,6921.73,86.3,8.357,17.6998,90.2
Gabon,GAB,2018,5.4109,2212318,89.454,7624.28,89.6,8.357,21.1603,90.3
Gabon,GAB,2019,5.6528,2267706,89.903,7441.18,90.3,8.357,19.1755,90.2
Gabon,GAB,2020,5.5287,2322539,90.348,6605.8,91.1,8.357,13.4988,91.3
Gabon,GAB,2021,5.3647,2376722,90.788,8181.41,91.8,8.357,18.4933,91.3
Gabon,GAB,2022,5.5833,2430747,91.224,8409.21,93.5,8.357,,
Gabon,GAB,2023,5.1205,2484789,91.638,7802.82,94.1,8.357,,
"Gambia, The",GMB,2000,0.2662,1455084,46.972,538.05,34.3,50.0,2.2558,62.9
"Gambia, The",GMB,2001,0.2982,1495011,48.349,459.8,29.9,47.826,2.4896,59.6
"Gambia, The",GMB,2002,0.3097,1535691,49.573,376.53,31.5,48.518,3.5476,61.0
"Gambia, The",GMB,2003,0.3156,1577611,50.601,308.72,27.8,46.542,6.1229,62.4
"Gambia, The",GMB,2004,0.3268,1621312,51.506,593.29,34.8,47.233,2.5498,61.2
"Gambia, The",GMB,2005,0.3318,1667037,52.358,616.48,30.5,47.925,2.6318,61.7
"Gambia, The",GMB,2006,0.3678,1715275,53.16,614.54,38.1,49.012,2.7296,60.2
"Gambia, The",GMB,2007,0.3873,1765774,53.92,724.73,39.8,49.012,3.0409,57.3
"Gambia, The",GMB,2008,0.391,1817852,54.643,859.13,41.5,55.929,3.1849,56.3
"Gambia, The",GMB,2009,0.4342,1871422,55.338,774.89,43.2,61.462,3.2975,53.9
"Gambia, The",GMB,2010,0.4408,1926630,56.011,801.03,46.8,63.636,3.0303,56.6
"Gambia, The",GMB,2011,0.4636,1983784,56.67,710.61,48.3,63.636,4.4674,56.2
"Gambia, The",GMB,2012,0.4444,2043094,57.321,692.58,49.9,63.636,5.7812,57.0
"Gambia, The",GMB,2013,0.4463,2103820,57.97,653.86,51.5,63.636,5.9067,59.3
"Gambia, The",GMB,2014,0.4838,2164528,58.614,568.0,53.0,63.636,5.2409,53.2
"Gambia, The",GMB,2015,0.509,2224529,59.246,619.54,54.7,63.636,5.5589,49.0
"Gambia, The",GMB,2016,0.5138,2283769,59.865,650.06,56.4,63.636,6.5611,48.6
"Gambia, The",GMB,2017,0.5236,2342189,60.472,642.52,56.2,62.648,6.4932,48.0
"Gambia, The",GMB,2018,0.4603,2399632,61.065,696.22,60.3,62.648,2.7225,48.1
"Gambia, The",GMB,2019,0.465,2456844,61.643,738.19,62.1,62.648,2.8139,47.4
"Gambia, The",GMB,2020,0.422,2515733,62.207,720.34,62.2,62.648,3.0344,49.8
"Gambia, The",GMB,2021,0.4776,2576010,62.755,781.89,63.7,62.648,2.8567,48.6
"Gambia, The",GMB,2022,0.4949,2636470,63.287,836.24,65.4,62.648,,47.7
"Gambia, The",GMB,2023,0.4738,2697845,63.802,883.02,66.9,62.648,,
Georgia,GEO,2000,5.2126,4077131,52.494,749.91,99.8,43.172,0.7859,47.2
Georgia,GEO,2001,3.8788,4014373,52.41,801.98,99.8,43.215,0.5483,53.1
Georgia,GEO,2002,3.5935,3978515,52.413,853.53,99.9,43.229,0.5658,56.8
Georgia,GEO,2003,3.9559,3951736,52.514,1010.03,100.0,43.258,0.7835,55.3
Georgia,GEO,2004,4.3124,3927340,52.717,1305.05,99.9,35.861,0.8095,54.5
Georgia,GEO,2005,4.9793,3902469,53.004,1642.78,97.9,36.264,0.7752,41.5
Georgia,GEO,2006,5.6816,3880347,53.359,1996.02,100.0,36.235,0.9548,37.2
Georgia,GEO,2007,6.5959,3860158,53.771,2635.37,100.0,36.221,0.9204,36.2
Georgia,GEO,2008,5.681,3848449,54.223,3324.75,100.0,36.178,0.783,36.3
Georgia,GEO,2009,6.4713,3814419,54.703,2822.69,100.0,35.948,0.7923,36.7
Georgia,GEO,2010,6.3124,3786695,55.197,3281.73,100.0,35.401,1.3383,39.1
Georgia,GEO,2011,7.5848,3756441,55.69,4119.67,100.0,35.148,1.8985,31.5
Georgia,GEO,2012,8.2738,3728874,56.168,4530.7,100.0,35.041,1.0843,28.7
Georgia,GEO,2013,9.1493,3717668,56.618,4712.0,100.0,35.776,0.7971,32.4
Georgia,GEO,2014,9.8404,3719414,57.024,4830.33,100.0,34.768,0.5221,30.7
Georgia,GEO,2015,10.647,3725276,57.38,4086.62,100.0,34.798,0.5341,27.5
Georgia,GEO,2016,11.0252,3727505,57.698,4143.4,100.0,34.451,0.5724,27.2
Georgia,GEO,2017,11.1709,3728004,58.0,4418.75,100.0,34.319,0.4723,27.5
Georgia,GEO,2018,11.137,3726549,58.304,4804.05,99.9,34.166,0.4512,27.4
Georgia,GEO,2019,11.9227,3720161,58.63,4741.28,100.0,34.143,0.6036,24.7
Georgia,GEO,2020,11.5406,3722716,58.999,4300.86,100.0,34.219,0.9255,23.4
Georgia,GEO,2021,12.3432,3708610,59.429,5083.61,100.0,34.248,1.3895,25.2
Georgia,GEO,2022,13.463,3712502,60.01,6729.85,100.0,34.306,,
Georgia,GEO,2023,13.5563,3715483,60.752,8283.67,100.0,34.133,,
Germany,DEU,2000,871.3847,82211508,80.094,23925.86,100.0,48.912,0.0941,3.7
Germany,DEU,2001,885.4745,82349925,80.107,23878.36,100.0,48.822,0.1315,3.9
Germany,DEU,2002,869.9404,82488495,80.121,25486.59,100.0,48.636,0.1048,4.4
Germany,DEU,2003,877.913,82534176,80.137,30711.1,100.0,48.74,0.0964,5.4
Germany,DEU,2004,863.3895,82516260,80.155,34566.74,100.0,48.78,0.1384,6.3
Germany,DEU,2005,841.7481,82469422,80.175,35084.44,100.0,48.833,0.1389,7.3
Germany,DEU,2006,855.4482,82376451,80.196,36980.33,100.0,48.595,0.1639,8.6
Germany,DEU,2007,826.5971,82266372,80.22,42350.92,100.0,48.613,0.1709,10.5
Germany,DEU,2008,829.9111,82110097,80.246,46379.16,100.0,48.536,0.306,10.2
Germany,DEU,2009,768.1326,81902307,80.275,42471.89,100.0,48.438,0.1589,10.7
Germany,DEU,2010,814.962,81776930,80.306,42396.97,100.0,47.91,0.1955,11.6
Germany,DEU,2011,788.1211,80274983,80.341,47630.98,100.0,47.966,0.2286,12.5
Germany,DEU,2012,800.0321,80425823,80.393,44718.02,100.0,47.811,0.1649,13.6
Germany,DEU,2013,817.8158,80645605,80.473,47206.84,100.0,47.859,0.1251,13.6
Germany,DEU,2014,778.7527,80982500,80.576,48959.6,100.0,47.936,0.0974,14.0
Germany,DEU,2015,784.9143,81686611,80.697,41929.75,100.0,47.959,0.076,14.6
Germany,DEU,2016,789.2489,82348669,80.835,42948.94,100.0,47.684,0.0642,14.2
Germany,DEU,2017,774.4767,82657002,80.984,45553.93,100.0,47.763,0.0683,15.2
Germany,DEU,2018,746.6974,82905782,81.142,48916.17,100.0,47.642,0.0848,16.0
Germany,DEU,2019,696.5002,83092962,81.305,47656.2,100.0,47.7,0.0926,17.1
Germany,DEU,2020,642.0878,83160871,81.47,47394.87,100.0,47.497,0.0767,18.5
Germany,DEU,2021,670.667,83196078,81.633,52349.25,100.0,47.486,0.0771,17.6
Germany,DEU,2022,658.0886,83177813,81.787,50506.52,100.0,47.501,,
Germany,DEU,2023,589.6596,83287273,81.903,54776.77,100.0,47.466,,
Ghana,GHA,2000,6.0172,19637087,43.937,253.75,43.7,56.102,13.7597,71.6
Ghana,GHA,2001,6.5036,20167069,44.641,263.54,44.8,56.685,12.7461,69.3
Ghana,GHA,2002,7.6803,20729388,45.348,297.46,46.8,57.355,13.4249,65.7
Ghana,GHA,2003,7.2083,21296705,46.055,358.4,48.3,55.336,15.6198,64.5
Ghana,GHA,2004,6.7168,21868298,46.757,406.13,50.8,52.165,12.3974,62.4
Ghana,GHA,2005,7.1058,22449438,47.453,478.61,41.2,53.264,11.7318,61.4
Ghana,GHA,2006,8.6407,23040702,48.139,906.44,55.1,52.93,7.5762,58.6
Ghana,GHA,2007,9.1225,23642279,48.813,1050.12,56.9,54.813,8.8282,54.5
Ghana,GHA,2008,8.6514,24249946,49.471,1182.66,60.5,52.759,9.1619,57.3
Ghana,GHA,2009,9.9181,24862664,50.111,1047.7,61.1,54.102,10.8116,51.9
Ghana,GHA,2010,11.128,25474995,50.73,1263.89,64.2,54.498,10.1146,51.9
Ghana,GHA,2011,11.9922,26095088,51.33,1507.44,64.1,54.091,16.0707,50.1
Ghana,GHA,2012,14.4756,26734268,51.92,1543.78,56.5,54.278,15.8227,46.5
Ghana,GHA,2013,15.3977,27386193,52.499,2294.8,70.7,54.773,10.8892,46.2
Ghana,GHA,2014,14.8352,28041592,53.066,1949.91,78.3,54.385,12.2495,47.7
Ghana,GHA,2015,15.6106,28696068,53.623,1722.77,74.0,54.564,10.5635,44.0
Ghana,GHA,2016,16.04,29356742,54.167,1912.48,79.3,54.311,8.6498,45.2
Ghana,GHA,2017,17.3725,30008354,54.699,2012.29,79.0,53.107,10.37,45.3
Ghana,GHA,2018,19.0565,30637585,55.218,2195.32,80.4,53.694,9.7904,42.1
Ghana,GHA,2019,20.2766,31258945,55.725,2186.66,83.5,54.849,9.7674,42.6
Ghana,GHA,2020,22.9458,31887809,56.217,2195.45,85.4,55.394,8.4866,40.0
Ghana,GHA,2021,24.4916,32518665,56.695,2445.19,86.3,55.393,13.3475,39.0
Ghana,GHA,2022,23.7878,33149152,57.251,2229.89,85.1,55.393,,
Ghana,GHA,2023,23.2246,33787914,57.807,2383.9,89.5,55.393,,
Gibraltar,GIB,2000,0.3412,27709,100.0,,99.9,,,0.0
Gibraltar,GIB,2001,0.35,27657,100.0,,99.9,,,0.0
Gibraltar,GIB,2002,0.3562,27831,100.0,,99.8,,,0.0
Gibraltar,GIB,2003,0.3625,28274,100.0,,99.8,,,0.0
Gibraltar,GIB,2004,0.3938,28715,100.0,,99.7,,,0.0
Gibraltar,GIB,2005,0.4063,29163,100.0,,99.7,,,0.0
Gibraltar,GIB,2006,0.425,29594,100.0,,99.7,,,0.0
Gibraltar,GIB,2007,0.4218,30006,100.0,,99.7,,,0.0
Gibraltar,GIB,2008,0.4311,30413,100.0,,99.7,,,0.0
Gibraltar,GIB,2009,0.4717,30823,100.0,,100.0,,,0.0
Gibraltar,GIB,2010,0.4748,31248,100.0,,100.0,,,0.0
Gibraltar,GIB,2011,0.4592,31660,100.0,,99.8,,,0.0
Gibraltar,GIB,2012,0.4686,32029,100.0,,99.9,,,0.0
Gibraltar,GIB,2013,0.4998,32407,100.0,,99.9,,,0.0
Gibraltar,GIB,2014,0.5373,32813,100.0,,99.9,,,0.0
Gibraltar,GIB,2015,0.5872,33193,100.0,,100.0,,,0.0
Gibraltar,GIB,2016,0.6123,33658,100.0,,100.0,,,0.0
Gibraltar,GIB,2017,0.6498,34245,100.0,,100.0,,,0.0
Gibraltar,GIB,2018,0.6897,34854,100.0,,100.0,,,0.0
Gibraltar,GIB,2019,0.7174,35494,100.0,,100.0,,,0.0
Gibraltar,GIB,2020,0.6394,36173,100.0,,100.0,,,0.0
Gibraltar,GIB,2021,0.6416,36858,100.0,,100.0,,,0.0
Gibraltar,GIB,2022,0.6357,37609,100.0,,100.0,,,
Gibraltar,GIB,2023,0.6292,38471,100.0,,100.0,,,
Greece,GRC,2000,96.0663,10805808,72.666,11638.2,100.0,66.168,0.0726,7.8
Greece,GRC,2001,98.1212,10862132,72.846,12156.96,100.0,65.462,0.1004,7.1
Greece,GRC,2002,98.0879,10902022,73.098,13782.2,100.0,64.725,0.0502,7.3
Greece,GRC,2003,101.8453,10928070,73.432,18020.61,100.0,64.019,0.0384,7.6
Greece,GRC,2004,101.5903,10955141,73.827,21449.26,100.0,62.684,0.159,7.8
Greece,GRC,2005,103.6398,10987314,74.262,22054.13,100.0,62.102,0.132,8.0
Greece,GRC,2006,102.3866,11020362,74.718,24416.02,100.0,61.001,0.1908,8.5
Greece,GRC,2007,106.0063,11048473,75.175,28440.76,100.0,60.147,0.323,8.1
Greece,GRC,2008,101.836,11077841,75.615,31695.83,100.0,59.403,0.3472,8.3
Greece,GRC,2009,96.2178,11107017,76.017,29425.46,100.0,58.65,0.1202,9.2
Greece,GRC,2010,89.0981,11121341,76.363,26653.05,100.0,58.099,0.2713,11.4
Greece,GRC,2011,86.1447,11104899,76.635,25504.79,100.0,57.378,0.3574,11.4
Greece,GRC,2012,81.555,11045011,76.868,21624.35,100.0,56.501,0.2341,14.2
Greece,GRC,2013,73.8775,10965211,77.095,21573.34,100.0,55.493,0.1614,16.6
Greece,GRC,2014,71.0085,10892413,77.313,21474.73,100.0,48.107,0.1248,16.4
Greece,GRC,2015,69.4522,10820883,77.519,17980.73,100.0,48.092,0.0714,17.5
Greece,GRC,2016,68.1612,10775971,77.712,17919.24,100.0,47.603,0.0906,16.4
Greece,GRC,2017,68.3839,10754679,77.89,18631.99,100.0,46.963,0.1077,16.4
Greece,GRC,2018,66.5357,10732882,78.049,19873.4,100.0,46.111,0.1079,17.9
Greece,GRC,2019,61.4927,10721582,78.189,19335.36,100.0,45.489,0.0705,18.5
Greece,GRC,2020,52.3606,10698599,78.307,17886.73,100.0,43.636,0.0388,20.1
Greece,GRC,2021,53.7151,10570130,78.388,20652.9,100.0,44.313,0.0875,21.5
Greece,GRC,2022,55.1164,10437805,78.55,20884.68,100.0,41.676,,
Greece,GRC,2023,51.2379,10407351,78.775,23343.71,100.0,41.676,,
Greenland,GRL,2000,0.0013,56185,81.452,19009.08,100.0,0.584,0.0,9.2
Greenland,GRL,2001,0.0014,56379,81.791,19265.52,100.0,0.585,0.0,8.7
Greenland,GRL,2002,0.0014,56595,82.075,20657.95,100.0,0.586,0.0,9.5
Greenland,GRL,2003,0.0014,56751,82.349,27466.65,100.0,0.586,0.0,9.5
Greenland,GRL,2004,0.6039,56898,82.563,32031.0,100.0,0.587,0.2249,6.7
Greenland,GRL,2005,0.6108,56935,82.69,32489.73,100.0,0.588,0.3354,7.0
Greenland,GRL,2006,0.6246,56775,82.847,35457.63,100.0,0.589,0.8095,7.1
Greenland,GRL,2007,0.6153,56555,83.204,39780.94,100.0,0.589,0.6723,6.9
Greenland,GRL,2008,0.6323,56328,83.622,44366.79,100.0,0.59,0.8449,6.9
Greenland,GRL,2009,0.5504,56323,83.856,44918.84,100.0,0.591,0.0,8.8
Greenland,GRL,2010,0.6428,56534,84.278,44277.2,100.0,0.592,0.0,10.1
Greenland,GRL,2011,0.6829,56890,84.529,47186.88,100.0,0.592,0.1146,10.2
Greenland,GRL,2012,0.5389,56810,84.886,45936.96,100.0,0.593,0.3539,10.1
Greenland,GRL,2013,0.5374,56483,85.373,47535.49,100.0,0.592,0.0191,11.2
Greenland,GRL,2014,0.4808,56295,85.677,50485.22,100.0,0.592,0.0,12.5
Greenland,GRL,2015,0.5188,56114,86.046,44536.35,100.0,0.592,0.0,13.1
Greenland,GRL,2016,0.5159,56186,86.226,48181.75,100.0,0.592,0.0,12.4
Greenland,GRL,2017,0.5031,56172,86.392,50765.75,100.0,0.592,0.0,11.3
Greenland,GRL,2018,0.5083,56023,86.725,54545.14,100.0,0.592,0.0,11.4
Greenland,GRL,2019,0.5239,56225,87.022,53309.2,100.0,0.592,0.0,10.9
Greenland,GRL,2020,0.5275,56367,87.284,54812.67,100.0,0.592,0.0,11.8
Greenland,GRL,2021,0.5484,56653,87.545,58135.99,100.0,0.592,,11.6
Greenland,GRL,2022,0.5904,56661,87.805,55635.0,100.0,0.592,,11.7
Greenland,GRL,2023,0.5849,56865,88.063,58498.97,100.0,0.592,,
Grenada,GRD,2000,0.0574,107451,35.87,4839.83,86.0,35.294,0.0,10.5
Grenada,GRD,2001,0.0583,107987,35.92,4819.51,86.3,38.235,0.0,10.4
Grenada,GRD,2002,0.0634,108404,35.92,4984.47,86.6,38.235,0.0,10.5
Grenada,GRD,2003,0.0696,108884,35.919,5427.96,86.9,35.294,0.0,10.4
Grenada,GRD,2004,0.0664,109323,35.918,5480.26,87.2,35.294,0.0,10.6
Grenada,GRD,2005,0.0713,109734,35.916,6338.56,87.5,26.471,0.0,10.6
Grenada,GRD,2006,0.0813,110135,35.912,6344.04,87.9,26.471,0.0,10.4
Grenada,GRD,2007,0.0905,110522,35.906,6864.55,88.2,26.471,0.0,9.9
Grenada,GRD,2008,0.0989,110896,35.898,7448.2,90.0,26.471,0.0,10.8
Grenada,GRD,2009,0.1063,111254,35.888,6932.56,89.0,29.412,0.0,10.5
Grenada,GRD,2010,0.1188,111586,35.874,6909.6,89.4,29.412,0.0,10.8
Grenada,GRD,2011,0.0919,112079,35.86,6947.38,88.8,29.412,0.0,11.4
Grenada,GRD,2012,0.0951,112775,35.865,7092.72,90.2,23.529,0.0,11.5
Grenada,GRD,2013,0.1226,113487,35.879,7424.8,90.6,23.529,0.0,10.8
Grenada,GRD,2014,0.11,114132,35.901,7986.33,91.0,23.529,0.0,11.0
Grenada,GRD,2015,0.1171,114676,35.932,8694.12,91.4,23.529,0.0,10.5
Grenada,GRD,2016,0.1276,115130,35.971,9221.23,91.8,23.529,0.0,10.4
Grenada,GRD,2017,0.128,115438,36.017,9751.43,92.2,23.529,0.0,10.2
Grenada,GRD,2018,0.1435,115691,36.072,10083.02,92.3,23.529,0.0,10.7
Grenada,GRD,2019,0.1804,115981,36.135,10462.79,93.0,23.529,0.0,10.4
Grenada,GRD,2020,0.1536,116341,36.205,8968.56,93.4,23.529,0.0,10.3
Grenada,GRD,2021,0.1608,116688,36.283,9617.29,93.7,23.529,0.0,10.2
Grenada,GRD,2022,0.1694,116913,36.369,10469.39,94.2,23.529,,10.0
Grenada,GRD,2023,0.1699,117081,36.462,11414.48,94.4,23.529,,
Guam,GUM,2000,0.0003,160065,93.14,,100.0,37.037,,0.4
Guam,GUM,2001,0.0003,161329,93.278,,100.0,37.037,,0.4
Guam,GUM,2002,0.0003,162315,93.417,20909.96,100.0,37.037,0.0,0.4
Guam,GUM,2003,0.0003,163137,93.55,21877.32,100.0,37.037,0.0,0.5
Guam,GUM,2004,0.0003,163810,93.676,23618.83,100.0,37.037,0.0,0.5
Guam,GUM,2005,0.0003,164365,93.79,25631.98,100.0,37.037,0.0,0.4
Guam,GUM,2006,0.0002,164839,93.889,25709.94,100.0,37.037,0.0,0.4
Guam,GUM,2007,0.0003,165267,93.971,26605.43,100.0,35.185,0.0,0.4
Guam,GUM,2008,0.0003,165693,94.031,28112.23,100.0,35.185,0.0,0.4
Guam,GUM,2009,0.0003,166173,94.067,29054.06,100.0,33.333,0.0,0.5
Guam,GUM,2010,0.0003,166522,94.077,29719.8,100.0,33.333,0.0,0.5
Guam,GUM,2011,0.0003,166543,94.077,29926.21,100.0,33.333,0.0,0.5
Guam,GUM,2012,0.0003,166331,94.078,31653.75,100.0,33.333,0.0,0.5
Guam,GUM,2013,0.0003,165966,94.078,32530.76,100.0,33.333,0.0,0.6
Guam,GUM,2014,0.0002,165486,94.079,33900.15,100.0,33.333,0.0,0.7
Guam,GUM,2015,0.0002,164905,94.079,35165.7,100.0,31.481,0.0,2.3
Guam,GUM,2016,0.0003,164233,94.079,35930.66,100.0,31.481,0.0,4.4
Guam,GUM,2017,0.0003,163490,94.08,36779.01,100.0,31.481,0.0,3.9
Guam,GUM,2018,0.0003,162679,94.08,37195.95,100.0,29.63,0.0,4.5
Guam,GUM,2019,0.0004,161808,94.08,39274.94,100.0,29.63,0.0,4.5
Guam,GUM,2020,0.0004,162158,94.08,36482.94,100.0,29.63,0.0,4.6
Guam,GUM,2021,0.0003,163730,94.088,38074.88,100.0,29.63,0.0,4.5
Guam,GUM,2022,0.0003,165180,94.107,41833.15,100.0,29.63,,6.7
Guam,GUM,2023,0.0003,166506,94.135,,100.0,29.63,,
Guatemala,GTM,2000,9.6791,11697592,43.243,1648.97,73.3,44.436,1.6553,62.7
Guatemala,GTM,2001,10.1703,11969422,44.678,1537.69,73.7,45.018,1.5169,61.3
Guatemala,GTM,2002,10.6383,12246915,45.775,1669.34,78.7,45.601,1.4955,63.8
Guatemala,GTM,2003,10.6273,12525842,46.587,1722.55,78.5,46.183,1.5553,64.3
Guatemala,GTM,2004,10.8357,12807402,47.327,1840.91,77.2,44.074,1.4563,66.1
Guatemala,GTM,2005,11.7657,13087629,48.056,2046.47,78.3,42.572,1.5556,65.2
Guatemala,GTM,2006,11.9282,13367459,48.768,2225.12,83.7,40.271,1.9339,64.7
Guatemala,GTM,2007,12.6993,13652040,49.457,2458.82,80.7,41.508,1.9506,63.3
Guatemala,GTM,2008,11.5613,13935174,50.117,2763.06,81.9,41.377,1.9318,66.5
Guatemala,GTM,2009,12.1995,14215611,50.742,2611.65,83.1,40.776,1.6378,65.3
Guatemala,GTM,2010,11.7791,14500112,51.327,2805.26,84.3,40.287,2.6452,67.1
Guatemala,GTM,2011,12.1427,14792126,51.866,3168.98,84.0,40.078,2.862,67.1
Guatemala,GTM,2012,12.5792,15089647,52.352,3286.62,86.8,39.776,2.1811,67.4
Guatemala,GTM,2013,13.5353,15387337,52.781,3444.16,88.1,39.408,2.1898,67.2
Guatemala,GTM,2014,14.5357,15681725,53.146,3689.15,85.5,39.986,2.9811,66.2
Guatemala,GTM,2015,16.9576,15971743,53.441,3893.51,90.5,41.657,1.7857,63.3
Guatemala,GTM,2016,18.0238,16268760,53.661,4060.14,91.8,41.935,2.0183,63.2
Guatemala,GTM,2017,17.0573,16567357,53.799,4325.0,93.3,42.214,1.5029,65.0
Guatemala,GTM,2018,18.7397,16845685,53.846,4352.95,94.2,42.492,1.1939,64.0
Guatemala,GTM,2019,19.663,17103803,54.188,4512.0,95.4,42.77,1.1479,62.8
Guatemala,GTM,2020,17.6187,17357325,54.548,4477.62,96.6,43.038,1.3525,65.5
Guatemala,GTM,2021,20.2047,17598650,54.905,4912.62,97.9,43.038,1.9293,62.1
Guatemala,GTM,2022,18.9518,17847877,55.258,5356.92,99.1,43.038,,
Guatemala,GTM,2023,20.1279,18124838,55.608,5754.43,100.0,43.038,,
Guinea,GIN,2000,1.4601,8428832,30.923,518.16,15.2,57.236,12.3847,85.5
Guinea,GIN,2001,1.5754,8539960,31.218,483.09,16.4,57.23,12.0823,84.8
Guinea,GIN,2002,1.698,8674066,31.513,495.92,17.7,57.373,12.1115,84.3
Guinea,GIN,2003,1.7983,8870781,31.809,566.49,18.9,57.442,14.8964,83.5
Guinea,GIN,2004,1.8304,9062726,32.103,584.9,20.2,57.464,14.1599,83.2
Guinea,GIN,2005,1.7523,9245844,32.396,463.18,20.2,57.502,21.0875,81.6
Guinea,GIN,2006,1.8567,9441171,32.687,446.98,22.8,57.793,17.7857,81.1
Guinea,GIN,2007,1.9398,9662281,32.974,650.15,24.1,58.319,16.2933,80.4
Guinea,GIN,2008,2.062,9898870,33.257,703.53,25.4,58.929,15.224,80.2
Guinea,GIN,2009,2.1879,10143534,33.535,662.19,26.7,58.463,15.5855,79.2
Guinea,GIN,2010,2.5103,10396086,33.808,659.24,28.1,61.289,15.2921,75.7
Guinea,GIN,2011,2.6535,10656810,34.073,636.69,29.5,61.491,18.1995,74.8
Guinea,GIN,2012,2.5111,10921581,34.331,699.35,26.2,63.331,16.6317,76.4
Guinea,GIN,2013,2.2699,11191873,34.581,748.46,32.2,63.69,14.2502,78.5
Guinea,GIN,2014,2.3734,11472924,34.818,765.15,33.5,65.226,14.932,78.6
Guinea,GIN,2015,2.8673,11767070,35.037,747.36,34.9,66.089,14.1139,76.2
Guinea,GIN,2016,3.2295,12073030,35.31,712.0,33.5,66.509,18.1064,75.3
Guinea,GIN,2017,3.2701,12385659,35.583,833.6,35.4,67.285,18.9531,72.0
Guinea,GIN,2018,3.7415,12704774,35.855,933.27,45.0,67.979,13.7024,73.2
Guinea,GIN,2019,4.814,13034346,36.128,1031.34,42.2,67.912,4.6579,68.3
Guinea,GIN,2020,5.3934,13371183,36.48,1053.66,44.7,69.097,4.8277,65.8
Guinea,GIN,2021,5.0777,13710513,36.85,1244.97,46.8,70.553,4.5196,66.8
Guinea,GIN,2022,5.2208,14055137,37.238,1416.6,47.7,71.949,,66.6
Guinea,GIN,2023,5.0264,14405468,37.645,1555.49,51.1,73.229,,
Guinea-Bissau,GNB,2000,0.2011,1234741,36.841,316.95,,23.582,11.8568,91.2
Guinea-Bissau,GNB,2001,0.2115,1261273,37.163,327.14,,23.882,11.027,91.2
Guinea-Bissau,GNB,2002,0.2233,1289307,37.473,362.03,1.3,24.182,12.5779,91.0
Guinea-Bissau,GNB,2003,0.2645,1318806,37.777,419.78,2.6,24.483,17.8268,89.0
Guinea-Bissau,GNB,2004,0.2697,1349563,38.078,431.38,3.9,24.783,14.1311,88.6
Guinea-Bissau,GNB,2005,0.2753,1381585,38.38,463.07,5.2,25.083,13.3964,88.5
Guinea-Bissau,GNB,2006,0.2891,1415303,38.687,448.51,14.5,25.384,13.3637,88.3
Guinea-Bissau,GNB,2007,0.3073,1450986,39.003,519.07,7.9,25.684,16.7234,87.9
Guinea-Bissau,GNB,2008,0.2916,1488054,39.332,640.21,9.3,25.984,15.9806,88.4
Guinea-Bissau,GNB,2009,0.3091,1526377,39.672,583.19,4.7,26.285,17.1974,87.9
Guinea-Bissau,GNB,2010,0.3138,1566347,40.01,600.19,6.0,26.585,14.9307,87.8
Guinea-Bissau,GNB,2011,0.3184,1608076,40.439,719.54,13.5,26.885,13.2488,87.9
Guinea-Bissau,GNB,2012,0.3202,1651417,40.869,635.46,14.9,27.186,17.1199,87.8
Guinea-Bissau,GNB,2013,0.3295,1695973,41.298,654.3,16.3,27.486,16.9399,87.7
Guinea-Bissau,GNB,2014,0.3412,1741122,41.727,652.02,17.2,27.786,18.6988,87.3
Guinea-Bissau,GNB,2015,0.3625,1786457,42.157,645.07,20.1,28.086,19.8714,87.2
Guinea-Bissau,GNB,2016,0.3788,1831893,42.586,679.67,22.9,28.266,18.7015,86.8
Guinea-Bissau,GNB,2017,0.3066,1877072,43.016,783.12,26.0,28.268,15.9857,86.8
Guinea-Bissau,GNB,2018,0.3526,1922168,43.445,808.53,28.4,28.827,9.8889,86.6
Guinea-Bissau,GNB,2019,0.3566,1967696,43.875,811.21,30.9,29.052,9.9474,86.2
Guinea-Bissau,GNB,2020,0.3363,2013255,44.304,846.92,33.4,29.335,11.1516,87.2
Guinea-Bissau,GNB,2021,0.336,2058841,44.733,926.55,35.8,29.849,10.4285,87.4
Guinea-Bissau,GNB,2022,0.3439,2105529,45.163,881.6,37.4,29.624,,87.4
Guinea-Bissau,GNB,2023,0.3293,2153339,45.592,964.43,40.5,29.891,,
Guyana,GUY,2000,1.6621,764832,28.761,931.8,74.6,3.634,15.5078,30.4
Guyana,GUY,2001,1.6456,764477,28.619,931.57,75.1,3.644,12.9135,31.0
Guyana,GUY,2002,1.6237,763652,28.48,950.87,75.7,3.646,12.7851,34.2
Guyana,GUY,2003,1.6197,763101,28.308,973.74,76.2,3.648,16.9482,34.6
Guyana,GUY,2004,1.6735,762418,28.067,1033.31,76.8,3.65,21.1993,35.5
Guyana,GUY,2005,1.4834,760914,27.776,1084.07,77.5,3.653,20.9116,34.7
Guyana,GUY,2006,1.3346,758966,27.46,3135.61,73.4,3.653,9.7064,36.8
Guyana,GUY,2007,1.607,756861,27.146,3608.29,78.5,3.653,10.8075,33.1
Guyana,GUY,2008,1.6055,754606,26.857,4008.96,79.1,3.653,10.3636,32.6
Guyana,GUY,2009,1.629,752094,26.62,4209.13,77.6,3.653,10.7158,31.3
Guyana,GUY,2010,1.7612,749256,26.459,4581.76,83.3,3.653,14.5922,30.6
Guyana,GUY,2011,1.8334,746153,26.4,4947.22,84.2,3.653,16.5318,32.8
Guyana,GUY,2012,2.0026,746288,26.4,5444.4,85.1,3.653,16.5328,28.7
Guyana,GUY,2013,1.9774,750021,26.4,5556.91,86.0,3.653,13.9425,26.9
Guyana,GUY,2014,2.0651,754229,26.402,5472.69,86.9,3.653,10.7966,24.0
Guyana,GUY,2015,2.0746,758781,26.404,5640.42,88.0,3.653,8.5644,25.0
Guyana,GUY,2016,2.4564,763548,26.408,5870.88,89.0,3.653,16.0896,21.3
Guyana,GUY,2017,2.4688,768479,26.413,6178.67,90.0,3.653,13.1616,22.1
Guyana,GUY,2018,2.5808,791556,26.419,6048.39,90.9,3.653,6.6086,16.8
Guyana,GUY,2019,2.7934,807665,26.426,6405.82,91.6,3.653,5.9625,11.3
Guyana,GUY,2020,3.3298,807481,26.434,6775.71,92.3,3.405,13.8985,12.0
Guyana,GUY,2021,3.3211,815482,26.443,9860.87,92.9,3.41,33.6833,13.2
Guyana,GUY,2022,3.684,821637,26.454,17913.49,93.0,3.41,,12.1
Guyana,GUY,2023,3.7405,826353,26.465,20473.7,98.9,3.41,,
Haiti,HTI,2000,1.6951,8303151,36.841,820.6,33.7,61.321,0.3494,80.8
Haiti,HTI,2001,1.728,8455918,38.387,748.82,31.5,60.595,0.3833,80.9
Haiti,HTI,2002,1.9515,8607641,39.971,720.97,33.1,60.595,0.3969,79.1
Haiti,HTI,2003,1.9374,8759912,41.201,579.0,31.6,60.595,0.5183,79.0
Haiti,HTI,2004,1.7908,8910263,41.871,683.19,34.1,60.595,0.4151,81.1
Haiti,HTI,2005,1.8291,9061273,42.579,775.85,34.5,64.224,0.3535,81.1
Haiti,HTI,2006,1.8514,9216562,43.285,828.81,33.9,64.224,0.4745,81.4
Haiti,HTI,2007,2.1838,9373296,43.987,984.57,35.5,64.224,0.4036,79.3
Haiti,HTI,2008,2.1633,9530774,44.685,1094.66,36.1,64.224,0.3997,79.6
Haiti,HTI,2009,2.1233,9689581,45.379,1196.85,36.6,65.905,0.3375,80.3
Haiti,HTI,2010,2.5989,9803294,46.068,1209.73,37.2,71.988,0.6657,79.0
Haiti,HTI,2011,2.9444,9914904,46.752,1312.04,37.8,72.896,0.5302,79.0
Haiti,HTI,2012,2.7586,10069771,47.431,1361.39,37.9,73.44,0.4934,82.2
Haiti,HTI,2013,2.9774,10222362,48.105,1457.83,38.9,75.036,0.5865,80.4
Haiti,HTI,2014,3.2283,10373235,48.772,1460.19,39.6,75.036,0.6993,77.8
Haiti,HTI,2015,3.494,10523242,49.433,1411.13,40.8,75.036,0.5748,76.1
Haiti,HTI,2016,3.578,10671457,50.088,1318.4,40.4,75.036,0.7902,76.1
Haiti,HTI,2017,3.5867,10817754,50.735,1395.24,43.3,72.932,0.6573,76.2
Haiti,HTI,2018,3.5577,10962362,51.375,1496.38,44.4,72.388,0.4403,76.2
Haiti,HTI,2019,3.5949,11105163,52.007,1352.17,45.4,64.949,0.4433,76.4
Haiti,HTI,2020,3.4445,11243848,52.631,1290.33,46.3,64.949,0.5778,76.3
Haiti,HTI,2021,3.4083,11374586,53.246,1824.68,47.2,65.131,0.3276,76.7
Haiti,HTI,2022,3.3893,11503606,53.852,1748.41,49.3,65.131,,
Haiti,HTI,2023,3.3805,11637398,54.45,1681.84,51.3,65.131,,
Heavily indebted poor countries (HIPC),HPC,2000,85.0433,481628012,28.253,377.74,17.83,35.458,7.8495,85.358
Heavily indebted poor countries (HIPC),HPC,2001,89.6683,494824112,28.593,355.44,18.7,35.605,7.2929,84.952
Heavily indebted poor countries (HIPC),HPC,2002,93.9441,509293837,28.912,374.82,19.4,35.716,7.7942,84.455
Heavily indebted poor countries (HIPC),HPC,2003,97.6364,524375932,29.219,413.08,20.87,35.912,9.7087,84.27
Heavily indebted poor countries (HIPC),HPC,2004,102.9049,539388313,29.542,462.69,21.92,35.716,9.2725,83.945
Heavily indebted poor countries (HIPC),HPC,2005,108.1827,554927452,29.871,520.05,21.66,36.171,10.814,83.926
Heavily indebted poor countries (HIPC),HPC,2006,117.7943,571013586,30.221,593.59,24.29,36.318,11.5252,83.182
Heavily indebted poor countries (HIPC),HPC,2007,126.9091,586992483,30.536,688.8,25.84,36.52,12.2407,81.736
Heavily indebted poor countries (HIPC),HPC,2008,133.5516,603575028,30.972,797.85,25.8,36.647,13.1351,81.233
Heavily indebted poor countries (HIPC),HPC,2009,141.3121,620916734,31.364,765.23,27.02,36.88,9.928,80.445
Heavily indebted poor countries (HIPC),HPC,2010,152.5948,638389596,31.765,812.48,28.68,37.148,10.885,79.612
Heavily indebted poor countries (HIPC),HPC,2011,166.3951,656367599,32.173,873.65,29.17,37.364,13.2332,78.897
Heavily indebted poor countries (HIPC),HPC,2012,177.3274,674950539,32.58,881.64,31.89,39.747,11.8859,77.855
Heavily indebted poor countries (HIPC),HPC,2013,184.8842,694136340,33.009,961.22,32.88,39.992,10.5343,77.655
Heavily indebted poor countries (HIPC),HPC,2014,193.4491,714234635,33.45,987.6,35.34,40.153,9.6701,77.378
Heavily indebted poor countries (HIPC),HPC,2015,210.2328,734837721,33.876,917.92,35.45,40.345,8.1878,76.553
Heavily indebted poor countries (HIPC),HPC,2016,223.9706,756237630,34.306,895.29,40.58,40.439,8.4174,76.086
Heavily indebted poor countries (HIPC),HPC,2017,234.0451,778657210,34.744,944.11,41.47,40.597,8.8721,75.919
Heavily indebted poor countries (HIPC),HPC,2018,247.2205,801220102,35.19,986.45,43.97,40.823,7.8533,75.252
Heavily indebted poor countries (HIPC),HPC,2019,259.3434,823805910,35.608,984.55,45.01,40.933,6.7208,74.845
Heavily indebted poor countries (HIPC),HPC,2020,256.1541,846861642,36.024,963.81,46.33,41.009,6.6063,76.035
Heavily indebted poor countries (HIPC),HPC,2021,278.5806,869987833,36.466,1062.59,48.01,41.125,11.3095,
Heavily indebted poor countries (HIPC),HPC,2022,288.2233,892885172,36.941,1123.27,48.6,41.197,,
Heavily indebted poor countries (HIPC),HPC,2023,289.1843,916223767,37.383,1157.85,50.52,41.256,,
Honduras,HND,2000,5.0003,6577773,45.323,1092.56,67.4,26.231,1.3711,55.2
Honduras,HND,2001,5.8868,6757993,45.862,1132.16,64.2,26.24,1.4383,50.4
Honduras,HND,2002,6.2176,6938859,46.419,1132.5,63.1,27.062,1.3705,49.8
Honduras,HND,2003,6.8829,7119213,46.99,1156.08,65.1,28.179,1.2168,47.9
Honduras,HND,2004,7.8297,7298994,47.574,1215.14,67.1,28.063,1.1707,46.7
Honduras,HND,2005,7.0955,7478355,48.17,1304.7,68.9,28.153,1.1962,51.4
Honduras,HND,2006,8.1471,7656832,48.779,1425.85,71.3,28.242,1.9389,52.2
Honduras,HND,2007,8.667,7834798,49.399,1577.74,73.5,28.242,1.6614,50.6
Honduras,HND,2008,8.6651,8012587,50.031,1732.49,76.4,28.457,1.2068,50.0
Honduras,HND,2009,8.1702,8189899,50.674,1781.16,78.3,28.582,1.1644,50.5
Honduras,HND,2010,7.9832,8365878,51.327,1893.33,81.0,29.207,2.3646,53.6
Honduras,HND,2011,9.491,8540583,51.991,2073.66,82.2,29.592,1.7045,50.9
Honduras,HND,2012,9.9296,8715076,52.664,2126.03,83.6,30.012,1.6306,49.3
Honduras,HND,2013,10.1202,8889278,53.356,2081.13,87.2,30.119,1.7821,51.1
Honduras,HND,2014,9.9347,9063122,53.877,2179.88,88.7,30.164,2.2661,52.2
Honduras,HND,2015,10.8188,9237305,54.383,2271.2,90.0,30.164,1.5685,50.8
Honduras,HND,2016,9.7321,9412380,54.887,2307.34,91.6,30.601,2.0157,52.7
Honduras,HND,2017,9.3472,9588137,55.388,2413.01,86.5,31.173,1.7291,45.6
Honduras,HND,2018,9.0061,9765210,55.885,2464.64,91.6,31.361,1.0718,48.9
Honduras,HND,2019,10.1525,9943633,56.379,2502.33,91.1,31.361,0.9169,46.2
Honduras,HND,2020,9.222,10119640,56.869,2307.61,93.1,31.62,1.2333,50.2
Honduras,HND,2021,10.3706,10289877,57.355,2735.15,94.1,31.96,1.2246,45.9
Honduras,HND,2022,10.5707,10463872,57.836,3003.29,94.4,31.96,,
Honduras,HND,2023,11.8491,10644851,58.313,3227.46,95.6,31.96,,
"Hong Kong SAR, China",HKG,2000,41.901,6665000,100.0,25756.77,100.0,6.667,0.0005,0.0
"Hong Kong SAR, China",HKG,2001,41.8569,6714300,100.0,25230.38,100.0,6.667,0.0006,0.1
"Hong Kong SAR, China",HKG,2002,40.9513,6744100,100.0,24665.84,100.0,6.667,0.0007,0.1
"Hong Kong SAR, China",HKG,2003,44.5174,6730800,100.0,23977.17,100.0,6.667,0.001,0.1
"Hong Kong SAR, China",HKG,2004,40.7516,6783500,100.0,24928.1,100.0,6.667,0.001,0.1
"Hong Kong SAR, China",HKG,2005,43.0054,6813200,100.0,26649.64,100.0,6.667,0.0006,0.1
"Hong Kong SAR, China",HKG,2006,42.4322,6857100,100.0,28224.1,100.0,5.714,0.0007,0.1
"Hong Kong SAR, China",HKG,2007,44.4311,6916300,100.0,30593.95,100.0,5.714,0.0009,0.1
"Hong Kong SAR, China",HKG,2008,43.1304,6957800,100.0,31515.53,100.0,5.714,0.0015,0.1
"Hong Kong SAR, China",HKG,2009,45.1455,6972800,100.0,30697.54,100.0,5.714,0.0014,0.1
"Hong Kong SAR, China",HKG,2010,42.2277,7024200,100.0,32550.14,100.0,5.238,0.0021,0.1
"Hong Kong SAR, China",HKG,2011,45.1822,7071600,100.0,35142.49,100.0,5.238,0.0084,0.5
"Hong Kong SAR, China",HKG,2012,44.647,7150100,100.0,36730.8,100.0,4.857,0.0023,0.2
"Hong Kong SAR, China",HKG,2013,46.1858,7178900,100.0,38403.78,100.0,4.857,0.0038,0.3
"Hong Kong SAR, China",HKG,2014,47.5543,7229500,100.0,40315.37,100.0,4.857,0.0174,0.2
"Hong Kong SAR, China",HKG,2015,44.2455,7291300,100.0,42432.16,100.0,4.857,0.0013,0.2
"Hong Kong SAR, China",HKG,2016,45.0794,7336600,100.0,43734.2,100.0,4.762,0.0014,0.2
"Hong Kong SAR, China",HKG,2017,44.1348,7393200,100.0,46160.43,100.0,4.857,0.0016,0.2
"Hong Kong SAR, China",HKG,2018,44.0591,7452600,100.0,48537.57,100.0,4.762,0.0011,0.2
"Hong Kong SAR, China",HKG,2019,43.5082,7507900,100.0,48359.0,100.0,4.762,0.0009,0.2
"Hong Kong SAR, China",HKG,2020,34.0619,7481000,100.0,46109.23,100.0,3.81,0.0009,0.3
"Hong Kong SAR, China",HKG,2021,34.5373,7413100,100.0,49770.56,100.0,3.81,0.001,0.4
"Hong Kong SAR, China",HKG,2022,32.1322,7346100,100.0,48825.03,100.0,3.81,,
"Hong Kong SAR, China",HKG,2023,34.1194,7536100,100.0,50525.11,100.0,3.81,,
Hungary,HUN,2000,59.4623,10210971,64.26,4629.92,100.0,65.32,0.7134,5.2
Hungary,HUN,2001,61.0051,10187576,64.647,5280.95,100.0,65.443,0.685,5.1
Hungary,HUN,2002,59.9824,10158608,65.04,6658.04,100.0,65.264,0.4542,5.2
Hungary,HUN,2003,62.681,10129552,64.845,8410.09,100.0,65.443,0.4181,5.0
Hungary,HUN,2004,60.8195,10107146,65.023,10291.27,100.0,65.432,0.4494,4.6
Hungary,HUN,2005,61.2153,10087065,66.126,11212.2,99.9,65.428,0.4093,7.3
Hungary,HUN,2006,60.6797,10071370,67.016,11478.49,99.9,64.825,0.5433,7.9
Hungary,HUN,2007,59.1451,10055780,67.004,13934.61,100.0,64.803,0.4668,9.0
Hungary,HUN,2008,57.8384,10038188,68.098,15762.63,100.0,64.613,0.6597,9.0
Hungary,HUN,2009,51.7014,10022650,68.459,13051.18,100.0,63.879,0.4745,12.3
Hungary,HUN,2010,52.3463,10000023,69.531,13189.84,100.0,59.019,0.5022,13.5
Hungary,HUN,2011,51.4367,9971727,69.478,14211.46,100.0,58.953,0.6756,14.7
Hungary,HUN,2012,47.6527,9920362,69.577,12950.16,100.0,58.964,0.6184,16.5
Hungary,HUN,2013,44.7966,9872734,69.928,13739.46,100.0,58.069,0.5078,17.2
Hungary,HUN,2014,44.8322,9833038,70.307,14352.5,100.0,57.681,0.4034,15.7
Hungary,HUN,2015,47.541,9797755,70.485,12782.94,100.0,57.681,0.2851,15.6
Hungary,HUN,2016,48.2651,9759755,70.473,13215.86,100.0,57.879,0.227,15.3
Hungary,HUN,2017,51.1346,9726756,70.454,14736.17,100.0,58.109,0.2826,14.6
Hungary,HUN,2018,51.2595,9706964,70.471,16605.06,100.0,58.032,0.3476,13.6
Hungary,HUN,2019,51.5028,9694824,70.457,17012.86,100.0,57.835,0.3039,13.6
Hungary,HUN,2020,49.6521,9670419,70.292,16386.93,100.0,53.875,0.2047,14.8
Hungary,HUN,2021,50.986,9630932,70.206,19030.63,100.0,55.267,0.4024,15.3
Hungary,HUN,2022,47.5733,9605074,70.159,18428.03,100.0,55.621,,
Hungary,HUN,2023,42.9776,9592186,70.292,22208.65,100.0,55.699,,
IBRD only,IBD,2000,10895.6889,3983328255,43.667,1477.69,84.55,36.54,5.9283,23.454
IBRD only,IBD,2001,11169.6235,4031080605,44.291,1481.39,85.26,36.506,5.2498,22.913
IBRD only,IBD,2002,11602.6851,4077229003,44.975,1487.72,85.6,36.513,5.0591,22.554
IBRD only,IBD,2003,12560.1685,4122775918,45.67,1652.81,86.56,36.28,5.2327,21.563
IBRD only,IBD,2004,13577.2996,4168676771,46.294,1947.24,86.72,36.306,6.8518,20.299
IBRD only,IBD,2005,14537.3383,4214082145,46.915,2300.56,87.73,36.069,8.127,19.314
IBRD only,IBD,2006,15548.3107,4258827055,47.577,2700.56,88.17,36.084,8.8417,18.78
IBRD only,IBD,2007,16487.4251,4302067550,48.296,3321.08,89.32,36.093,8.641,18.023
IBRD only,IBD,2008,16954.3759,4346234014,48.89,3945.35,90.17,36.003,11.0231,17.632
IBRD only,IBD,2009,17350.971,4391389527,49.569,3790.75,90.67,35.985,6.0228,17.483
IBRD only,IBD,2010,18650.7533,4436714947,50.108,4561.89,91.45,36.082,7.5088,16.751
IBRD only,IBD,2011,19890.038,4483152627,51.147,5343.53,92.51,36.062,9.17,15.954
IBRD only,IBD,2012,20561.6684,4532100585,51.786,5618.14,92.77,36.065,7.2321,15.88
IBRD only,IBD,2013,21129.6554,4581958556,52.5,5846.26,93.78,36.089,6.1005,16.017
IBRD only,IBD,2014,21444.8878,4630607878,53.184,5950.16,94.42,36.029,5.1379,16.003
IBRD only,IBD,2015,21323.0323,4676773551,53.933,5546.82,95.18,36.064,2.855,16.021
IBRD only,IBD,2016,21417.9112,4721566970,54.602,5535.22,95.84,36.033,2.5475,16.285
IBRD only,IBD,2017,21961.4893,4765773411,55.222,6053.47,96.6,35.984,3.2039,16.392
IBRD only,IBD,2018,22784.9265,4806981820,55.86,6392.21,97.75,35.966,4.0886,16.627
IBRD only,IBD,2019,23217.0499,4845075024,56.428,6474.8,97.87,35.945,3.3486,17.067
IBRD only,IBD,2020,22792.5059,4878296727,56.865,6189.47,98.06,36.016,2.2699,18.009
IBRD only,IBD,2021,24147.9352,4905212516,57.419,7312.41,99.11,36.017,4.6203,
IBRD only,IBD,2022,24350.696,4928196300,57.755,7679.79,98.97,35.954,,
IBRD only,IBD,2023,25256.2848,4952209753,58.031,7892.13,99.09,35.83,,
IDA & IBRD total,IBT,2000,11474.4767,5116367192,40.618,1251.9,73.97,36.728,6.1371,29.203
IDA & IBRD total,IBT,2001,11767.8975,5191975532,41.168,1248.98,74.59,36.738,5.428,28.757
IDA & IBRD total,IBT,2002,12199.4608,5266759631,41.767,1256.74,75.08,36.764,5.2468,28.462
IDA & IBRD total,IBT,2003,13174.2726,5341441991,42.377,1392.52,76.14,36.635,5.5027,27.499
IDA & IBRD total,IBT,2004,14216.2739,5416713041,42.937,1633.27,76.15,36.617,7.0053,26.117
IDA & IBRD total,IBT,2005,15195.753,5492049553,43.496,1919.86,77.06,36.525,8.3001,25.083
IDA & IBRD total,IBT,2006,16231.2428,5567795358,44.086,2247.89,77.86,36.567,8.9719,24.458
IDA & IBRD total,IBT,2007,17195.0303,5643066022,44.71,2742.9,78.62,36.613,8.7654,23.58
IDA & IBRD total,IBT,2008,17679.1856,5719633233,45.244,3246.16,79.46,36.567,11.0951,23.192
IDA & IBRD total,IBT,2009,18066.1189,5797573486,45.83,3109.98,79.95,36.598,6.1735,23.168
IDA & IBRD total,IBT,2010,19407.0902,5876238780,46.304,3717.28,80.65,36.712,7.6475,22.291
IDA & IBRD total,IBT,2011,20679.5121,5956303101,47.16,4326.08,81.92,36.749,9.3567,21.508
IDA & IBRD total,IBT,2012,21343.3299,6038511525,47.725,4533.15,82.44,37.302,7.4128,21.397
IDA & IBRD total,IBT,2013,21926.7279,6119970296,48.352,4717.04,83.36,37.367,6.2516,21.568
IDA & IBRD total,IBT,2014,22276.0761,6201072972,48.934,4804.51,83.94,37.361,5.2796,21.529
IDA & IBRD total,IBT,2015,22173.5836,6280370137,49.555,4477.24,84.81,37.427,3.0106,21.616
IDA & IBRD total,IBT,2016,22334.3242,6359496256,50.117,4450.01,86.2,37.435,2.7121,21.813
IDA & IBRD total,IBT,2017,22929.7486,6439279067,50.645,4833.03,87.18,37.438,3.379,21.833
IDA & IBRD total,IBT,2018,23769.4214,6517257782,51.183,5085.08,88.21,37.472,4.2024,21.959
IDA & IBRD total,IBT,2019,24225.4473,6593373309,51.665,5168.03,88.57,37.469,3.4916,22.432
IDA & IBRD total,IBT,2020,23819.1173,6665588686,52.045,4923.4,88.92,37.55,2.4227,23.435
IDA & IBRD total,IBT,2021,25245.5805,6731708832,52.508,5754.18,90.02,37.566,4.7983,
IDA & IBRD total,IBT,2022,25454.3567,6793703268,52.816,6024.33,89.95,37.537,,
IDA & IBRD total,IBT,2023,26334.9494,6857438587,53.082,6126.39,90.32,37.461,,
IDA blend,IDB,2000,392.3311,394129957,37.103,619.82,55.65,43.732,10.6671,58.795
IDA blend,IDB,2001,401.6256,404662385,37.608,602.89,56.71,43.74,8.9085,58.901
IDA blend,IDB,2002,392.2155,414935066,38.145,644.97,57.42,43.758,7.9589,59.097
IDA blend,IDB,2003,396.7298,425311302,38.705,712.28,60.1,43.798,8.5658,59.376
IDA blend,IDB,2004,411.733,436147454,39.271,837.14,59.14,43.88,9.4376,59.383
IDA blend,IDB,2005,410.2152,447132945,39.835,957.94,60.22,43.946,11.5553,60.114
IDA blend,IDB,2006,421.0849,458394453,40.389,1148.89,61.13,44.02,11.5329,59.773
IDA blend,IDB,2007,426.6176,470476526,40.889,1296.22,62.3,44.083,10.8779,59.799
IDA blend,IDB,2008,433.0201,482975881,41.345,1479.93,63.33,43.97,12.7295,59.882
IDA blend,IDB,2009,415.1875,495610570,41.747,1350.17,63.12,44.025,7.8971,61.546
IDA blend,IDB,2010,440.1736,508422508,42.115,1546.66,63.95,44.084,10.2358,60.594
IDA blend,IDB,2011,457.2685,520984443,42.508,1719.51,68.05,44.4,12.7428,60.2
IDA blend,IDB,2012,439.8433,532980174,42.916,1858.8,67.75,44.656,11.0972,62.204
IDA blend,IDB,2013,458.1854,544442648,43.328,1985.52,69.2,44.773,8.8116,61.937
IDA blend,IDB,2014,470.8718,555868551,43.752,2113.89,68.47,45.002,6.9719,61.535
IDA blend,IDB,2015,473.68,567234056,44.19,1967.89,68.79,45.256,4.1106,61.752
IDA blend,IDB,2016,505.2284,578463670,44.65,1810.82,72.55,45.334,3.9367,60.484
IDA blend,IDB,2017,518.2893,590024074,45.114,1808.87,71.65,45.491,5.6095,59.797
IDA blend,IDB,2018,509.3423,601951913,45.577,1873.74,73.15,45.866,6.7465,60.046
IDA blend,IDB,2019,514.5001,614017319,46.054,2210.56,73.91,45.785,6.2645,60.707
IDA blend,IDB,2020,537.153,626440308,46.569,2014.81,74.49,46.045,4.237,60.074
IDA blend,IDB,2021,574.2233,639196319,47.095,2148.32,76.47,46.084,7.1768,
IDA blend,IDB,2022,577.3607,651895919,47.633,2241.23,77.0,46.134,,
IDA blend,IDB,2023,550.2248,664395892,48.177,1922.68,77.92,46.307,,
IDA only,IDX,2000,186.4567,738908980,26.057,373.05,25.92,35.539,6.5801,77.43
IDA only,IDX,2001,196.6484,756232542,26.431,356.7,26.51,35.731,6.2447,76.639
IDA only,IDX,2002,204.5602,774595562,26.82,369.92,28.51,35.834,6.7175,76.24
IDA only,IDX,2003,217.3743,793354771,27.232,405.97,29.9,36.071,8.422,75.598
IDA only,IDX,2004,227.2413,811888816,27.671,449.9,30.32,35.855,8.032,75.001
IDA only,IDX,2005,248.1995,830834463,28.125,507.28,31.31,36.293,9.0011,73.805
IDA only,IDX,2006,261.8472,850573850,28.596,574.09,34.58,36.436,9.2866,73.394
IDA only,IDX,2007,280.9876,870521946,29.051,667.19,34.42,36.628,9.639,71.857
IDA only,IDX,2008,291.7896,890423338,29.561,791.4,35.84,36.769,11.1394,71.601
IDA only,IDX,2009,299.9604,910573389,30.017,784.65,37.34,36.991,8.044,71.636
IDA only,IDX,2010,316.1633,931101325,30.463,877.93,38.22,37.185,8.5728,70.558
IDA only,IDX,2011,332.2056,952166031,30.93,961.7,39.59,37.372,10.9073,69.994
IDA only,IDX,2012,341.8182,973430766,31.452,945.92,42.31,39.828,8.4487,69.238
IDA only,IDX,2013,338.8871,993569092,31.979,1006.29,43.0,40.025,7.5222,70.069
IDA only,IDX,2014,360.3165,1014596543,32.38,1049.9,44.51,40.151,7.0793,69.586
IDA only,IDX,2015,376.8713,1036362530,32.734,1024.04,46.71,40.277,5.6419,69.27
IDA only,IDX,2016,411.1846,1059465616,33.117,1054.72,50.66,40.404,5.4084,68.287
IDA only,IDX,2017,449.97,1083481582,33.522,1111.67,54.15,40.545,5.5864,67.193
IDA only,IDX,2018,475.1526,1108324049,33.945,1160.0,54.94,40.681,4.6734,66.057
IDA only,IDX,2019,493.8973,1134280966,34.357,1187.14,56.74,40.757,4.0283,66.134
IDA only,IDX,2020,489.4584,1160851651,34.747,1172.53,58.24,40.823,4.1519,67.356
IDA only,IDX,2021,523.422,1187299997,35.135,1257.78,59.74,40.886,6.9266,
IDA only,IDX,2022,526.3,1213611049,35.545,1333.99,60.26,40.959,,
IDA only,IDX,2023,528.4398,1240832942,35.959,1330.08,61.92,40.987,,
IDA total,IDA,2000,578.7878,1133038937,29.9,458.45,36.37,37.312,8.5748,67.62
IDA total,IDA,2001,598.274,1160894927,30.327,442.16,37.15,37.464,7.5558,67.322
IDA total,IDA,2002,596.7757,1189530628,30.77,465.59,38.69,37.549,7.3404,67.244
IDA total,IDA,2003,614.1041,1218666073,31.236,512.59,40.54,37.743,8.5058,67.136
IDA total,IDA,2004,638.9743,1248036270,31.725,585.17,40.49,37.581,8.747,66.853
IDA total,IDA,2005,658.4147,1277967408,32.222,664.97,41.53,37.938,10.3147,66.76
IDA total,IDA,2006,682.9321,1308968303,32.726,775.72,43.97,38.066,10.4756,66.397
IDA total,IDA,2007,707.6052,1340998472,33.204,888.1,44.22,38.23,10.2864,65.66
IDA total,IDA,2008,724.8097,1373399219,33.705,1033.53,45.52,38.317,11.9511,65.597
IDA total,IDA,2009,715.1479,1406183959,34.151,983.97,46.43,38.503,7.9868,66.535
IDA total,IDA,2010,756.3369,1439523833,34.579,1114.12,47.32,38.668,9.3934,65.48
IDA total,IDA,2011,789.4741,1473150474,35.025,1229.71,49.66,38.883,11.8211,64.988
IDA total,IDA,2012,781.6615,1506410940,35.508,1268.9,51.32,40.763,9.8351,65.635
IDA total,IDA,2013,797.0725,1538011740,35.996,1352.93,52.29,40.945,8.2004,65.917
IDA total,IDA,2014,831.1883,1570465094,36.405,1426.5,53.0,41.091,7.0233,65.518
IDA total,IDA,2015,850.5513,1603596586,36.786,1357.91,54.53,41.242,4.8569,65.497
IDA total,IDA,2016,916.413,1637929286,37.19,1321.75,58.4,41.36,4.6949,64.352
IDA total,IDA,2017,968.2593,1673505656,37.609,1357.48,60.32,41.505,5.6013,63.463
IDA total,IDA,2018,984.4949,1710275962,38.039,1411.21,61.36,41.687,5.6497,63.06
IDA total,IDA,2019,1008.3974,1748298285,38.465,1546.57,62.77,41.733,5.1643,63.445
IDA total,IDA,2020,1026.6114,1787291959,38.89,1467.74,63.94,41.836,4.1941,63.753
IDA total,IDA,2021,1097.6453,1826496316,39.32,1569.43,65.6,41.895,7.0501,
IDA total,IDA,2022,1103.6607,1865506968,39.769,1651.02,66.12,41.964,,
IDA total,IDA,2023,1078.6646,1905228834,40.22,1536.73,67.51,42.02,,
Iceland,ISL,2000,2.8524,281205,91.967,32503.58,100.0,18.843,0.0,60.7
Iceland,ISL,2001,2.9576,284968,92.045,29208.2,100.0,18.843,0.0,62.1
Iceland,ISL,2002,3.1289,287523,92.167,32749.38,100.0,18.823,0.0,61.9
Iceland,ISL,2003,3.1,289521,92.324,39944.21,100.0,18.803,0.0,61.9
Iceland,ISL,2004,3.1757,292074,92.438,47809.61,100.0,18.793,0.0,61.9
Iceland,ISL,2005,3.1274,296734,92.377,57783.77,100.0,18.773,0.0,62.7
Iceland,ISL,2006,3.2417,303782,92.195,58172.14,100.0,18.763,0.0,64.2
Iceland,ISL,2007,3.4751,311566,92.361,70483.01,100.0,18.713,0.0,67.6
Iceland,ISL,2008,3.7798,317414,93.065,57489.34,100.0,18.713,0.0,74.0
Iceland,ISL,2009,3.8274,318499,93.444,41483.78,100.0,18.703,0.0,74.7
Iceland,ISL,2010,3.7364,318041,93.459,43776.47,100.0,18.693,0.0,76.0
Iceland,ISL,2011,3.6038,319014,93.411,48254.95,100.0,18.685,0.0004,77.1
Iceland,ISL,2012,3.6451,320716,93.515,46594.99,100.0,18.675,0.0004,77.7
Iceland,ISL,2013,3.7106,323764,93.617,50173.34,100.0,18.675,0.0004,76.8
Iceland,ISL,2014,3.4639,327386,93.62,55140.36,100.0,18.675,0.0003,77.6
Iceland,ISL,2015,3.6292,330815,93.728,53505.7,100.0,18.673,0.0003,78.0
Iceland,ISL,2016,3.1789,335439,93.782,62854.09,100.0,18.673,0.0003,80.9
Iceland,ISL,2017,3.3299,343400,93.772,72976.37,100.0,18.673,0.0002,80.8
Iceland,ISL,2018,3.2946,352721,93.853,75633.87,100.0,18.566,0.0002,81.4
Iceland,ISL,2019,3.1768,360563,93.977,69296.31,100.0,18.566,0.0001,81.7
Iceland,ISL,2020,3.0717,366463,94.137,60127.94,100.0,18.566,0.0001,82.9
Iceland,ISL,2021,3.1637,372520,94.211,70425.41,100.0,18.566,0.0001,82.4
Iceland,ISL,2022,3.2394,382003,94.179,76376.96,100.0,18.566,,
Iceland,ISL,2023,3.22,385663,94.152,82201.29,100.0,16.245,,
India,IND,2000,996.8909,1057922733,27.647,442.75,60.3,60.869,2.4683,46.9
India,IND,2001,1012.998,1077898575,27.903,450.36,62.0,60.705,2.4362,47.1
India,IND,2002,1051.0846,1097600380,28.176,469.15,62.3,60.729,2.3414,45.8
India,IND,2003,1083.014,1116803006,28.466,544.14,65.4,60.625,2.2267,45.6
India,IND,2004,1168.0565,1135991513,28.773,624.26,64.4,60.667,3.1693,44.9
India,IND,2005,1217.7273,1154676322,29.095,710.49,68.8,60.583,3.6587,44.2
India,IND,2006,1299.6787,1172878890,29.431,801.67,67.9,60.509,3.9337,43.2
India,IND,2007,1415.2655,1190676021,29.781,1021.89,72.3,60.413,4.4423,41.5
India,IND,2008,1519.7704,1207930964,30.144,992.52,74.1,60.459,7.1093,39.4
India,IND,2009,1621.1797,1225524753,30.519,1094.95,75.0,60.564,3.3624,37.4
India,IND,2010,1730.0542,1243481564,30.904,1347.52,76.3,60.397,4.4975,36.2
India,IND,2011,1845.6437,1261224954,31.275,1445.46,79.5,60.43,5.3051,35.0
India,IND,2012,2015.2876,1278674502,31.59,1429.32,79.9,60.421,4.0238,34.8
India,IND,2013,2072.6256,1295829511,31.91,1432.84,83.1,60.439,3.6731,34.9
India,IND,2014,2237.6647,1312277191,32.229,1553.88,85.1,60.45,2.8137,33.9
India,IND,2015,2278.2296,1328024498,32.547,1584.0,88.0,60.432,1.7776,33.4
India,IND,2016,2311.9771,1343944296,32.865,1707.51,89.6,60.399,1.7484,33.0
India,IND,2017,2441.2015,1359657400,33.182,1950.1,91.8,60.284,1.9839,32.5
India,IND,2018,2556.7189,1374659064,33.498,1966.25,95.7,60.244,2.2553,32.9
India,IND,2019,2551.4851,1389030312,33.814,2041.43,95.9,60.22,2.0122,33.5
India,IND,2020,2356.959,1402617695,34.129,1907.04,96.5,60.046,1.7847,36.1
India,IND,2021,2597.9343,1414203896,34.443,2239.61,99.6,60.051,3.1593,34.9
India,IND,2022,2807.0805,1425423212,34.756,2279.98,99.2,60.056,,
India,IND,2023,3014.5226,1438069596,35.068,2434.45,99.5,60.06,,
Indonesia,IDN,2000,299.0702,216077790,41.986,763.71,86.3,23.764,11.1257,45.6
Indonesia,IDN,2001,319.562,219097902,42.902,732.31,86.3,24.203,9.292,44.3
Indonesia,IDN,2002,324.9389,222088495,43.782,881.0,87.6,24.522,7.286,44.7
Indonesia,IDN,2003,353.623,225048008,44.63,1043.21,87.9,24.789,7.1428,43.0
Indonesia,IDN,2004,360.1513,227926649,45.448,1126.84,89.0,24.837,9.1208,41.5
Indonesia,IDN,2005,362.597,230871650,46.237,1238.21,84.8,24.939,10.3254,41.6
Indonesia,IDN,2006,383.4194,233951652,47.002,1558.32,90.6,25.521,9.4072,40.1
Indonesia,IDN,2007,401.7934,237062337,47.743,1823.22,91.1,26.049,9.7577,40.0
Indonesia,IDN,2008,397.2554,240157903,48.464,2124.55,92.7,26.204,11.1003,41.1
Indonesia,IDN,2009,411.3491,243220028,49.168,2218.49,93.6,26.573,6.4259,38.2
Indonesia,IDN,2010,443.682,246305322,49.852,3065.68,94.2,26.568,7.1356,36.0
Indonesia,IDN,2011,499.9362,249470032,50.483,3579.46,94.8,27.096,8.5631,32.4
Indonesia,IDN,2012,504.2572,252698525,51.159,3632.27,96.0,27.092,5.9456,30.1
Indonesia,IDN,2013,474.9651,255852467,51.831,3566.6,96.5,27.354,5.3899,30.6
Indonesia,IDN,2014,505.0762,258877399,52.5,3441.07,97.0,27.509,4.7916,29.3
Indonesia,IDN,2015,512.3973,261799249,53.172,3288.22,97.5,27.611,3.0814,26.6
Indonesia,IDN,2016,507.0965,264627418,53.813,3521.47,97.6,27.873,2.6682,27.8
Indonesia,IDN,2017,535.7474,267346658,54.454,3798.88,98.1,27.76,3.0802,25.2
Indonesia,IDN,2018,596.4692,269951846,55.096,3860.95,98.5,28.412,4.2166,22.0
Indonesia,IDN,2019,637.5692,272489381,55.738,4106.95,98.8,28.75,3.2358,19.8
Indonesia,IDN,2020,596.2839,274814866,56.279,3853.7,97.0,28.965,2.4387,21.9
Indonesia,IDN,2021,622.6868,276758053,56.876,4287.17,99.2,28.956,5.157,20.2
Indonesia,IDN,2022,722.6996,278830529,57.493,4730.83,100.0,29.007,,
Indonesia,IDN,2023,772.5618,281190067,58.118,4876.3,99.4,29.126,,
"Iran, Islamic Rep.",IRN,2000,353.9396,66418659,64.478,1650.01,97.9,38.609,33.0822,0.4
"Iran, Islamic Rep.",IRN,2001,368.1639,67452005,65.217,1881.02,98.1,39.185,24.0565,0.5
"Iran, Islamic Rep.",IRN,2002,384.325,68011317,65.927,1891.26,98.1,39.321,22.9016,0.7
"Iran, Islamic Rep.",IRN,2003,405.5959,68769340,66.605,2209.0,98.2,39.456,24.1803,0.8
"Iran, Islamic Rep.",IRN,2004,434.9742,70256316,67.257,2672.42,98.3,39.592,27.2444,0.7
"Iran, Islamic Rep.",IRN,2005,468.9899,71828455,67.871,3132.05,98.4,29.244,34.4823,1.4
"Iran, Islamic Rep.",IRN,2006,506.0486,73392747,68.31,3618.92,98.4,29.379,34.7791,1.4
"Iran, Islamic Rep.",IRN,2007,538.5304,74602648,68.806,4687.99,98.7,29.515,29.1825,1.3
"Iran, Islamic Rep.",IRN,2008,555.1596,75514204,69.379,5377.41,98.8,28.663,33.5228,0.7
"Iran, Islamic Rep.",IRN,2009,573.2146,76457825,69.99,5415.52,99.7,28.664,20.3363,0.8
"Iran, Islamic Rep.",IRN,2010,576.7498,77420842,70.609,6291.19,99.4,28.574,23.068,0.9
"Iran, Islamic Rep.",IRN,2011,585.9198,78383598,71.204,8025.69,99.5,28.483,25.3461,0.9
"Iran, Islamic Rep.",IRN,2012,592.4779,79370580,71.763,8114.08,99.5,28.393,21.1187,0.9
"Iran, Islamic Rep.",IRN,2013,612.6315,80414686,72.303,6222.74,99.8,28.214,24.9467,1.0
"Iran, Islamic Rep.",IRN,2014,636.5399,81502045,72.832,5672.06,100.0,28.214,24.8608,0.9
"Iran, Islamic Rep.",IRN,2015,629.4902,82619362,73.356,4952.73,100.0,28.214,15.2303,0.9
"Iran, Islamic Rep.",IRN,2016,642.3063,83812228,73.88,5710.6,100.0,28.214,13.1358,1.0
"Iran, Islamic Rep.",IRN,2017,666.3808,85026754,74.401,6000.93,99.9,28.619,17.4678,1.0
"Iran, Islamic Rep.",IRN,2018,661.4499,86117998,74.803,4783.01,100.0,28.915,34.2396,1.0
"Iran, Islamic Rep.",IRN,2019,712.5804,87051648,75.204,3997.49,100.0,28.96,27.8007,1.0
"Iran, Islamic Rep.",IRN,2020,735.8709,87723443,75.599,3202.5,100.0,28.985,23.2392,0.9
"Iran, Islamic Rep.",IRN,2021,784.2646,88455488,75.993,4605.15,100.0,29.009,30.4481,0.9
"Iran, Islamic Rep.",IRN,2022,792.0589,89524246,76.334,4721.2,100.0,29.009,,
"Iran, Islamic Rep.",IRN,2023,816.133,90608707,76.676,5049.3,100.0,29.009,,
Iraq,IRQ,2000,88.811,24424056,67.633,1980.19,96.8,19.423,48.8588,0.4
Iraq,IRQ,2001,100.6528,25197840,67.752,1435.7,96.9,19.403,49.5653,0.3
Iraq,IRQ,2002,95.0518,26006559,67.894,1266.16,97.1,19.855,46.9721,0.3
Iraq,IRQ,2003,82.8885,26802659,68.052,817.89,97.2,19.857,53.2981,0.3
Iraq,IRQ,2004,90.3219,27577878,68.22,1328.37,97.3,19.73,64.7758,0.4
Iraq,IRQ,2005,87.2363,28407448,68.391,1762.39,97.4,20.064,65.3185,2.4
Iraq,IRQ,2006,84.864,28616515,68.559,2276.55,97.6,20.528,63.727,2.6
Iraq,IRQ,2007,78.43,28391607,68.716,3128.99,98.1,20.883,53.2167,2.0
Iraq,IRQ,2008,90.6714,28971036,68.857,4542.97,97.9,18.751,55.6857,1.1
Iraq,IRQ,2009,96.8504,30058206,68.974,3714.71,98.1,18.065,39.5127,1.2
Iraq,IRQ,2010,111.4935,31045366,69.058,4461.75,98.4,18.923,43.5683,1.7
Iraq,IRQ,2011,115.9065,32161424,69.125,5775.54,98.0,19.631,51.1945,1.1
Iraq,IRQ,2012,133.0448,33654842,69.222,6477.6,99.3,19.728,49.851,1.3
Iraq,IRQ,2013,144.4102,35281989,69.444,6650.35,99.0,20.467,45.5794,1.5
Iraq,IRQ,2014,138.288,36550059,69.667,6249.39,99.2,21.501,46.8544,1.0
Iraq,IRQ,2015,137.9041,37560535,69.921,4440.14,99.4,21.364,37.5037,0.8
Iraq,IRQ,2016,155.0442,38469627,69.912,4334.42,99.7,21.475,33.2189,0.9
Iraq,IRQ,2017,167.3453,39337353,69.894,4759.28,99.9,21.512,39.2006,0.5
Iraq,IRQ,2018,180.9429,40265624,69.877,5646.69,99.9,21.604,46.1478,0.5
Iraq,IRQ,2019,193.6481,41192171,69.868,5671.86,100.0,21.77,40.6099,0.9
Iraq,IRQ,2020,183.8743,42116605,69.868,4295.19,100.0,21.776,27.417,1.1
Iraq,IRQ,2021,199.7098,43071211,69.868,4868.49,100.0,21.844,43.4459,1.1
Iraq,IRQ,2022,222.2784,44070551,69.868,6520.73,100.0,21.778,,
Iraq,IRQ,2023,232.976,45074049,69.868,5965.32,100.0,21.831,,
Ireland,IRL,2000,43.827,3805174,59.125,26334.57,100.0,63.814,0.0763,2.0
Ireland,IRL,2001,46.0507,3866243,59.376,28282.41,100.0,64.015,0.0567,2.0
Ireland,IRL,2002,44.9831,3931947,59.637,32705.43,100.0,63.478,0.0476,2.2
Ireland,IRL,2003,44.4685,3996521,59.912,41203.53,100.0,63.434,0.0356,2.0
Ireland,IRL,2004,44.9913,4070262,60.199,47754.2,100.0,62.491,0.0549,2.3
Ireland,IRL,2005,47.0738,4159914,60.488,50933.02,100.0,62.447,0.0636,2.9
Ireland,IRL,2006,47.6882,4273591,60.77,54329.16,100.0,61.838,0.3091,3.2
Ireland,IRL,2007,46.9449,4398942,61.06,61396.42,100.0,62.07,0.2851,3.5
Ireland,IRL,2008,46.2814,4489544,61.358,61353.11,100.0,67.194,0.0396,4.2
Ireland,IRL,2009,41.1735,4535375,61.642,52133.09,100.0,66.685,0.0448,5.3
Ireland,IRL,2010,40.9249,4560155,61.891,48623.97,100.0,66.309,0.1086,5.3
Ireland,IRL,2011,37.144,4580084,62.087,52613.85,100.0,66.12,0.0962,7.0
Ireland,IRL,2012,37.6022,4599533,62.253,49335.84,100.0,65.801,0.0586,6.9
Ireland,IRL,2013,36.3338,4623816,62.405,52537.61,100.0,64.988,0.0371,7.7
Ireland,IRL,2014,36.1391,4657740,62.535,57214.54,100.0,64.828,0.0354,8.8
Ireland,IRL,2015,37.648,4701957,62.639,64250.14,100.0,64.305,0.0188,9.5
Ireland,IRL,2016,39.5133,4762722,62.723,64129.56,100.0,64.755,0.0652,8.6
Ireland,IRL,2017,38.2632,4827445,62.904,72161.4,100.0,65.162,0.1128,10.1
Ireland,IRL,2018,38.0252,4898022,63.084,80804.11,100.0,65.554,0.1261,10.8
Ireland,IRL,2019,36.369,4976456,63.274,81827.67,100.0,65.67,0.0672,12.3
Ireland,IRL,2020,34.2933,5039747,63.471,86514.07,100.0,65.496,0.0368,13.7
Ireland,IRL,2021,36.3826,5110585,63.677,103783.45,100.0,62.955,0.101,12.7
Ireland,IRL,2022,35.6861,5212836,63.892,105190.69,100.0,63.115,,
Ireland,IRL,2023,32.8629,5311538,64.115,106818.92,100.0,60.807,,
Isle of Man,IMN,2000,,75659,51.828,21161.4,100.0,76.842,0.0,
Isle of Man,IMN,2001,,76476,51.827,21819.71,100.0,77.544,0.0,
Isle of Man,IMN,2002,,77275,51.729,24471.08,100.0,79.649,0.0,1.5
Isle of Man,IMN,2003,,78049,51.539,28861.62,100.0,80.298,0.0,1.1
Isle of Man,IMN,2004,,78792,51.326,35564.6,100.0,80.351,0.0,6.3
Isle of Man,IMN,2005,,79516,51.161,38135.86,100.0,80.895,0.0,2.7
Isle of Man,IMN,2006,,80294,51.115,42627.51,100.0,74.316,0.0,3.3
Isle of Man,IMN,2007,,81147,51.235,55040.24,100.0,73.895,0.0,1.9
Isle of Man,IMN,2008,,82029,51.468,72276.77,100.0,77.684,0.0,1.3
Isle of Man,IMN,2009,,82939,51.731,66156.11,100.0,76.175,0.0,1.9
Isle of Man,IMN,2010,,83873,51.94,70587.31,100.0,76.105,0.0,1.9
Isle of Man,IMN,2011,,84382,52.025,77808.86,100.0,74.754,0.0,2.9
Isle of Man,IMN,2012,,84335,52.056,79329.2,100.0,67.368,0.0,3.5
Isle of Man,IMN,2013,,84141,52.08,83207.66,100.0,68.07,0.0,2.1
Isle of Man,IMN,2014,,83892,52.1,91885.45,100.0,68.246,0.0,1.9
Isle of Man,IMN,2015,,83593,52.116,84753.52,100.0,72.105,0.0,2.2
Isle of Man,IMN,2016,,83466,52.133,82025.95,100.0,70.526,0.0,1.9
Isle of Man,IMN,2017,,83609,52.15,83481.3,100.0,70.877,0.0,1.9
Isle of Man,IMN,2018,,83805,52.165,89393.82,100.0,72.281,0.0,2.0
Isle of Man,IMN,2019,,83957,52.179,87127.55,100.0,70.526,0.0,1.9
Isle of Man,IMN,2020,,84064,52.191,79513.53,100.0,70.526,,2.0
Isle of Man,IMN,2021,,84106,52.2,94299.97,100.0,68.772,,3.2
Isle of Man,IMN,2022,,84132,52.196,88328.55,100.0,71.404,,2.7
Isle of Man,IMN,2023,,84165,52.183,90015.21,100.0,69.09,,
Israel,ISR,2000,59.2839,6289000,91.281,21690.24,100.0,26.155,0.002,6.0
Israel,ISR,2001,59.2332,6439000,91.365,20948.77,100.0,25.924,0.0011,6.3
Israel,ISR,2002,62.4864,6570000,91.444,19058.75,100.0,26.017,0.0012,6.5
Israel,ISR,2003,64.2504,6689700,91.518,19624.03,100.0,25.462,0.0009,6.5
Israel,ISR,2004,64.0088,6809000,91.583,20550.07,100.0,23.729,0.0355,6.7
Israel,ISR,2005,61.8728,6930100,91.638,21261.75,100.0,23.775,0.0596,7.0
Israel,ISR,2006,65.0379,7053700,91.683,22499.75,100.0,23.512,0.1058,6.9
Israel,ISR,2007,67.4164,7180100,91.714,25688.9,100.0,23.942,0.1286,6.7
Israel,ISR,2008,67.7831,7308800,91.729,30231.02,100.0,23.826,0.3863,8.9
Israel,ISR,2009,67.0476,7485600,91.732,28469.68,100.0,24.15,0.3097,8.5
Israel,ISR,2010,71.9452,7623600,91.732,31398.93,100.0,23.313,0.174,8.6
Israel,ISR,2011,71.1392,7765800,91.73,34476.73,100.0,23.891,0.2806,9.1
Israel,ISR,2012,77.5898,7910500,91.728,33268.71,100.0,24.316,0.2701,2.9
Israel,ISR,2013,68.288,8059500,91.723,36980.62,100.0,24.043,0.2627,3.3
Israel,ISR,2014,65.9245,8215700,91.715,38265.37,100.0,24.848,0.2406,3.7
Israel,ISR,2015,67.9917,8380100,91.704,36138.14,100.0,24.672,0.2257,3.7
Israel,ISR,2016,67.5521,8546000,91.689,37571.26,100.0,25.508,0.1848,4.0
Israel,ISR,2017,67.8229,8713300,91.67,41013.26,100.0,29.76,0.1758,3.9
Israel,ISR,2018,63.4982,8882800,91.646,42269.38,100.0,29.635,0.2433,3.8
Israel,ISR,2019,65.3145,9054000,91.615,44091.87,100.0,29.501,0.1897,4.5
Israel,ISR,2020,61.3925,9215100,91.579,44590.82,100.0,25.037,0.2724,5.6
Israel,ISR,2021,60.972,9371400,91.535,52258.47,100.0,24.908,0.4414,6.2
Israel,ISR,2022,63.6364,9557500,91.498,54947.21,100.0,24.704,,
Israel,ISR,2023,60.4805,9849000,91.509,52126.45,100.0,24.801,,
Italy,ITA,2000,454.3191,56942108,67.193,20190.0,100.0,52.878,0.0913,5.1
Italy,ITA,2001,453.6804,56976981,67.275,20570.44,100.0,52.422,0.1027,5.4
Italy,ITA,2002,460.957,57089824,67.354,22451.4,100.0,51.647,0.0896,5.6
Italy,ITA,2003,480.7606,57399184,67.43,27577.57,100.0,50.41,0.0826,6.2
Italy,ITA,2004,492.1601,57828179,67.507,31348.19,100.0,50.328,0.0777,5.9
Italy,ITA,2005,493.0711,58166682,67.59,32062.72,100.0,49.831,0.1016,6.7
Italy,ITA,2006,487.5246,58399861,67.681,33537.13,100.0,48.029,0.1227,7.5
Italy,ITA,2007,480.3222,58756247,67.786,37826.18,100.0,47.89,0.1168,8.7
Italy,ITA,2008,464.9772,59211181,67.907,40828.58,100.0,48.888,0.1518,10.8
Italy,ITA,2009,413.8068,59555454,68.049,37099.61,100.0,47.283,0.0908,12.5
Italy,ITA,2010,423.6329,59819407,68.216,35856.86,100.0,48.451,0.1078,12.8
Italy,ITA,2011,414.5041,60026841,68.402,38432.37,100.0,46.844,0.156,11.9
Italy,ITA,2012,394.4537,60191247,68.761,34854.39,100.0,46.426,0.1696,14.4
Italy,ITA,2013,361.7143,60311613,69.307,35701.67,100.0,46.091,0.1555,16.3
Italy,ITA,2014,342.9756,60320707,69.581,36028.35,100.0,44.509,0.1385,17.1
Italy,ITA,2015,353.7401,60229605,69.61,30639.88,100.0,43.775,0.0819,16.6
Italy,ITA,2016,349.1697,60115223,69.597,31391.57,100.0,43.325,0.0473,16.1
Italy,ITA,2017,345.6817,60002252,69.518,32844.12,100.0,43.374,0.064,16.4
Italy,ITA,2018,340.3734,59877221,69.48,35062.34,100.0,41.949,0.0992,17.1
Italy,ITA,2019,332.562,59729081,69.505,33812.79,100.0,44.37,0.0825,17.3
Italy,ITA,2020,295.2134,59438851,69.519,32091.49,100.0,42.332,0.056,18.7
Italy,ITA,2021,330.3484,59133173,69.481,36852.54,100.0,41.942,0.112,17.5
Italy,ITA,2022,331.006,59013667,69.484,35653.9,100.0,43.963,,
Italy,ITA,2023,304.3081,58984216,69.538,39279.7,100.0,44.257,,
Jamaica,JAM,2000,10.2444,2607826,51.717,3453.09,84.4,44.229,1.4921,9.3
Jamaica,JAM,2001,10.3087,2624403,51.934,3503.55,87.7,44.229,1.5224,7.9
Jamaica,JAM,2002,10.2596,2640572,52.147,3680.65,86.7,43.767,1.2282,8.0
Jamaica,JAM,2003,10.557,2656623,52.356,3549.71,86.5,43.767,1.2475,8.1
Jamaica,JAM,2004,10.6008,2672225,52.564,3807.56,87.2,43.583,1.8869,6.4
Jamaica,JAM,2005,10.6289,2687066,52.769,4184.44,88.0,43.121,2.2383,5.4
Jamaica,JAM,2006,12.311,2700968,52.971,4417.0,88.7,43.121,3.3494,4.8
Jamaica,JAM,2007,12.2359,2713800,53.17,4716.49,89.4,42.844,3.5049,5.3
Jamaica,JAM,2008,9.8705,2725635,53.367,5029.8,92.0,41.459,3.0199,5.9
Jamaica,JAM,2009,8.0493,2736995,53.562,4428.38,91.0,41.182,1.9383,7.4
Jamaica,JAM,2010,7.6922,2748568,53.754,4809.98,92.2,38.901,1.6686,8.9
Jamaica,JAM,2011,7.6033,2760494,53.957,5232.64,91.1,38.827,2.2562,9.8
Jamaica,JAM,2012,7.014,2772430,54.248,5340.83,93.1,38.763,1.8312,12.2
Jamaica,JAM,2013,7.4837,2783687,54.549,5124.21,93.9,38.67,1.7814,11.4
Jamaica,JAM,2014,7.2146,2793749,54.866,4975.11,93.3,38.587,1.7824,11.9
Jamaica,JAM,2015,7.1067,2802534,55.2,5339.31,94.9,38.504,1.266,12.1
Jamaica,JAM,2016,7.6254,2809915,55.549,5302.3,96.6,38.504,1.2891,11.1
Jamaica,JAM,2017,7.3076,2815764,55.915,5605.44,97.4,38.504,1.5284,11.0
Jamaica,JAM,2018,8.6911,2820097,56.297,5976.9,98.2,38.504,1.7296,8.9
Jamaica,JAM,2019,8.4395,2823271,56.696,6030.69,98.9,38.504,0.3642,9.2
Jamaica,JAM,2020,5.9229,2830739,57.11,5299.05,99.7,38.504,0.3224,11.7
Jamaica,JAM,2021,6.4724,2837682,57.541,5625.68,100.0,38.504,0.4577,10.5
Jamaica,JAM,2022,7.5151,2839144,57.988,6626.48,100.0,38.504,,
Jamaica,JAM,2023,7.7039,2839786,58.451,7542.4,97.7,38.504,,
Japan,JPN,2000,1243.5768,126843000,78.613,39752.94,100.0,14.425,0.014,3.7
Japan,JPN,2001,1229.9895,127149000,79.158,34910.17,100.0,14.302,0.013,3.5
Japan,JPN,2002,1264.5009,127445000,80.547,33315.92,100.0,14.198,0.0132,3.7
Japan,JPN,2003,1271.9267,127718000,82.421,35808.68,100.0,14.102,0.0143,4.2
Japan,JPN,2004,1267.0449,127761000,84.371,38677.57,100.0,14.019,0.0134,4.3
Japan,JPN,2005,1278.6849,127773000,85.957,38158.68,100.0,13.937,0.0169,4.0
Japan,JPN,2006,1256.0383,127854000,87.146,36354.43,100.0,13.864,0.0193,4.4
Japan,JPN,2007,1291.7352,128001000,88.27,36129.95,100.0,13.791,0.0227,4.3
Japan,JPN,2008,1220.7653,128063000,89.292,40294.21,100.0,13.715,0.024,4.4
Japan,JPN,2009,1157.495,128047000,90.113,41678.18,100.0,13.648,0.0194,4.5
Japan,JPN,2010,1217.0641,128070000,90.623,45378.14,100.0,13.588,0.0201,4.7
Japan,JPN,2011,1269.8897,127833000,90.863,49122.08,100.0,13.495,0.0217,4.8
Japan,JPN,2012,1308.4016,127629000,91.027,49626.68,100.0,13.457,0.0201,4.7
Japan,JPN,2013,1323.4899,127445000,91.152,41369.19,100.0,13.421,0.0232,5.0
Japan,JPN,2014,1273.5698,127276000,91.255,39172.85,100.0,13.361,0.0281,5.6
Japan,JPN,2015,1232.5762,127141000,91.353,35664.64,100.0,13.295,0.029,6.2
Japan,JPN,2016,1228.6537,127076000,91.454,40214.97,100.0,13.204,0.0252,6.4
Japan,JPN,2017,1212.9423,126972000,91.55,39679.86,100.0,13.108,0.0384,6.9
Japan,JPN,2018,1163.1278,126811000,91.638,40645.48,100.0,13.021,0.0368,7.3
Japan,JPN,2019,1123.813,126633000,91.716,41424.87,100.0,12.936,0.0932,7.8
Japan,JPN,2020,1060.2269,126261000,91.781,41098.97,100.0,12.845,0.097,8.5
Japan,JPN,2021,1080.206,125681593,91.874,41580.74,100.0,12.782,0.0473,8.8
Japan,JPN,2022,1050.5032,125124989,91.978,35548.26,100.0,12.716,,
Japan,JPN,2023,1002.4382,124516650,92.083,35215.0,100.0,12.637,,
Jordan,JOR,2000,16.4657,5386945,78.285,1570.61,99.0,12.115,0.1542,2.1
Jordan,JOR,2001,16.5076,5498894,78.29,1632.29,99.0,11.582,0.1584,2.1
Jordan,JOR,2002,17.2075,5616066,78.297,1706.27,99.5,11.616,0.1236,2.1
Jordan,JOR,2003,17.6466,5741828,78.307,1775.68,99.0,11.389,0.1341,2.0
Jordan,JOR,2004,19.0154,5882061,78.319,1940.09,99.2,11.752,0.1276,1.8
Jordan,JOR,2005,20.3143,6029587,78.412,2087.87,99.0,11.48,0.122,1.7
Jordan,JOR,2006,20.5438,6427371,78.756,2342.63,100.0,11.537,0.4656,2.3
Jordan,JOR,2007,21.3397,6827227,79.336,2506.21,98.8,10.917,0.7655,2.3
Jordan,JOR,2008,20.493,6989866,80.129,3669.83,100.0,11.021,5.6527,2.7
Jordan,JOR,2009,21.0617,7141753,81.112,3845.34,99.4,11.545,3.8655,2.8
Jordan,JOR,2010,20.5883,7297043,82.26,4139.04,100.0,11.29,1.666,3.0
Jordan,JOR,2011,21.0139,7480424,83.551,4363.43,99.6,11.293,3.3177,3.0
Jordan,JOR,2012,24.5322,7587127,84.959,4593.84,99.5,11.77,2.9085,2.9
Jordan,JOR,2013,24.0985,7991809,86.463,4739.02,99.7,11.901,1.2791,3.1
Jordan,JOR,2014,25.8395,8791710,88.037,4610.6,99.8,11.985,1.1954,3.1
Jordan,JOR,2015,25.6334,9544729,89.888,4441.62,99.9,11.898,1.3997,3.2
Jordan,JOR,2016,25.2353,10006367,90.563,4366.07,100.0,12.007,1.1257,4.7
Jordan,JOR,2017,26.5502,10234226,90.876,4449.35,100.0,11.343,0.869,5.3
Jordan,JOR,2018,25.2117,10462306,91.201,4533.98,99.9,11.509,0.7191,7.2
Jordan,JOR,2019,23.2902,10671891,91.516,4557.79,99.9,11.673,0.0429,8.5
Jordan,JOR,2020,20.948,10865228,91.822,4411.48,99.9,11.589,0.0517,10.7
Jordan,JOR,2021,21.7432,11066356,92.118,4581.72,99.9,11.521,0.0777,11.5
Jordan,JOR,2022,23.338,11256263,92.405,4754.41,100.0,11.746,,
Jordan,JOR,2023,24.0408,11439213,92.682,4906.24,100.0,11.532,,
Kazakhstan,KAZ,2000,132.224,15501103,56.024,1180.04,99.6,79.784,27.3191,2.5
Kazakhstan,KAZ,2001,130.4765,15575550,55.781,1422.27,99.7,79.448,20.9617,2.4
Kazakhstan,KAZ,2002,145.534,15656677,55.505,1573.55,99.8,79.071,23.0853,2.8
Kazakhstan,KAZ,2003,162.1546,15747380,55.212,1958.02,99.9,78.898,22.8778,2.3
Kazakhstan,KAZ,2004,174.5565,15850159,54.92,2722.47,100.0,78.776,28.2541,1.9
Kazakhstan,KAZ,2005,187.5969,15968117,54.648,3577.36,100.0,78.633,30.2818,2.1
Kazakhstan,KAZ,2006,210.1923,16103716,54.414,5030.13,99.8,78.481,28.7905,2.1
Kazakhstan,KAZ,2007,219.6055,16257214,54.235,6449.44,100.0,78.318,26.4915,1.8
Kazakhstan,KAZ,2008,248.432,16426525,54.129,8123.55,100.0,78.102,33.248,1.1
Kazakhstan,KAZ,2009,224.4825,16619846,54.117,6938.01,100.0,78.077,21.5859,1.3
Kazakhstan,KAZ,2010,242.1984,16836810,54.205,8793.08,100.0,80.439,21.7441,1.4
Kazakhstan,KAZ,2011,262.6296,17066002,54.4,11287.15,99.8,80.375,25.7688,1.4
Kazakhstan,KAZ,2012,258.8083,17306106,54.692,12018.8,100.0,80.384,21.9827,1.3
Kazakhstan,KAZ,2013,276.1147,17556502,55.078,13478.46,100.0,80.377,18.2187,1.2
Kazakhstan,KAZ,2014,233.0134,17816285,55.552,12427.71,100.0,80.305,17.2501,1.3
Kazakhstan,KAZ,2015,202.7539,18084169,56.111,10196.12,100.0,80.105,9.3288,1.7
Kazakhstan,KAZ,2016,216.1249,18363600,56.748,7475.57,100.0,80.099,11.0337,2.1
Kazakhstan,KAZ,2017,226.4516,18651931,57.459,8943.08,100.0,80.088,14.8976,2.0
Kazakhstan,KAZ,2018,229.3799,18932727,58.239,9472.49,100.0,80.022,20.783,1.9
Kazakhstan,KAZ,2019,218.8149,19209555,59.083,9457.13,100.0,79.259,17.926,1.9
Kazakhstan,KAZ,2020,225.4957,19482117,59.987,8781.51,100.0,79.323,12.8407,1.8
Kazakhstan,KAZ,2021,241.9078,19743603,61.03,9983.6,100.0,79.366,26.8423,2.0
Kazakhstan,KAZ,2022,246.5276,20034609,61.444,11255.34,100.0,79.366,,
Kazakhstan,KAZ,2023,255.4342,20330104,61.756,12879.43,100.0,79.366,,
Kenya,KEN,2000,8.9072,30642890,19.455,414.63,15.2,46.967,3.314,76.8
Kenya,KEN,2001,8.2528,31619170,20.442,410.7,17.0,47.157,3.1416,78.3
Kenya,KEN,2002,8.0095,32629808,21.859,402.94,18.9,47.12,3.7395,78.8
Kenya,KEN,2003,7.2312,33652223,23.564,442.9,16.0,47.219,5.0854,81.6
Kenya,KEN,2004,8.0523,34713455,25.415,463.66,22.6,47.426,4.1237,80.3
Kenya,KEN,2005,9.026,35796484,27.269,523.46,24.5,47.444,4.0769,79.2
Kenya,KEN,2006,9.9988,36904008,28.983,699.8,26.4,47.535,2.9504,77.6
Kenya,KEN,2007,10.0006,38036349,30.415,840.2,28.3,47.557,3.6339,78.2
Kenya,KEN,2008,10.5703,39206351,31.423,915.54,30.3,47.596,3.6389,78.2
Kenya,KEN,2009,12.4742,40408891,31.86,1047.97,23.0,47.987,3.2457,75.6
Kenya,KEN,2010,13.4828,41598567,31.871,1091.52,19.2,48.12,2.6731,74.0
Kenya,KEN,2011,13.8759,42758461,31.867,1096.14,36.2,49.074,2.9432,74.7
Kenya,KEN,2012,12.8926,43888303,31.856,1285.01,38.1,49.67,2.9089,76.2
Kenya,KEN,2013,13.8937,44986791,31.832,1370.88,40.1,49.793,2.6694,74.3
Kenya,KEN,2014,15.7052,46051440,31.793,1482.82,36.0,49.747,2.6431,71.8
Kenya,KEN,2015,17.0005,47088526,31.734,1489.12,41.6,49.562,2.7097,69.2
Kenya,KEN,2016,18.5033,48139687,31.65,1554.13,53.1,49.661,2.6584,68.3
Kenya,KEN,2017,19.2464,49197766,31.538,1667.48,55.8,48.929,2.3144,68.1
Kenya,KEN,2018,19.1369,50207107,31.394,1836.45,61.2,49.552,1.3613,68.7
Kenya,KEN,2019,19.4769,51202827,31.19,1960.41,69.7,49.517,1.2272,68.1
Kenya,KEN,2020,19.1646,52217334,31.206,1927.66,71.5,49.389,1.2688,69.0
Kenya,KEN,2021,21.5155,53219166,31.288,2061.36,76.5,49.401,1.2279,67.7
Kenya,KEN,2022,21.9726,54252461,31.431,2109.56,76.0,49.483,,
Kenya,KEN,2023,21.2679,55339003,31.633,1942.59,76.2,49.526,,
Kiribati,KIR,2000,0.0324,88613,43.327,845.37,55.6,41.975,0.0296,54.7
Kiribati,KIR,2001,0.0292,90335,43.478,718.83,57.3,41.975,0.0376,56.4
Kiribati,KIR,2002,0.0432,92264,43.499,810.11,59.0,41.975,0.0377,53.0
Kiribati,KIR,2003,0.0447,94175,43.511,1020.5,60.7,41.975,0.045,50.5
Kiribati,KIR,2004,0.0464,96085,43.524,1083.27,62.4,41.975,0.0452,50.5
Kiribati,KIR,2005,0.0616,98035,43.544,1161.78,69.7,41.975,0.0279,48.5
Kiribati,KIR,2006,0.0662,100017,43.735,1123.19,68.8,41.975,0.0338,48.1
Kiribati,KIR,2007,0.0616,102068,44.621,1352.58,67.7,41.975,0.0433,48.4
Kiribati,KIR,2008,0.0686,104222,45.946,1410.62,69.4,41.975,0.071,49.7
Kiribati,KIR,2009,0.0581,106467,47.351,1316.63,64.2,41.975,0.0731,50.4
Kiribati,KIR,2010,0.0611,108704,48.46,1522.1,63.2,41.975,0.0627,50.1
Kiribati,KIR,2011,0.057,110647,49.123,1771.13,74.9,41.975,0.0736,50.5
Kiribati,KIR,2012,0.0558,112284,49.58,1843.55,76.7,41.975,0.0589,48.7
Kiribati,KIR,2013,0.0601,113838,49.969,1772.09,78.8,41.975,0.0557,46.2
Kiribati,KIR,2014,0.0607,115326,50.391,1736.71,83.4,41.975,0.0889,48.0
Kiribati,KIR,2015,0.0623,116815,50.954,1639.85,90.6,41.975,0.0733,47.5
Kiribati,KIR,2016,0.0678,118478,51.771,1742.67,92.6,41.975,0.0826,48.1
Kiribati,KIR,2017,0.0691,120275,52.973,1854.33,85.7,41.975,0.093,42.5
Kiribati,KIR,2018,0.0759,122084,54.5,1915.56,87.5,41.975,0.0421,42.3
Kiribati,KIR,2019,0.0761,123921,56.285,1750.24,89.3,41.975,0.0427,42.2
Kiribati,KIR,2020,0.0737,126099,58.412,1751.87,91.0,41.975,0.057,42.2
Kiribati,KIR,2021,0.0805,128377,59.636,2223.54,92.8,41.975,0.0435,42.2
Kiribati,KIR,2022,0.0758,130469,60.574,2078.76,94.4,41.975,,41.9
Kiribati,KIR,2023,0.076,132530,61.524,2200.69,95.9,41.975,,
"Korea, Dem. People's Rep.",PRK,2000,73.8063,23665910,59.42,,,21.005,,8.7
"Korea, Dem. People's Rep.",PRK,2001,76.673,23815358,59.48,,,21.031,,8.6
"Korea, Dem. People's Rep.",PRK,2002,73.4431,23943973,59.542,,,21.041,,9.0
"Korea, Dem. People's Rep.",PRK,2003,74.9821,24090380,59.606,,,21.047,,9.3
"Korea, Dem. People's Rep.",PRK,2004,76.5246,24254943,59.675,,,21.085,,9.4
"Korea, Dem. People's Rep.",PRK,2005,79.7374,24396433,59.751,,,21.514,,9.2
"Korea, Dem. People's Rep.",PRK,2006,81.2485,24524507,59.834,,,21.547,,9.0
"Korea, Dem. People's Rep.",PRK,2007,67.9856,24646383,59.927,,,21.565,,10.9
"Korea, Dem. People's Rep.",PRK,2008,74.4786,24764618,60.031,,,22.06,,10.2
"Korea, Dem. People's Rep.",PRK,2009,71.6712,24878332,60.154,,26.0,22.143,,10.4
"Korea, Dem. People's Rep.",PRK,2010,69.0426,24987258,60.307,,29.3,22.202,,11.0
"Korea, Dem. People's Rep.",PRK,2011,50.8115,25097874,60.484,,31.4,21.859,,14.8
"Korea, Dem. People's Rep.",PRK,2012,49.0217,25211728,60.678,,33.6,21.853,,15.4
"Korea, Dem. People's Rep.",PRK,2013,37.9084,25329451,60.884,,35.7,21.853,,20.8
"Korea, Dem. People's Rep.",PRK,2014,41.6105,25451262,61.094,,37.8,21.835,,18.5
"Korea, Dem. People's Rep.",PRK,2015,32.6541,25575350,61.325,,40.0,21.847,,22.6
"Korea, Dem. People's Rep.",PRK,2016,36.0271,25698326,61.568,,42.1,21.618,,24.0
"Korea, Dem. People's Rep.",PRK,2017,73.5427,25817709,61.821,,44.2,21.568,,10.2
"Korea, Dem. People's Rep.",PRK,2018,66.3965,25931147,62.083,,46.3,21.576,,11.9
"Korea, Dem. People's Rep.",PRK,2019,73.4111,26037632,62.354,,48.4,21.551,,10.0
"Korea, Dem. People's Rep.",PRK,2020,69.045,26136312,62.636,,50.5,21.564,,11.2
"Korea, Dem. People's Rep.",PRK,2021,57.2906,26232534,62.927,,52.6,21.56,,14.7
"Korea, Dem. People's Rep.",PRK,2022,59.8036,26328845,63.227,,54.7,21.553,,
"Korea, Dem. People's Rep.",PRK,2023,65.6588,26418204,63.538,,57.5,21.554,,
"Korea, Rep.",KOR,2000,466.4031,47008111,79.58,12710.3,100.0,20.454,0.0367,0.7
"Korea, Rep.",KOR,2001,477.111,47370164,79.879,11981.48,100.0,20.105,0.0403,0.7
"Korea, Rep.",KOR,2002,494.4704,47644736,80.277,13642.94,100.0,19.826,0.0319,0.7
"Korea, Rep.",KOR,2003,502.986,47892330,80.708,15211.55,100.0,19.649,0.0346,0.8
"Korea, Rep.",KOR,2004,519.4706,48082519,81.104,17121.63,100.0,19.552,0.0311,0.8
"Korea, Rep.",KOR,2005,515.9796,48184561,81.39,20167.05,100.0,19.422,0.0351,0.9
"Korea, Rep.",KOR,2006,523.7009,48438292,81.566,22609.71,100.0,19.178,0.0375,0.9
"Korea, Rep.",KOR,2007,541.0028,48683638,81.712,25078.49,100.0,18.985,0.0436,1.0
"Korea, Rep.",KOR,2008,552.3692,49054708,81.835,22252.31,100.0,18.734,0.0753,1.1
"Korea, Rep.",KOR,2009,556.3739,49307835,81.925,19937.3,100.0,18.494,0.0579,1.2
"Korea, Rep.",KOR,2010,612.9372,49554112,81.969,24071.26,100.0,18.241,0.0746,1.3
"Korea, Rep.",KOR,2011,647.6916,49936638,81.962,26175.24,100.0,18.069,0.0914,1.4
"Korea, Rep.",KOR,2012,645.2115,50199853,81.909,26600.55,100.0,18.374,0.1008,1.6
"Korea, Rep.",KOR,2013,642.0472,50428893,81.827,28449.36,100.0,18.154,0.0724,1.9
"Korea, Rep.",KOR,2014,630.5865,50746659,81.732,30667.09,100.0,17.944,0.0641,2.9
"Korea, Rep.",KOR,2015,643.7994,51014947,81.639,30171.79,100.0,17.815,0.0367,2.7
"Korea, Rep.",KOR,2016,648.8158,51217803,81.556,30832.06,100.0,17.446,0.0331,2.6
"Korea, Rep.",KOR,2017,665.288,51361911,81.471,33296.98,100.0,17.195,0.0386,2.8
"Korea, Rep.",KOR,2018,680.496,51585058,81.382,35363.95,100.0,16.94,0.0471,3.2
"Korea, Rep.",KOR,2019,654.9901,51764822,81.29,33826.94,100.0,16.773,0.1215,3.2
"Korea, Rep.",KOR,2020,617.3408,51836239,81.176,33645.77,100.0,16.609,0.1133,3.6
"Korea, Rep.",KOR,2021,638.7702,51769539,81.162,37518.46,100.0,16.424,0.0498,3.6
"Korea, Rep.",KOR,2022,613.5467,51672569,81.162,34822.4,100.0,16.23,,
"Korea, Rep.",KOR,2023,590.365,51712619,81.165,35674.1,100.0,16.066,,
Kosovo,XKX,2000,,1802493,37.483,,,,,
Kosovo,XKX,2001,,1820009,37.508,,,,,
Kosovo,XKX,2002,,1829462,37.534,,,,,
Kosovo,XKX,2003,,1826434,37.562,,,,,
Kosovo,XKX,2004,,1822773,37.592,,,,,
Kosovo,XKX,2005,,1818354,37.628,,,,,
Kosovo,XKX,2006,,1813079,37.67,,,,,
Kosovo,XKX,2007,,1807094,37.719,,,,,
Kosovo,XKX,2008,,1800858,37.778,2889.15,,,3.4697,
Kosovo,XKX,2009,,1794681,37.848,2805.95,,,1.2755,
Kosovo,XKX,2010,,1788743,37.93,2987.55,,,2.5556,
Kosovo,XKX,2011,,1791949,38.026,3538.95,,,2.4196,
Kosovo,XKX,2012,,1807126,38.23,3410.65,,,0.9848,
Kosovo,XKX,2013,,1818119,38.625,3704.56,,,0.5286,
Kosovo,XKX,2014,,1812788,39.194,3902.49,,,0.5228,
Kosovo,XKX,2015,,1788274,39.918,3520.63,,,0.3458,
Kosovo,XKX,2016,,1777568,40.778,3759.45,,,0.3949,
Kosovo,XKX,2017,,1791019,41.758,4009.32,,,0.5595,
Kosovo,XKX,2018,,1797086,42.838,4384.19,,,0.5826,
Kosovo,XKX,2019,,1788891,44.0,4415.7,,,0.4033,
Kosovo,XKX,2020,,1790151,45.227,4320.58,,,0.4056,
Kosovo,XKX,2021,,1786079,46.5,5269.7,,,0.9289,
Kosovo,XKX,2022,,1768096,47.8,5298.15,,,,
Kosovo,XKX,2023,,1682668,49.111,6220.33,,,,
Kuwait,KWT,2000,56.0212,1954709,99.0,19296.35,100.0,8.305,51.3644,0.0
Kuwait,KWT,2001,58.8749,2008121,99.235,17374.23,100.0,8.474,44.0886,0.0
Kuwait,KWT,2002,61.582,2059974,99.509,18512.75,100.0,8.474,38.1288,0.0
Kuwait,KWT,2003,64.9188,2109881,99.766,22690.66,100.0,8.474,40.6361,0.0
Kuwait,KWT,2004,68.9816,2157320,99.947,27552.28,100.0,8.418,46.8825,0.0
Kuwait,KWT,2005,77.2337,2236788,100.0,36122.61,100.0,8.418,54.1384,0.0
Kuwait,KWT,2006,79.9333,2364733,100.0,42946.64,100.0,8.418,51.782,0.0
Kuwait,KWT,2007,78.2246,2507887,100.0,45709.41,100.0,8.474,48.7737,0.0
Kuwait,KWT,2008,83.613,2651421,100.0,55585.19,100.0,8.474,53.4605,0.0
Kuwait,KWT,2009,85.3214,2795484,100.0,37907.1,100.0,8.502,39.5908,0.0
Kuwait,KWT,2010,86.8196,2943372,100.0,39212.25,100.0,8.53,48.8264,0.0
Kuwait,KWT,2011,91.8746,3132814,100.0,49169.61,100.0,8.558,59.0697,0.0
Kuwait,KWT,2012,91.9634,3337109,100.0,52155.22,100.0,8.53,58.1449,0.0
Kuwait,KWT,2013,93.8744,3507844,100.0,49651.04,100.0,8.62,56.3427,0.0
Kuwait,KWT,2014,92.3325,3665876,100.0,44368.78,100.0,8.535,53.9714,0.0
Kuwait,KWT,2015,95.5891,3834574,100.0,29882.21,100.0,8.384,37.3136,0.0
Kuwait,KWT,2016,98.4,4004096,100.0,27323.69,100.0,8.418,32.3641,0.0
Kuwait,KWT,2017,97.4646,4154812,100.0,29047.65,100.0,8.496,36.7579,0.0
Kuwait,KWT,2018,99.0797,4323515,100.0,32067.96,100.0,8.418,45.1523,0.0
Kuwait,KWT,2019,96.8283,4442316,100.0,31707.87,100.0,8.418,39.8387,0.1
Kuwait,KWT,2020,92.9479,4400267,100.0,25236.08,100.0,8.418,29.2849,0.1
Kuwait,KWT,2021,99.8995,4360865,100.0,34018.63,100.0,8.418,,0.1
Kuwait,KWT,2022,102.6178,4589643,100.0,39981.77,100.0,8.418,,
Kuwait,KWT,2023,110.1591,4853420,100.0,34091.97,100.0,8.418,,
Kyrgyz Republic,KGZ,2000,4.7979,4898362,35.322,279.62,99.6,55.86,4.1478,35.2
Kyrgyz Republic,KGZ,2001,4.031,4945073,35.316,308.41,99.5,56.184,3.5328,36.0
Kyrgyz Republic,KGZ,2002,5.0384,4990704,35.312,321.73,100.0,56.184,3.3096,28.3
Kyrgyz Republic,KGZ,2003,5.6599,5043308,35.309,380.51,99.4,56.517,3.4024,30.5
Kyrgyz Republic,KGZ,2004,5.6107,5104713,35.306,433.23,99.3,56.152,3.4153,27.7
Kyrgyz Republic,KGZ,2005,5.6133,5162640,35.303,476.55,99.4,56.022,3.0997,28.0
Kyrgyz Republic,KGZ,2006,5.5903,5218373,35.3,543.11,98.9,55.949,1.8253,27.8
Kyrgyz Republic,KGZ,2007,6.7415,5268385,35.295,721.77,99.5,55.936,1.0723,24.5
Kyrgyz Republic,KGZ,2008,7.8239,5318729,35.29,966.39,99.5,55.929,4.3016,22.0
Kyrgyz Republic,KGZ,2009,7.0415,5389643,35.282,870.2,99.5,55.356,4.4568,24.7
Kyrgyz Republic,KGZ,2010,6.6057,5467059,35.268,876.95,99.0,55.328,9.8089,25.6
Kyrgyz Republic,KGZ,2011,7.9039,5546587,35.247,1117.4,98.3,55.31,10.2034,26.0
Kyrgyz Republic,KGZ,2012,10.4411,5652076,35.219,1168.62,99.8,55.221,3.5809,22.4
Kyrgyz Republic,KGZ,2013,9.6866,5777150,35.185,1269.66,98.9,55.04,5.7191,24.8
Kyrgyz Republic,KGZ,2014,9.9416,5905848,35.146,1264.53,99.8,55.042,4.072,26.6
Kyrgyz Republic,KGZ,2015,10.3162,6040036,35.101,1105.65,98.7,55.038,4.2531,23.5
Kyrgyz Republic,KGZ,2016,9.7414,6175338,35.052,1103.27,99.7,54.959,5.6135,22.2
Kyrgyz Republic,KGZ,2017,9.6372,6306696,34.998,1221.39,100.0,54.954,8.7557,24.7
Kyrgyz Republic,KGZ,2018,11.4718,6444079,34.941,1283.52,100.0,54.071,4.6705,23.4
Kyrgyz Republic,KGZ,2019,10.2267,6590211,34.881,1422.0,99.9,54.058,7.2432,28.3
Kyrgyz Republic,KGZ,2020,9.3085,6726596,34.817,1229.52,99.9,54.055,6.5276,30.0
Kyrgyz Republic,KGZ,2021,10.515,6851224,34.752,1350.0,99.7,54.046,11.5065,27.6
Kyrgyz Republic,KGZ,2022,10.5011,6975220,34.7,1739.72,99.7,55.253,,
Kyrgyz Republic,KGZ,2023,10.2304,7099750,34.706,2138.22,100.0,54.009,,
Lao PDR,LAO,2000,0.9345,5431212,22.184,318.75,42.6,7.825,4.0246,81.5
Lao PDR,LAO,2001,1.0291,5521482,23.373,320.32,45.3,7.977,4.5567,81.1
Lao PDR,LAO,2002,1.1544,5610889,24.525,313.35,46.3,8.128,4.8109,80.2
Lao PDR,LAO,2003,1.2,5697945,25.595,355.1,48.0,8.28,6.5789,78.7
Lao PDR,LAO,2004,1.258,5781626,26.537,409.3,53.5,8.432,6.1377,74.0
Lao PDR,LAO,2005,1.3026,5869523,27.322,466.06,57.2,8.601,6.598,73.9
Lao PDR,LAO,2006,1.7086,5963200,28.038,579.39,57.0,8.774,13.282,69.8
Lao PDR,LAO,2007,1.806,6056236,28.734,697.32,55.0,8.938,13.2219,70.7
Lao PDR,LAO,2008,2.1095,6148969,29.403,885.75,66.0,9.116,13.0184,69.3
Lao PDR,LAO,2009,2.6407,6241642,30.042,935.03,67.4,9.393,10.5912,66.4
Lao PDR,LAO,2010,2.9614,6334194,30.647,1125.92,70.2,9.504,14.8104,64.8
Lao PDR,LAO,2011,3.1262,6426590,31.215,1361.55,70.0,9.618,15.2723,63.6
Lao PDR,LAO,2012,3.3357,6518978,31.742,1563.57,76.4,9.783,12.1203,62.4
Lao PDR,LAO,2013,3.9444,6611385,32.226,1812.52,79.3,10.149,12.5381,58.6
Lao PDR,LAO,2014,4.3873,6703172,32.664,1981.04,82.5,10.343,8.1298,58.2
Lao PDR,LAO,2015,8.9275,6801645,33.124,2121.01,89.7,10.455,5.5248,53.3
Lao PDR,LAO,2016,15.871,6908802,33.827,2303.22,89.0,10.511,4.3526,51.7
Lao PDR,LAO,2017,19.2442,7018147,34.512,2432.43,93.6,10.224,4.9709,50.6
Lao PDR,LAO,2018,19.8623,7128045,35.205,2545.11,92.9,10.051,3.8788,50.2
Lao PDR,LAO,2019,19.3701,7237636,35.907,2589.32,98.4,9.805,3.1045,50.5
Lao PDR,LAO,2020,19.4378,7346533,36.619,2583.78,99.3,9.566,2.8175,50.6
Lao PDR,LAO,2021,23.8166,7453194,37.339,2526.05,100.0,9.577,5.3828,51.5
Lao PDR,LAO,2022,24.0315,7559007,38.068,2046.4,100.0,9.791,,49.2
Lao PDR,LAO,2023,25.7437,7664993,38.807,2066.95,96.5,9.91,,
Late-demographic dividend,LTE,2000,7331.5136,2043581322,45.93,1673.0,95.25,34.851,6.0648,21.63
Late-demographic dividend,LTE,2001,7565.0719,2058600486,46.824,1717.76,95.91,34.754,5.4665,20.866
Late-demographic dividend,LTE,2002,7904.5572,2072599555,47.846,1809.49,96.25,34.736,4.9699,20.666
Late-demographic dividend,LTE,2003,8693.2712,2086139068,48.881,2048.66,96.46,34.387,5.3585,19.509
Late-demographic dividend,LTE,2004,9524.5787,2099412663,49.772,2447.19,96.74,34.36,7.0554,18.033
Late-demographic dividend,LTE,2005,10350.6204,2112603351,50.659,2933.48,97.17,34.364,8.1071,16.813
Late-demographic dividend,LTE,2006,11160.3285,2126122277,51.636,3519.26,97.89,34.386,8.8625,16.271
Late-demographic dividend,LTE,2007,11842.6133,2139958608,52.738,4409.31,97.63,34.383,8.6298,15.588
Late-demographic dividend,LTE,2008,12173.9341,2153941306,53.558,5453.26,97.99,34.423,11.0399,15.082
Late-demographic dividend,LTE,2009,12526.9618,2167303374,54.523,5245.34,97.69,34.435,6.0124,15.049
Late-demographic dividend,LTE,2010,13574.7545,2179525352,55.2,6277.15,98.35,34.564,7.726,14.228
Late-demographic dividend,LTE,2011,14591.715,2193171336,56.919,7598.76,98.63,34.547,9.5652,13.494
Late-demographic dividend,LTE,2012,14969.3652,2209319631,57.807,8073.21,98.71,34.55,7.3267,13.558
Late-demographic dividend,LTE,2013,15494.3438,2225005187,58.779,8644.26,98.9,34.597,6.2218,13.651
Late-demographic dividend,LTE,2014,15616.1654,2241122152,59.658,8923.26,99.0,34.558,5.287,13.797
Late-demographic dividend,LTE,2015,15492.1789,2256126712,60.729,8331.63,98.78,34.577,2.9577,13.795
Late-demographic dividend,LTE,2016,15519.2747,2270841806,61.762,8297.34,99.12,34.569,2.5373,14.105
Late-demographic dividend,LTE,2017,15843.0439,2285870134,62.739,9138.44,99.27,34.531,3.1348,14.36
Late-demographic dividend,LTE,2018,16479.0814,2298394042,63.758,9966.88,99.28,34.498,3.887,14.711
Late-demographic dividend,LTE,2019,16849.7179,2308878047,64.631,10120.47,99.33,34.422,3.2852,15.193
Late-demographic dividend,LTE,2020,16831.8195,2316152452,65.263,9874.07,99.39,34.39,2.1916,15.829
Late-demographic dividend,LTE,2021,17703.7419,2320127658,66.128,11760.09,99.41,34.352,4.2404,
Late-demographic dividend,LTE,2022,17624.7395,2323799602,66.578,12287.46,99.48,34.284,,
Late-demographic dividend,LTE,2023,18208.383,2326294294,66.91,12427.25,99.46,34.139,,
Latin America & Caribbean,LCN,2000,1351.0142,520272118,75.565,4472.58,91.74,33.687,3.8464,28.499
Latin America & Caribbean,LCN,2001,1352.6127,527572583,75.976,4326.64,92.33,33.566,3.0764,27.92
Latin America & Caribbean,LCN,2002,1353.8011,534691591,76.351,3839.2,92.66,33.606,3.5773,28.527
Latin America & Caribbean,LCN,2003,1385.8478,541643365,76.691,3862.14,92.74,33.614,3.8985,29.045
Latin America & Caribbean,LCN,2004,1449.5072,548455563,76.995,4385.9,93.22,33.688,4.8095,28.869
Latin America & Caribbean,LCN,2005,1495.7385,555120780,77.267,5229.9,93.52,33.752,6.1335,28.937
Latin America & Caribbean,LCN,2006,1532.1475,561751999,77.504,6047.73,94.26,33.742,7.0547,28.986
Latin America & Caribbean,LCN,2007,1586.0699,568345245,77.731,7035.8,94.48,33.804,6.7106,29.077
Latin America & Caribbean,LCN,2008,1625.1478,574908733,77.951,8077.97,95.22,33.55,7.2816,29.19
Latin America & Caribbean,LCN,2009,1577.4087,581388129,78.164,7495.06,95.43,33.419,4.04,30.025
Latin America & Caribbean,LCN,2010,1691.0513,587752505,78.371,9183.55,95.88,33.492,5.1968,29.068
Latin America & Caribbean,LCN,2011,1747.3566,594086829,78.572,10334.04,96.18,33.422,6.7753,28.496
Latin America & Caribbean,LCN,2012,1830.8776,600420316,78.77,10328.65,96.57,33.431,6.0035,27.941
Latin America & Caribbean,LCN,2013,1865.7696,606683307,78.976,10305.42,96.86,33.448,5.2252,27.743
Latin America & Caribbean,LCN,2014,1872.8934,612849401,79.185,10146.15,97.05,33.253,4.3386,27.722
Latin America & Caribbean,LCN,2015,1863.0895,618868462,79.4,8546.92,97.28,33.305,2.2843,28.245
Latin America & Caribbean,LCN,2016,1826.5775,624737786,79.616,8241.51,97.48,33.178,2.1767,28.885
Latin America & Caribbean,LCN,2017,1814.145,630414986,79.829,9065.82,97.71,33.025,2.6193,29.407
Latin America & Caribbean,LCN,2018,1765.6136,635778081,80.019,8778.56,97.76,32.935,3.3487,30.253
Latin America & Caribbean,LCN,2019,1768.751,640962372,80.227,8539.96,98.0,32.941,2.6177,30.625
Latin America & Caribbean,LCN,2020,1583.4871,645498187,80.437,7169.39,98.15,33.187,2.4402,34.196
Latin America & Caribbean,LCN,2021,1716.4286,649236092,80.634,8292.15,98.28,33.18,6.1386,
Latin America & Caribbean,LCN,2022,1724.8616,653108131,80.828,9412.06,98.58,33.08,,
Latin America & Caribbean,LCN,2023,1748.2797,657616519,81.044,10507.61,98.42,32.873,,
Latin America & Caribbean (excluding high income),LAC,2000,1233.0326,487480396,75.319,4315.32,91.47,34.085,3.984,28.675
Latin America & Caribbean (excluding high income),LAC,2001,1233.7647,494443065,75.742,4163.09,92.11,33.954,3.2003,28.035
Latin America & Caribbean (excluding high income),LAC,2002,1238.2754,501234679,76.13,3657.85,92.44,33.979,3.7753,28.612
Latin America & Caribbean (excluding high income),LAC,2003,1258.4541,507870430,76.482,3663.0,92.44,33.995,4.0789,29.254
Latin America & Caribbean (excluding high income),LAC,2004,1314.5168,514373324,76.795,4155.66,93.02,34.053,4.8557,29.039
Latin America & Caribbean (excluding high income),LAC,2005,1352.4107,520792375,77.072,4984.73,93.34,34.125,6.2555,29.081
Latin America & Caribbean (excluding high income),LAC,2006,1391.3096,527135313,77.313,5770.6,94.05,34.126,6.8497,29.107
Latin America & Caribbean (excluding high income),LAC,2007,1434.9793,533442703,77.544,6758.19,94.32,34.204,6.483,29.302
Latin America & Caribbean (excluding high income),LAC,2008,1472.1083,539713061,77.765,7812.59,95.1,33.944,7.2794,29.373
Latin America & Caribbean (excluding high income),LAC,2009,1429.1817,545898245,77.979,7221.64,95.27,33.812,3.966,30.261
Latin America & Caribbean (excluding high income),LAC,2010,1536.2817,551960581,78.188,8899.09,95.75,33.929,5.0693,29.377
Latin America & Caribbean (excluding high income),LAC,2011,1585.6157,558007918,78.389,10025.17,96.06,33.866,6.7486,28.701
Latin America & Caribbean (excluding high income),LAC,2012,1668.4957,564057086,78.594,9967.79,96.45,33.911,6.0572,28.042
Latin America & Caribbean (excluding high income),LAC,2013,1701.3208,570030910,78.806,9901.44,96.77,33.942,5.2716,27.788
Latin America & Caribbean (excluding high income),LAC,2014,1714.8601,575915671,79.023,9758.39,96.95,33.745,4.3572,27.889
Latin America & Caribbean (excluding high income),LAC,2015,1699.3971,581649117,79.244,8087.33,97.2,33.82,2.2684,28.478
Latin America & Caribbean (excluding high income),LAC,2016,1661.103,587206002,79.465,7751.59,97.39,33.719,2.2082,29.195
Latin America & Caribbean (excluding high income),LAC,2017,1649.4566,592522502,79.682,8568.06,97.63,33.577,2.5789,29.762
Latin America & Caribbean (excluding high income),LAC,2018,1598.2194,597518751,79.878,8231.91,97.67,33.505,3.3445,30.622
Latin America & Caribbean (excluding high income),LAC,2019,1592.3444,602249777,80.09,8006.02,97.93,33.54,2.7247,31.1
Latin America & Caribbean (excluding high income),LAC,2020,1423.1656,606535582,80.304,6651.16,98.07,33.853,2.3486,34.801
Latin America & Caribbean (excluding high income),LAC,2021,1551.6028,610122057,80.506,7694.61,98.21,33.859,5.6878,
Latin America & Caribbean (excluding high income),LAC,2022,1556.8289,613861839,80.704,8838.67,98.53,33.758,,
Latin America & Caribbean (excluding high income),LAC,2023,1593.1432,618190397,80.926,9891.46,98.35,33.528,,
Latin America & the Caribbean (IDA & IBRD countries),TLA,2000,1295.3903,504556065,75.408,4388.93,91.55,33.56,3.9976,28.577
Latin America & the Caribbean (IDA & IBRD countries),TLA,2001,1298.4845,511809816,75.828,4222.97,92.18,33.435,3.2178,27.986
Latin America & the Caribbean (IDA & IBRD countries),TLA,2002,1305.5081,518881965,76.217,3714.37,92.53,33.474,3.7756,28.629
Latin America & the Caribbean (IDA & IBRD countries),TLA,2003,1332.5508,525787222,76.57,3728.73,92.59,33.483,4.1129,29.193
Latin America & the Caribbean (IDA & IBRD countries),TLA,2004,1396.5808,532556401,76.883,4252.84,93.09,33.564,5.041,29.003
Latin America & the Caribbean (IDA & IBRD countries),TLA,2005,1441.7565,539188798,77.163,5103.97,93.4,33.622,6.4093,29.187
Latin America & the Caribbean (IDA & IBRD countries),TLA,2006,1486.617,545805913,77.407,5926.88,94.16,33.613,7.3396,29.288
Latin America & the Caribbean (IDA & IBRD countries),TLA,2007,1538.4224,552399650,77.64,6927.88,94.38,33.676,6.9035,29.416
Latin America & the Caribbean (IDA & IBRD countries),TLA,2008,1580.9298,558968822,77.865,7989.38,95.14,33.424,7.5144,29.507
Latin America & the Caribbean (IDA & IBRD countries),TLA,2009,1534.5112,565454932,78.083,7386.6,95.35,33.294,4.1837,30.367
Latin America & the Caribbean (IDA & IBRD countries),TLA,2010,1647.2791,571822092,78.296,9115.37,95.81,33.37,5.3422,29.419
Latin America & the Caribbean (IDA & IBRD countries),TLA,2011,1706.4856,578171855,78.501,10277.43,96.12,33.304,6.9583,28.771
Latin America & the Caribbean (IDA & IBRD countries),TLA,2012,1788.9527,584524334,78.705,10261.74,96.51,33.312,6.1741,28.209
Latin America & the Caribbean (IDA & IBRD countries),TLA,2013,1823.9558,590809938,78.917,10230.36,96.81,33.328,5.3781,28.009
Latin America & the Caribbean (IDA & IBRD countries),TLA,2014,1832.5205,597023419,79.133,10059.02,97.0,33.136,4.4657,27.923
Latin America & the Caribbean (IDA & IBRD countries),TLA,2015,1819.5656,603091701,79.355,8404.05,97.23,33.19,2.3719,28.488
Latin America & the Caribbean (IDA & IBRD countries),TLA,2016,1785.7643,609017063,79.577,8082.09,97.43,33.063,2.2683,29.148
Latin America & the Caribbean (IDA & IBRD countries),TLA,2017,1773.7286,614776664,79.795,8918.59,97.66,32.905,2.7184,29.641
Latin America & the Caribbean (IDA & IBRD countries),TLA,2018,1722.8746,620274430,79.992,8620.65,97.71,32.814,3.4741,30.495
Latin America & the Caribbean (IDA & IBRD countries),TLA,2019,1731.1711,625467307,80.204,8363.21,97.95,32.816,2.7197,30.873
Latin America & the Caribbean (IDA & IBRD countries),TLA,2020,1550.246,630051021,80.419,6965.15,98.1,33.064,2.5583,34.499
Latin America & the Caribbean (IDA & IBRD countries),TLA,2021,1679.4365,633862610,80.621,8076.88,98.23,33.057,6.2967,
Latin America & the Caribbean (IDA & IBRD countries),TLA,2022,1688.5718,637837815,80.82,9177.8,98.54,32.956,,
Latin America & the Caribbean (IDA & IBRD countries),TLA,2023,1711.0056,642397939,81.04,10259.55,98.39,32.747,,
Latvia,LVA,2000,7.2309,2367550,68.052,3278.18,99.9,25.519,2.5923,35.8
Latvia,LVA,2001,7.6692,2337170,68.016,3504.62,99.9,25.407,2.0808,35.4
Latvia,LVA,2002,7.665,2310173,67.981,4003.61,99.8,25.632,1.7399,34.4
Latvia,LVA,2003,7.9151,2287955,67.949,4914.58,99.8,25.423,1.7461,34.3
Latvia,LVA,2004,7.9578,2263122,67.921,6109.73,99.7,26.387,1.5895,36.1
Latvia,LVA,2005,8.03,2238799,67.895,7283.79,99.7,27.866,1.3211,36.3
Latvia,LVA,2006,8.54,2218357,67.874,9211.74,99.6,29.81,1.1801,34.0
Latvia,LVA,2007,8.9143,2200325,67.856,13370.98,99.7,29.553,0.9763,33.1
Latvia,LVA,2008,8.4787,2177322,67.842,15677.61,99.7,29.328,0.7096,33.7
Latvia,LVA,2009,7.7519,2141669,67.832,11996.03,100.0,29.457,0.8903,38.4
Latvia,LVA,2010,8.8799,2097555,67.827,11188.42,99.8,29.007,1.2831,33.1
Latvia,LVA,2011,8.2334,2059709,67.827,12902.57,99.8,29.183,1.3328,35.5
Latvia,LVA,2012,8.0274,2034319,67.833,13329.35,100.0,29.585,1.4313,40.4
Latvia,LVA,2013,7.7794,2012647,67.847,14484.47,100.0,30.164,1.1441,39.6
Latvia,LVA,2014,7.5739,1993782,67.869,15185.81,100.0,30.083,1.131,40.2
Latvia,LVA,2015,7.648,1977527,67.897,13321.98,100.0,30.284,1.0034,38.1
Latvia,LVA,2016,7.4806,1959537,67.931,13838.53,100.0,31.032,0.9836,38.5
Latvia,LVA,2017,7.4321,1942248,67.971,15132.5,100.0,31.064,1.2072,42.6
Latvia,LVA,2018,8.1079,1927174,68.016,17252.17,100.0,31.144,1.0735,41.0
Latvia,LVA,2019,7.9078,1913822,68.066,17294.98,100.0,31.498,1.1894,41.5
Latvia,LVA,2020,7.2771,1900449,68.121,17564.23,100.0,31.641,1.2746,43.8
Latvia,LVA,2021,7.5304,1884490,68.181,20261.89,100.0,31.657,1.1651,44.0
Latvia,LVA,2022,6.9268,1879383,68.257,20221.1,100.0,31.657,,
Latvia,LVA,2023,6.9004,1883710,68.359,22710.26,100.0,31.673,,
Least developed countries: UN classification,LDC,2000,120.4596,673273787,25.293,333.54,20.23,35.097,9.5838,83.816
Least developed countries: UN classification,LDC,2001,129.4731,689505567,25.7,314.12,21.0,35.269,8.7074,83.041
Least developed countries: UN classification,LDC,2002,133.9277,706880665,26.119,338.1,22.98,35.356,9.5184,82.611
Least developed countries: UN classification,LDC,2003,145.8137,724713713,26.56,373.86,24.52,35.604,11.1188,81.419
Least developed countries: UN classification,LDC,2004,152.5779,742302769,27.028,420.03,24.91,35.42,11.4817,80.99
Least developed countries: UN classification,LDC,2005,160.3033,760310134,27.509,487.48,26.27,35.828,14.2164,80.76
Least developed countries: UN classification,LDC,2006,169.9436,778789026,27.998,553.0,29.14,35.973,15.2558,80.101
Least developed countries: UN classification,LDC,2007,182.1472,797076099,28.455,648.87,29.35,36.152,16.5029,78.847
Least developed countries: UN classification,LDC,2008,193.9142,815835455,28.988,778.95,30.74,36.309,19.546,78.174
Least developed countries: UN classification,LDC,2009,209.4225,835266189,29.469,751.97,32.14,36.544,12.3026,77.043
Least developed countries: UN classification,LDC,2010,225.1804,854941316,29.927,831.84,33.02,36.796,13.8963,75.903
Least developed countries: UN classification,LDC,2011,239.5704,875269186,30.357,925.48,34.5,37.007,15.6129,75.29
Least developed countries: UN classification,LDC,2012,254.6589,896237933,30.768,947.85,37.82,39.51,13.2881,74.119
Least developed countries: UN classification,LDC,2013,273.3222,917783039,31.196,1007.41,38.23,39.711,11.6705,73.452
Least developed countries: UN classification,LDC,2014,292.5783,939749332,31.647,1056.98,39.48,39.846,10.0128,72.803
Least developed countries: UN classification,LDC,2015,309.7355,961916563,32.1,983.41,42.31,39.972,7.1205,72.642
Least developed countries: UN classification,LDC,2016,340.3809,984757534,32.562,968.12,46.35,40.1,6.9465,71.707
Least developed countries: UN classification,LDC,2017,368.7844,1008260714,33.034,1037.26,50.21,40.247,7.7421,70.653
Least developed countries: UN classification,LDC,2018,386.1354,1032309742,33.51,1082.35,51.09,40.381,7.2613,69.669
Least developed countries: UN classification,LDC,2019,402.2792,1057170371,33.954,1106.29,52.88,40.448,5.9575,69.502
Least developed countries: UN classification,LDC,2020,393.8451,1082754466,34.38,1089.46,54.47,40.535,5.1056,70.886
Least developed countries: UN classification,LDC,2021,427.2985,1108233065,34.811,1175.42,56.11,40.606,8.5389,
Least developed countries: UN classification,LDC,2022,434.1375,1133564482,35.252,1298.29,56.7,40.682,,
Least developed countries: UN classification,LDC,2023,435.3333,1159744187,35.689,1258.16,58.43,40.711,,
Lebanon,LBN,2000,15.3085,4329340,86.0,3986.84,99.3,58.162,0.0016,4.9
Lebanon,LBN,2001,16.5184,4401918,86.145,4009.56,99.3,58.456,0.0015,4.6
Lebanon,LBN,2002,16.4658,4463504,86.294,4290.85,99.3,60.215,0.0014,5.7
Lebanon,LBN,2003,16.4707,4525508,86.448,4437.72,99.2,61.29,0.0016,7.0
Lebanon,LBN,2004,16.6903,4599279,86.605,4600.68,99.9,62.395,0.0015,6.1
Lebanon,LBN,2005,16.5758,4671102,86.767,4602.2,99.2,63.832,0.0014,6.4
Lebanon,LBN,2006,16.1341,4751136,86.932,4635.25,99.4,66.373,0.0016,6.4
Lebanon,LBN,2007,14.9481,4844118,87.102,5125.26,97.8,66.188,0.0014,7.3
Lebanon,LBN,2008,18.3122,4925354,87.277,5912.05,99.9,64.809,0.0019,5.1
Lebanon,LBN,2009,21.5597,4992287,87.456,7090.85,99.3,64.809,0.0019,4.3
Lebanon,LBN,2010,20.6592,5041288,87.639,7625.81,99.5,62.561,0.0019,5.7
Lebanon,LBN,2011,20.9822,5096020,87.827,7834.96,99.7,63.636,0.0019,6.2
Lebanon,LBN,2012,23.4369,5235742,88.02,8406.98,99.5,64.321,0.0019,5.6
Lebanon,LBN,2013,23.1046,5743436,88.217,8162.38,99.6,64.516,0.0016,5.9
Lebanon,LBN,2014,24.9694,6346990,88.418,7577.64,99.7,64.712,0.0023,4.2
Lebanon,LBN,2015,26.9054,6472469,88.625,7714.11,99.7,65.005,0.0023,4.2
Lebanon,LBN,2016,27.8657,6323060,88.836,8089.01,99.8,65.591,0.0014,4.0
Lebanon,LBN,2017,29.2967,6160128,89.052,8608.21,99.9,65.818,0.002,4.0
Lebanon,LBN,2018,27.4937,5984119,89.273,9174.54,99.7,65.645,0.0011,4.7
Lebanon,LBN,2019,27.0043,5794594,89.499,8905.88,100.0,65.621,0.0013,5.1
Lebanon,LBN,2020,21.8207,5702398,89.729,5561.19,100.0,65.896,0.0022,6.3
Lebanon,LBN,2021,16.715,5718122,89.965,4045.37,100.0,66.629,0.0028,6.8
Lebanon,LBN,2022,10.435,5744489,90.206,3654.36,100.0,66.128,,
Lebanon,LBN,2023,10.8188,5773493,90.452,3477.72,100.0,65.906,,
Lesotho,LSO,2000,0.3508,2003913,19.327,442.78,4.3,76.877,3.4587,56.7
Lesotho,LSO,2001,0.3651,2000853,19.898,412.68,1.3,76.877,3.6129,56.5
Lesotho,LSO,2002,0.3854,1994679,20.493,388.92,3.4,75.889,4.6497,56.2
Lesotho,LSO,2003,0.392,1985059,21.123,583.27,5.4,75.889,5.4682,55.9
Lesotho,LSO,2004,0.407,1971129,21.799,766.69,6.8,76.219,3.855,55.4
Lesotho,LSO,2005,0.4079,1953076,22.532,861.38,9.6,76.647,3.4607,55.3
Lesotho,LSO,2006,0.4144,1945063,23.333,925.47,9.7,75.988,3.0684,55.5
Lesotho,LSO,2007,0.5358,1953268,24.219,861.19,13.9,76.713,5.0526,55.3
Lesotho,LSO,2008,0.4365,1966541,25.197,898.48,16.0,77.8,5.459,55.0
Lesotho,LSO,2009,0.5122,1980883,26.259,878.85,17.0,77.042,5.903,54.0
Lesotho,LSO,2010,0.5223,1996251,27.4,1119.48,17.0,76.614,3.9344,53.0
Lesotho,LSO,2011,0.5442,2014009,28.615,1280.73,22.5,76.153,3.8895,42.3
Lesotho,LSO,2012,0.5764,2034354,29.897,1217.93,20.6,75.273,4.7059,40.8
Lesotho,LSO,2013,0.5811,2056504,31.241,1151.04,26.9,74.18,5.1016,46.1
Lesotho,LSO,2014,0.5991,2080089,32.64,1173.54,27.8,74.977,5.5905,43.2
Lesotho,LSO,2015,0.5966,2104611,34.09,1121.2,31.8,73.221,6.2114,46.0
Lesotho,LSO,2016,0.6575,2130422,35.508,992.49,35.1,77.602,7.2701,45.1
Lesotho,LSO,2017,0.7193,2157110,36.528,1069.37,33.7,79.644,6.2977,41.5
Lesotho,LSO,2018,0.7577,2183603,37.569,1170.66,47.0,80.148,3.6096,42.5
Lesotho,LSO,2019,0.7834,2209405,38.604,1082.06,44.6,70.962,3.7343,41.6
Lesotho,LSO,2020,0.7032,2235727,39.633,918.58,47.5,77.385,4.5555,43.2
Lesotho,LSO,2021,0.7644,2261542,40.655,1066.59,50.4,73.432,4.3179,33.6
Lesotho,LSO,2022,0.9811,2286110,41.67,1030.13,50.0,74.947,,34.9
Lesotho,LSO,2023,0.9915,2311472,42.678,921.44,57.3,77.758,,
Liberia,LBR,2000,0.3992,2928117,43.771,298.49,,14.193,17.841,91.3
Liberia,LBR,2001,0.4602,3015338,44.151,300.46,,14.507,17.2523,91.6
Liberia,LBR,2002,0.4656,3094782,44.567,299.54,,14.821,23.8998,91.1
Liberia,LBR,2003,0.5042,3119532,45.0,239.78,,15.135,34.1777,90.3
Liberia,LBR,2004,0.5452,3156892,45.434,284.14,,15.45,19.7881,89.6
Liberia,LBR,2005,0.6812,3301015,45.851,287.49,,15.76,20.0544,87.8
Liberia,LBR,2006,0.717,3490787,46.232,320.56,,16.069,17.6486,87.6
Liberia,LBR,2007,0.6693,3669050,46.61,374.21,3.0,16.374,21.577,89.8
Liberia,LBR,2008,0.5606,3821003,47.108,451.71,1.3,16.686,21.7674,91.8
Liberia,LBR,2009,0.5226,3943028,47.625,448.39,1.9,16.997,22.0777,91.8
Liberia,LBR,2010,0.7943,4058890,48.141,492.25,5.3,17.307,18.3647,88.6
Liberia,LBR,2011,0.8855,4221178,48.658,568.09,4.1,17.615,23.273,87.1
Liberia,LBR,2012,0.9771,4373043,49.177,638.37,9.3,17.926,26.7116,86.2
Liberia,LBR,2013,0.9074,4470239,49.698,710.74,9.8,18.237,28.3712,87.5
Liberia,LBR,2014,1.1822,4564293,50.22,706.71,9.4,18.546,26.1806,91.2
Liberia,LBR,2015,1.233,4659431,50.743,692.59,15.2,18.859,19.4463,91.9
Liberia,LBR,2016,1.3852,4755608,51.269,714.61,17.7,19.17,20.1144,92.8
Liberia,LBR,2017,1.2306,4848925,51.796,699.27,24.2,19.484,21.3241,93.6
Liberia,LBR,2018,0.6419,4944726,52.325,692.2,22.8,19.798,14.025,94.4
Liberia,LBR,2019,1.0095,5043721,52.855,658.16,23.1,19.965,14.2605,89.7
Liberia,LBR,2020,0.8348,5149463,53.388,616.79,27.6,19.965,17.4662,93.0
Liberia,LBR,2021,0.8408,5259323,53.922,667.97,29.8,19.965,21.9156,93.2
Liberia,LBR,2022,0.8686,5373294,54.459,744.62,31.8,19.965,,92.8
Liberia,LBR,2023,0.8395,5493031,54.998,799.19,32.5,19.965,,
Libya,LBY,2000,49.2846,5305021,86.951,7214.1,99.8,8.781,34.2584,2.0
Libya,LBY,2001,48.7489,5403639,87.319,6312.8,96.9,8.781,30.3866,2.9
Libya,LBY,2002,49.8968,5508410,87.626,3718.29,95.2,8.781,49.6151,2.9
Libya,LBY,2003,53.7897,5619398,87.866,4674.1,93.5,8.781,48.7224,2.9
Libya,LBY,2004,53.2302,5736693,88.037,5773.76,91.8,8.744,55.8477,2.8
Libya,LBY,2005,57.7261,5858798,88.136,8079.25,90.1,8.744,62.3347,2.7
Libya,LBY,2006,57.4771,5980211,88.16,10048.85,88.4,8.744,62.2912,2.9
Libya,LBY,2007,53.7459,6104380,88.156,11144.94,86.8,8.744,61.3669,3.1
Libya,LBY,2008,57.1434,6235430,88.147,13906.14,85.1,8.744,66.0599,2.9
Libya,LBY,2009,60.2666,6366686,88.135,9551.05,83.5,8.744,51.7323,2.6
Libya,LBY,2010,63.6702,6497839,88.118,11600.91,81.9,8.724,55.9662,2.5
Libya,LBY,2011,44.2373,6343203,88.097,7593.84,80.3,8.724,37.5617,3.2
Libya,LBY,2012,62.8561,6179328,88.073,14975.89,78.7,8.727,59.103,2.6
Libya,LBY,2013,62.6092,6304628,88.045,11951.71,77.1,8.727,47.7414,2.4
Libya,LBY,2014,61.8002,6427252,88.014,8926.42,75.5,8.724,31.0169,2.3
Libya,LBY,2015,54.4819,6531819,87.816,7458.49,73.8,8.724,16.3922,2.9
Libya,LBY,2016,51.1525,6632126,87.816,7525.8,72.2,8.724,12.2469,2.8
Libya,LBY,2017,55.3948,6738770,87.817,9965.83,70.6,8.724,22.1588,2.9
Libya,LBY,2018,57.2685,6849055,87.818,11196.59,67.0,8.724,31.6169,2.9
Libya,LBY,2019,57.4746,6951033,87.822,9963.19,68.5,8.724,34.499,3.0
Libya,LBY,2020,45.7025,7045399,87.828,6650.34,69.4,8.724,11.479,3.2
Libya,LBY,2021,58.3609,7135175,87.837,4935.83,70.2,8.724,61.0347,3.1
Libya,LBY,2022,58.1734,7223805,87.849,5986.64,70.0,8.724,,
Libya,LBY,2023,63.2042,7305659,87.865,6026.52,73.2,8.724,,
Liechtenstein,LIE,2000,,32645,14.99,76087.91,100.0,43.75,0.0094,54.0
Liechtenstein,LIE,2001,,33194,14.896,75067.8,100.0,43.125,0.0084,51.6
Liechtenstein,LIE,2002,,33694,14.809,79795.18,100.0,42.312,0.0094,51.3
Liechtenstein,LIE,2003,,34079,14.729,90108.37,100.0,41.5,0.0088,50.2
Liechtenstein,LIE,2004,,34447,14.657,100280.83,100.0,40.688,0.0068,50.3
Liechtenstein,LIE,2005,,34753,14.594,105295.06,100.0,39.875,0.0066,49.9
Liechtenstein,LIE,2006,,35037,14.539,114167.94,100.0,39.062,0.0084,50.8
Liechtenstein,LIE,2007,,35262,14.494,130492.6,100.0,38.25,0.0094,53.4
Liechtenstein,LIE,2008,,35473,14.458,143249.23,100.0,37.438,0.0109,53.0
Liechtenstein,LIE,2009,,35742,14.431,126024.71,100.0,36.625,0.0098,55.1
Liechtenstein,LIE,2010,,36022,14.415,141089.81,100.0,35.812,0.0092,52.3
Liechtenstein,LIE,2011,,36312,14.41,158066.37,100.0,35.0,0.0082,55.3
Liechtenstein,LIE,2012,,36657,14.412,148842.04,100.0,34.188,0.0066,55.5
Liechtenstein,LIE,2013,,36984,14.42,172823.61,100.0,33.375,0.0053,53.5
Liechtenstein,LIE,2014,,37248,14.434,178735.15,100.0,32.75,0.006,55.0
Liechtenstein,LIE,2015,,37494,14.454,167187.16,100.0,32.625,0.0019,55.5
Liechtenstein,LIE,2016,,37716,14.48,165375.49,100.0,32.5,0.0021,55.8
Liechtenstein,LIE,2017,,37962,14.514,170547.09,100.0,32.375,0.0019,55.3
Liechtenstein,LIE,2018,,38246,14.557,174988.78,100.0,32.375,0.0033,56.8
Liechtenstein,LIE,2019,,38563,14.607,166907.84,100.0,32.312,0.0018,56.1
Liechtenstein,LIE,2020,,38901,14.667,164671.09,100.0,32.312,0.0015,55.2
Liechtenstein,LIE,2021,,39182,14.699,201944.83,100.0,32.312,,53.6
Liechtenstein,LIE,2022,,39493,14.692,188055.0,100.0,32.312,,56.9
Liechtenstein,LIE,2023,,39846,14.678,206780.59,100.0,32.312,,
Lithuania,LTU,2000,11.6567,3499536,66.977,3300.64,99.5,54.531,1.0076,17.2
Lithuania,LTU,2001,12.3913,3470818,66.929,3532.53,99.5,46.203,0.9505,17.6
Lithuania,LTU,2002,12.4707,3443067,66.889,4148.13,99.4,46.027,0.8093,17.9
Lithuania,LTU,2003,12.4924,3415213,66.76,5507.47,99.4,40.539,0.7319,18.1
Lithuania,LTU,2004,13.0659,3377075,66.602,6734.57,99.4,41.549,0.655,18.1
Lithuania,LTU,2005,13.9579,3322528,66.578,7857.03,99.4,45.262,0.5901,17.5
Lithuania,LTU,2006,14.1941,3269909,66.638,9210.1,99.4,44.523,0.55,17.5
Lithuania,LTU,2007,15.5684,3231294,66.718,12295.12,99.4,43.011,0.4801,17.1
Lithuania,LTU,2008,15.8313,3198231,66.753,14955.53,99.4,42.634,0.4394,18.3
Lithuania,LTU,2009,13.2105,3162916,66.782,11854.37,99.5,42.904,0.4019,20.1
Lithuania,LTU,2010,14.041,3097282,66.771,11829.12,99.7,44.233,0.5248,21.5
Lithuania,LTU,2011,14.3203,3028115,66.752,14261.84,99.7,44.77,0.5527,22.7
Lithuania,LTU,2012,14.4911,2989139,66.854,14288.19,100.0,45.349,0.5033,23.9
Lithuania,LTU,2013,13.3644,2961250,67.009,15636.53,100.0,46.133,0.4514,26.3
Lithuania,LTU,2014,13.2117,2937253,67.151,16446.16,100.0,47.125,0.4357,27.7
Lithuania,LTU,2015,13.6606,2911109,67.228,14269.8,100.0,47.979,0.3559,29.0
Lithuania,LTU,2016,13.5202,2877325,67.189,14934.27,100.0,47.155,0.3378,31.5
Lithuania,LTU,2017,13.9642,2842639,67.101,16800.15,100.0,46.859,0.408,33.8
Lithuania,LTU,2018,14.0184,2819200,67.146,19247.23,100.0,47.054,0.3784,33.7
Lithuania,LTU,2019,14.2965,2811089,67.246,19608.79,100.0,47.509,0.3342,33.5
Lithuania,LTU,2020,14.2541,2810369,67.425,20428.65,100.0,46.995,0.3108,31.7
Lithuania,LTU,2021,14.3318,2808380,68.191,23882.87,100.0,46.922,0.2861,33.2
Lithuania,LTU,2022,13.1703,2831639,68.287,24946.57,100.0,46.503,,
Lithuania,LTU,2023,12.9794,2871585,68.575,27983.37,100.0,45.895,,
Low & middle income,LMY,2000,9323.8094,4905832166,39.344,1181.59,72.85,41.808,5.6934,33.86
Low & middle income,LMY,2001,9607.2368,4982645927,39.939,1166.63,73.52,41.835,4.9092,33.271
Low & middle income,LMY,2002,10053.3038,5058611691,40.584,1165.82,74.05,41.879,4.7909,32.666
Low & middle income,LMY,2003,10936.061,5134151809,41.236,1282.07,75.16,41.735,5.0014,31.439
Low & middle income,LMY,2004,11972.0222,5210186432,41.842,1485.19,75.19,41.707,6.5461,29.489
Low & middle income,LMY,2005,12947.2125,5286284172,42.445,1731.58,76.16,41.605,7.8915,27.919
Low & middle income,LMY,2006,13919.5746,5362644527,43.072,2012.45,77.0,41.656,8.4006,27.161
Low & middle income,LMY,2007,14858.7413,5438471388,43.731,2438.53,77.8,41.73,8.3828,26.036
Low & middle income,LMY,2008,15370.3357,5515409827,44.297,2864.72,78.68,41.671,10.7452,25.56
Low & middle income,LMY,2009,15901.885,5593414145,44.915,2835.65,78.96,41.712,5.7377,25.292
Low & middle income,LMY,2010,17132.033,5672202320,45.414,3399.25,79.69,41.868,7.3043,24.291
Low & middle income,LMY,2011,18281.6945,5752146479,46.306,3921.45,81.03,41.913,8.8969,23.408
Low & middle income,LMY,2012,18971.5377,5834053766,46.899,4118.31,81.56,42.444,6.91,23.217
Low & middle income,LMY,2013,19617.6731,5915255859,47.556,4290.61,82.53,42.526,5.7624,23.244
Low & middle income,LMY,2014,20001.0809,5996036961,48.165,4422.78,83.15,42.523,4.8022,23.26
Low & middle income,LMY,2015,19872.7932,6075072158,48.813,4223.78,84.16,42.607,2.6949,23.352
Low & middle income,LMY,2016,20047.9679,6153938165,49.4,4211.55,85.52,42.629,2.4715,23.596
Low & middle income,LMY,2017,20633.3293,6233470764,49.951,4543.09,86.54,42.639,3.0438,23.636
Low & middle income,LMY,2018,21401.0797,6311329885,50.514,4773.04,87.61,42.687,3.6922,23.729
Low & middle income,LMY,2019,21844.0357,6387395177,51.018,4857.12,88.0,42.685,3.1126,24.248
Low & middle income,LMY,2020,21545.58,6460393883,51.419,4646.47,88.37,42.804,2.1966,25.232
Low & middle income,LMY,2021,22766.324,6527758150,51.905,5422.11,89.53,42.829,4.1013,
Low & middle income,LMY,2022,23033.9892,6590522389,52.229,5626.7,89.47,42.805,,
Low & middle income,LMY,2023,23925.6677,6654784822,52.507,5733.52,89.86,42.7,,
Luxembourg,LUX,2000,8.8008,436300,84.418,48659.64,100.0,49.719,0.019,6.8
Luxembourg,LUX,2001,9.3343,441525,84.817,48440.18,100.0,49.719,0.0188,3.4
Luxembourg,LUX,2002,10.0323,446175,85.203,53005.73,100.0,49.719,0.0173,1.3
Luxembourg,LUX,2003,10.4543,451630,85.591,65689.32,100.0,49.719,0.0151,1.3
Luxembourg,LUX,2004,11.8803,458095,85.98,76544.92,100.0,49.719,0.0097,1.4
Luxembourg,LUX,2005,12.1143,465158,86.374,80988.2,100.0,50.108,0.0098,1.9
Luxembourg,LUX,2006,11.9422,472637,86.774,90788.82,100.0,50.108,0.0209,2.1
Luxembourg,LUX,2007,11.3417,479993,87.183,107475.32,100.0,50.884,0.033,3.6
Luxembourg,LUX,2008,11.2126,488650,87.604,120422.14,100.0,50.884,0.1761,4.0
Luxembourg,LUX,2009,10.6099,497783,88.038,109419.75,100.0,50.768,0.1664,3.7
Luxembourg,LUX,2010,11.2134,506953,88.488,110885.99,100.0,50.9,0.0729,3.7
Luxembourg,LUX,2011,11.0901,518347,88.956,119025.06,100.0,50.989,0.1116,3.8
Luxembourg,LUX,2012,10.8679,530946,89.441,112584.68,100.0,51.048,0.1243,4.2
Luxembourg,LUX,2013,10.3236,543360,89.941,120000.14,100.0,50.838,0.0655,5.7
Luxembourg,LUX,2014,9.8199,556319,90.458,123678.71,100.0,50.881,0.0511,6.8
Luxembourg,LUX,2015,9.3094,569604,90.989,105462.01,100.0,50.989,0.0122,9.1
Luxembourg,LUX,2016,9.0415,582014,91.536,106899.29,100.0,50.749,0.0101,13.5
Luxembourg,LUX,2017,9.1884,596336,92.096,110193.21,100.0,50.946,0.0096,15.3
Luxembourg,LUX,2018,9.5448,607950,92.671,116926.76,100.0,51.102,0.0132,16.0
Luxembourg,LUX,2019,9.6917,620001,93.259,112696.65,100.0,51.111,0.0089,16.4
Luxembourg,LUX,2020,7.9929,630419,93.86,116860.03,100.0,51.322,0.0067,20.8
Luxembourg,LUX,2021,8.3806,640064,94.586,134965.82,100.0,51.584,0.0048,20.5
Luxembourg,LUX,2022,7.2657,653103,94.761,123719.66,100.0,51.471,,
Luxembourg,LUX,2023,6.9416,666430,94.802,133230.62,100.0,51.661,,
"Macao SAR, China",MAC,2000,1.4592,430600,99.996,15731.41,100.0,,0.0011,0.2
"Macao SAR, China",MAC,2001,1.5597,433900,100.0,15810.72,100.0,,0.0013,0.9
"Macao SAR, China",MAC,2002,1.7113,438400,100.0,16814.99,100.0,,0.0013,1.4
"Macao SAR, China",MAC,2003,1.7562,443600,100.0,18589.9,100.0,,0.0017,2.4
"Macao SAR, China",MAC,2004,2.0348,454700,100.0,23407.2,100.0,,0.0014,2.5
"Macao SAR, China",MAC,2005,2.0474,473500,100.0,25681.22,100.0,,0.0008,2.3
"Macao SAR, China",MAC,2006,2.0343,498900,100.0,29813.79,100.0,,0.0008,2.8
"Macao SAR, China",MAC,2007,1.9277,520900,100.0,35400.23,100.0,,0.0009,3.4
"Macao SAR, China",MAC,2008,1.5974,540700,100.0,38888.51,100.0,,0.0013,4.7
"Macao SAR, China",MAC,2009,1.6937,535000,100.0,40354.28,100.0,,0.0012,3.0
"Macao SAR, China",MAC,2010,1.7202,537000,100.0,52596.23,100.0,,0.0009,5.5
"Macao SAR, China",MAC,2011,1.6889,549600,100.0,67046.73,100.0,,0.0009,6.4
"Macao SAR, China",MAC,2012,1.743,567900,100.0,76058.02,100.0,,0.0006,11.1
"Macao SAR, China",MAC,2013,1.8152,591900,100.0,87107.83,100.0,,0.0005,16.6
"Macao SAR, China",MAC,2014,2.0891,621700,100.0,88355.32,100.0,,0.0007,11.4
"Macao SAR, China",MAC,2015,2.759,642900,100.0,69902.96,100.0,,0.0007,5.4
"Macao SAR, China",MAC,2016,2.6259,652500,100.0,68911.68,100.0,,0.0008,5.4
"Macao SAR, China",MAC,2017,2.8865,648400,100.0,77570.99,100.0,,0.0008,3.9
"Macao SAR, China",MAC,2018,2.1256,658900,100.0,83588.29,100.0,,0.0004,8.4
"Macao SAR, China",MAC,2019,2.2473,672000,100.0,81882.7,100.0,,0.0003,8.4
"Macao SAR, China",MAC,2020,2.2329,685400,100.0,36883.67,100.0,,0.0009,11.0
"Macao SAR, China",MAC,2021,2.0473,682500,100.0,44884.9,100.0,,0.0007,13.6
"Macao SAR, China",MAC,2022,1.6785,677300,100.0,36806.89,100.0,,,11.0
"Macao SAR, China",MAC,2023,1.6805,678800,100.0,67216.36,100.0,,,
Madagascar,MDG,2000,1.6942,16516338,25.01,280.28,12.6,69.643,3.2833,82.2
Madagascar,MDG,2001,1.7104,17032939,25.308,319.28,14.8,70.232,2.7874,84.1
Madagascar,MDG,2002,1.1663,17549913,25.604,304.94,14.0,70.232,3.5053,87.2
Madagascar,MDG,2003,1.5496,18071854,25.897,352.62,20.3,70.232,5.2186,84.8
Madagascar,MDG,2004,1.6759,18606608,26.187,272.2,15.3,70.232,6.1605,84.3
Madagascar,MDG,2005,1.7881,19159707,26.474,305.81,16.0,70.318,5.4655,84.9
Madagascar,MDG,2006,1.7144,19730909,26.759,324.15,16.8,70.318,5.6246,85.9
Madagascar,MDG,2007,1.8034,20318583,27.04,419.55,17.5,70.318,6.4342,86.2
Madagascar,MDG,2008,1.87,20923840,27.318,512.58,18.3,70.322,5.8094,86.4
Madagascar,MDG,2009,1.7759,21547280,27.593,446.32,17.4,70.322,6.879,87.2
Madagascar,MDG,2010,1.9684,22183340,27.865,450.01,12.3,70.322,5.8084,86.7
Madagascar,MDG,2011,2.2944,22822300,28.134,506.16,14.3,70.291,5.8954,84.5
Madagascar,MDG,2012,2.8507,23462438,28.399,493.51,18.7,70.291,6.6913,83.3
Madagascar,MDG,2013,3.0496,24109290,28.66,515.3,12.9,70.29,6.7744,81.4
Madagascar,MDG,2014,3.1337,24764348,28.919,505.68,23.0,70.29,7.1789,82.2
Madagascar,MDG,2015,3.4183,25426702,29.173,445.32,23.8,70.29,8.6099,83.9
Madagascar,MDG,2016,3.2513,26099952,29.424,453.97,22.9,70.29,8.7728,83.8
Madagascar,MDG,2017,3.5528,26788375,29.671,491.87,24.1,70.29,7.6397,81.9
Madagascar,MDG,2018,3.2753,27494926,29.918,500.46,36.5,70.29,5.1699,84.2
Madagascar,MDG,2019,4.0111,28219554,30.305,499.82,31.0,70.29,4.7079,82.5
Madagascar,MDG,2020,3.1281,28953556,30.702,450.77,32.0,70.29,5.6595,84.7
Madagascar,MDG,2021,4.103,29691083,31.114,483.47,35.1,70.29,5.5312,83.6
Madagascar,MDG,2022,4.384,30437261,31.54,504.06,36.1,70.29,,83.1
Madagascar,MDG,2023,4.5942,31195932,31.98,514.06,39.4,70.29,,
Malawi,MWI,2000,3.0984,11315942,14.677,224.22,4.8,50.17,10.1509,82.6
Malawi,MWI,2001,3.1666,11593058,14.78,215.47,5.2,51.23,9.9379,83.1
Malawi,MWI,2002,3.1305,11880440,14.872,428.21,5.6,51.23,5.8069,83.3
Malawi,MWI,2003,3.1575,12181574,14.955,383.35,6.2,52.821,8.6422,82.8
Malawi,MWI,2004,3.1468,12500737,15.032,404.67,6.9,52.821,6.3921,82.4
Malawi,MWI,2005,3.5683,12840031,15.104,414.36,6.6,54.943,6.8245,83.2
Malawi,MWI,2006,3.7866,13198701,15.175,440.82,3.7,56.056,6.7846,82.8
Malawi,MWI,2007,4.0794,13576343,15.248,475.18,7.4,56.056,7.9793,82.2
Malawi,MWI,2008,4.2838,13976417,15.324,554.05,7.8,57.647,8.727,80.4
Malawi,MWI,2009,4.1579,14395788,15.402,625.87,8.3,58.178,7.0404,80.0
Malawi,MWI,2010,4.4851,14826463,15.478,683.12,8.7,58.178,6.0257,81.2
Malawi,MWI,2011,5.7394,15265022,15.552,763.06,7.6,58.178,5.9769,80.2
Malawi,MWI,2012,5.683,15709577,15.625,558.46,7.4,58.178,8.9512,80.2
Malawi,MWI,2013,5.0231,16161816,15.697,496.95,9.0,58.814,10.1501,79.8
Malawi,MWI,2014,4.9718,16621538,15.766,529.51,11.9,59.938,9.6185,82.8
Malawi,MWI,2015,4.909,17085587,15.834,539.61,10.8,60.522,8.899,81.0
Malawi,MWI,2016,4.9059,17557739,15.9,450.51,11.0,61.116,10.974,78.9
Malawi,MWI,2017,5.408,18039715,15.963,495.77,12.7,61.699,7.0037,76.9
Malawi,MWI,2018,5.4582,18528081,16.022,533.2,18.0,62.293,5.2081,73.2
Malawi,MWI,2019,5.6074,19025752,16.138,580.89,11.2,62.877,4.2438,70.9
Malawi,MWI,2020,5.2063,19533888,16.296,602.51,11.5,63.471,4.0993,71.5
Malawi,MWI,2021,6.1189,20047258,16.488,617.45,14.2,64.171,4.2225,71.1
Malawi,MWI,2022,5.6023,20568728,16.715,604.27,14.0,64.171,,62.9
Malawi,MWI,2023,4.7047,21104482,16.975,633.21,15.6,64.171,,
Malaysia,MYS,2000,130.7612,22967816,61.969,4083.53,98.6,21.119,12.5675,4.4
Malaysia,MYS,2001,138.4076,23526538,63.018,3943.8,98.6,21.144,10.667,4.2
Malaysia,MYS,2002,146.5505,24102477,64.056,4184.03,98.6,21.42,9.8155,3.5
Malaysia,MYS,2003,156.5469,24679602,65.075,4465.32,98.7,21.66,12.156,3.3
Malaysia,MYS,2004,169.5908,25256772,66.065,4939.25,98.7,21.707,11.9873,3.2
Malaysia,MYS,2005,181.1171,25836071,67.016,5555.58,98.7,21.715,13.8843,3.0
Malaysia,MYS,2006,187.727,26417909,67.919,6158.41,98.8,21.535,13.4761,3.1
Malaysia,MYS,2007,204.8805,26998389,68.765,7168.93,98.9,21.632,12.6289,2.8
Malaysia,MYS,2008,216.128,27570059,69.544,8371.82,99.0,21.764,13.3868,3.0
Malaysia,MYS,2009,197.9123,28124778,70.246,7191.43,99.3,21.975,9.6522,2.3
Malaysia,MYS,2010,215.5014,28655776,70.863,8899.35,99.5,22.491,9.615,2.0
Malaysia,MYS,2011,218.2727,29162039,71.425,10217.11,99.5,22.921,9.9449,2.2
Malaysia,MYS,2012,219.7969,29662831,71.968,10600.57,99.8,23.83,9.206,2.5
Malaysia,MYS,2013,237.1554,30174265,72.488,10713.64,99.6,24.53,8.4672,2.8
Malaysia,MYS,2014,251.3897,30696137,72.98,11013.31,99.7,24.62,8.6451,3.0
Malaysia,MYS,2015,252.8595,31232798,73.439,9648.68,99.9,26.084,6.5709,3.4
Malaysia,MYS,2016,247.4841,31789685,73.859,9476.53,99.9,26.087,5.2004,4.4
Malaysia,MYS,2017,237.8324,32355644,74.235,9862.55,100.0,26.087,6.236,5.2
Malaysia,MYS,2018,254.2848,32910967,74.563,10901.8,100.0,26.087,7.3274,5.3
Malaysia,MYS,2019,255.1651,33440596,74.838,10920.19,100.0,26.087,6.1964,5.7
Malaysia,MYS,2020,253.08,33889558,75.051,9957.53,100.0,26.087,4.5416,7.0
Malaysia,MYS,2021,257.9155,34282399,75.509,10903.1,100.0,26.087,6.922,7.5
Malaysia,MYS,2022,276.9845,34695493,75.974,11754.57,100.0,26.087,,
Malaysia,MYS,2023,282.3786,35126298,76.443,11386.04,100.0,26.087,,
Maldives,MDV,2000,0.6278,282019,27.604,2213.81,83.8,30.0,0.0074,2.3
Maldives,MDV,2001,0.5547,286767,28.55,3033.93,87.5,33.333,0.0054,2.3
Maldives,MDV,2002,0.6721,291616,29.888,3076.07,88.3,40.0,0.0053,1.8
Maldives,MDV,2003,0.5775,296491,31.391,3548.58,89.1,40.0,0.0052,2.2
Maldives,MDV,2004,0.7389,301413,32.854,4070.26,90.0,36.667,0.0047,1.7
Maldives,MDV,2005,0.6848,306429,34.072,3796.52,90.9,30.0,0.0049,2.0
Maldives,MDV,2006,0.8365,313851,34.868,5018.94,91.7,23.333,0.005,1.6
Maldives,MDV,2007,0.878,324479,35.434,5758.1,92.6,23.333,0.0073,1.5
Maldives,MDV,2008,0.9559,336170,35.934,6757.43,93.6,23.333,0.0056,1.5
Maldives,MDV,2009,0.9842,348275,36.372,6734.03,99.9,23.333,0.0053,1.5
Maldives,MDV,2010,1.0537,360792,36.765,7173.6,99.0,23.0,0.009,1.4
Maldives,MDV,2011,1.1443,373674,37.127,7424.52,99.1,23.0,0.0091,1.3
Maldives,MDV,2012,1.4422,386818,37.476,7461.3,99.2,21.333,0.0075,1.2
Maldives,MDV,2013,1.6213,400070,37.826,8236.08,99.4,21.333,0.0053,1.3
Maldives,MDV,2014,2.1931,413617,38.194,8939.07,100.0,21.333,0.0052,1.2
Maldives,MDV,2015,1.5884,428154,38.577,9644.91,99.8,21.333,0.0059,1.5
Maldives,MDV,2016,1.7341,443308,38.956,9947.81,100.0,21.333,0.0066,1.2
Maldives,MDV,2017,1.6081,458287,39.328,10509.63,99.8,21.333,0.0053,1.3
Maldives,MDV,2018,1.3863,473099,39.692,11423.28,100.0,21.333,0.0026,1.3
Maldives,MDV,2019,1.5153,487731,40.049,11740.27,100.0,21.333,0.0027,1.3
Maldives,MDV,2020,1.208,502118,40.399,7393.89,100.0,21.333,0.005,1.6
Maldives,MDV,2021,1.6808,516154,40.74,10176.14,100.0,19.667,0.0037,1.4
Maldives,MDV,2022,1.7895,524106,41.064,11786.02,100.0,19.667,,1.2
Maldives,MDV,2023,1.7942,525994,41.51,12587.61,100.0,19.799,,
Mali,MLI,2000,0.796,11559290,18.978,304.65,9.6,31.688,5.4637,83.5
Mali,MLI,2001,0.8333,11912158,19.318,346.22,10.8,32.215,5.3526,82.1
Mali,MLI,2002,0.8731,12288050,19.679,378.19,13.0,32.523,6.8126,83.6
Mali,MLI,2003,0.8969,12684955,20.059,441.91,14.7,33.377,5.301,85.8
Mali,MLI,2004,0.9141,13102409,20.457,495.01,16.4,32.529,3.8956,81.5
Mali,MLI,2005,0.9448,13538647,20.871,548.73,18.2,33.103,2.7915,82.3
Mali,MLI,2006,1.1347,13990139,21.299,586.99,16.6,33.164,7.4166,81.7
Mali,MLI,2007,1.3521,14457775,21.74,670.85,21.7,33.271,7.8626,78.9
Mali,MLI,2008,1.5615,14940782,22.192,767.19,23.4,33.463,6.9197,75.0
Mali,MLI,2009,2.0073,15435539,22.656,787.48,24.0,33.647,8.607,78.7
Mali,MLI,2010,1.9869,15945198,23.136,797.15,27.0,33.663,7.6698,84.0
Mali,MLI,2011,2.1656,16469049,23.638,938.29,28.8,33.809,8.9101,83.6
Mali,MLI,2012,2.2712,16957033,24.161,872.51,25.6,33.966,12.1111,81.2
Mali,MLI,2013,2.7412,17459615,24.703,901.92,32.4,34.117,8.5132,84.8
Mali,MLI,2014,2.9109,18020267,25.266,947.92,34.2,34.254,7.2489,84.6
Mali,MLI,2015,3.5312,18593022,25.847,838.12,37.6,34.383,7.4271,81.2
Mali,MLI,2016,4.5795,19191289,26.447,872.47,38.8,34.606,8.9908,77.9
Mali,MLI,2017,5.1611,19813011,27.065,924.06,34.8,34.74,7.8161,77.0
Mali,MLI,2018,5.782,20442030,27.7,996.38,50.9,34.912,7.7427,77.2
Mali,MLI,2019,6.1138,21068405,28.352,971.95,47.9,35.089,7.8584,74.9
Mali,MLI,2020,6.8432,21713836,29.021,953.24,50.6,35.248,9.4697,72.8
Mali,MLI,2021,7.3008,22388630,29.705,1027.27,53.4,35.434,18.4179,71.2
Mali,MLI,2022,7.4928,23072640,30.402,976.91,53.0,35.466,,71.1
Mali,MLI,2023,7.177,23769127,31.003,1042.44,54.5,35.469,,
Malta,MLT,2000,2.135,390087,93.278,10348.49,100.0,28.125,0.0,0.0
Malta,MLT,2001,2.4949,393028,93.362,10357.7,100.0,31.25,0.0,0.0
Malta,MLT,2002,2.3242,395969,93.443,11251.2,100.0,31.25,0.0,0.1
Malta,MLT,2003,2.6135,398582,93.524,13593.98,100.0,32.5,0.0,0.1
Malta,MLT,2004,2.6069,401268,93.608,15212.13,100.0,31.25,0.0,0.1
Malta,MLT,2005,2.6349,403834,93.699,15831.34,100.0,29.062,0.0107,0.1
Malta,MLT,2006,2.6594,405308,93.799,16653.6,100.0,29.062,0.0121,0.2
Malta,MLT,2007,2.7234,406724,93.912,19444.17,100.0,29.062,0.0057,0.2
Malta,MLT,2008,2.7327,409379,94.029,22405.64,100.0,29.062,0.0067,0.2
Malta,MLT,2009,2.5185,412477,94.142,21261.54,100.0,29.062,0.0042,0.3
Malta,MLT,2010,2.5947,414508,94.241,21946.61,100.0,32.281,0.0,1.2
Malta,MLT,2011,2.5818,416268,94.316,23516.97,100.0,32.281,0.0,2.0
Malta,MLT,2012,2.7244,420028,94.363,22878.31,100.0,32.188,0.0,2.7
Malta,MLT,2013,2.3827,424810,94.391,25415.55,100.0,31.969,0.0,3.2
Malta,MLT,2014,2.3694,433481,94.413,27424.57,100.0,31.969,0.0,4.5
Malta,MLT,2015,1.6722,444220,94.439,25529.67,100.0,31.969,0.0,6.0
Malta,MLT,2016,1.3655,454505,94.48,26459.06,100.0,32.438,0.0,9.2
Malta,MLT,2017,1.5582,467106,94.569,30317.26,100.0,32.438,0.0,7.3
Malta,MLT,2018,1.5674,483903,94.724,33382.28,100.0,32.438,0.0,7.6
Malta,MLT,2019,1.673,503912,94.933,32421.91,100.0,32.438,0.0,7.4
Malta,MLT,2020,1.6204,515490,95.184,31823.42,100.0,28.469,0.0,9.2
Malta,MLT,2021,1.6274,518150,95.515,38078.01,100.0,27.344,0.0,8.6
Malta,MLT,2022,1.7963,531113,95.6,35658.83,100.0,27.344,,
Malta,MLT,2023,1.7877,552747,95.627,40932.52,100.0,25.909,,
Marshall Islands,MHL,2000,0.0001,50706,68.276,2264.79,68.6,47.222,0.0,19.6
Marshall Islands,MHL,2001,0.0001,51123,68.617,2394.35,70.1,47.222,0.0,19.1
Marshall Islands,MHL,2002,0.0001,51425,69.038,2566.07,71.5,47.222,0.0,18.6
Marshall Islands,MHL,2003,0.0001,51639,69.523,2539.33,72.9,47.222,0.0,18.6
Marshall Islands,MHL,2004,0.0001,51791,70.057,2566.08,74.3,47.222,0.0,18.4
Marshall Islands,MHL,2005,0.0001,51906,70.623,2658.65,75.7,47.222,0.0,18.4
Marshall Islands,MHL,2006,0.0001,51992,71.208,2754.27,77.2,47.222,0.0,17.0
Marshall Islands,MHL,2007,0.0001,52035,71.794,2892.28,72.3,47.222,0.0,15.2
Marshall Islands,MHL,2008,0.0001,52030,72.367,2817.61,80.2,47.222,0.0,14.8
Marshall Islands,MHL,2009,0.0001,52019,72.912,2906.63,81.7,47.222,0.0,14.0
Marshall Islands,MHL,2010,0.0001,52044,73.412,3095.46,89.4,47.222,0.0,13.7
Marshall Islands,MHL,2011,0.0001,51907,73.855,3319.4,89.9,47.222,0.0,12.3
Marshall Islands,MHL,2012,0.0001,51419,74.271,3514.27,90.4,41.667,0.0,12.0
Marshall Islands,MHL,2013,0.0001,50681,74.679,3677.91,90.9,38.889,0.0,12.4
Marshall Islands,MHL,2014,0.0001,49796,75.079,3735.24,91.5,38.889,0.0,12.2
Marshall Islands,MHL,2015,0.0001,48800,75.47,3764.34,92.1,38.889,0.0,11.7
Marshall Islands,MHL,2016,0.0001,47709,75.852,4229.81,92.7,38.889,0.0,12.1
Marshall Islands,MHL,2017,0.0001,46529,76.225,4592.83,93.8,38.889,0.0,12.0
Marshall Islands,MHL,2018,0.0001,45285,76.589,4858.12,95.3,38.889,0.0,12.0
Marshall Islands,MHL,2019,0.0001,44007,76.942,5292.34,96.8,38.889,0.0,12.1
Marshall Islands,MHL,2020,0.0001,42706,77.286,5661.97,98.3,38.889,0.0,12.0
Marshall Islands,MHL,2021,0.0001,41367,77.616,6315.31,99.8,38.889,0.0,12.1
Marshall Islands,MHL,2022,0.0001,40077,77.986,6455.66,100.0,38.889,,12.2
Marshall Islands,MHL,2023,0.0001,38827,78.359,6799.39,100.0,38.889,,
Mauritania,MRT,2000,1.0582,2613441,38.056,680.91,19.1,38.527,3.2749,44.4
Mauritania,MRT,2001,1.1705,2678760,38.107,651.82,22.2,38.527,6.7649,44.2
Mauritania,MRT,2002,1.2997,2738655,38.39,648.88,21.7,38.527,7.6736,42.1
Mauritania,MRT,2003,1.363,2802046,38.887,732.02,23.0,38.527,4.4601,40.2
Mauritania,MRT,2004,1.4867,2868664,39.569,823.55,24.3,38.527,8.8601,38.6
Mauritania,MRT,2005,1.5383,2939059,40.407,998.97,18.2,38.527,19.3863,38.8
Mauritania,MRT,2006,1.6904,3013660,41.374,1300.6,27.0,38.527,25.6238,39.1
Mauritania,MRT,2007,1.8808,3093059,42.441,1405.15,33.0,38.527,32.0888,35.6
Mauritania,MRT,2008,2.1028,3183269,43.578,1635.56,30.0,38.527,38.3955,35.8
Mauritania,MRT,2009,2.0973,3284448,44.759,1435.43,31.1,38.527,20.8448,33.4
Mauritania,MRT,2010,2.1069,3390965,45.954,1659.96,34.2,38.527,33.27,34.0
Mauritania,MRT,2011,2.265,3502811,47.135,1931.2,35.3,38.527,30.8504,33.3
Mauritania,MRT,2012,2.5265,3619034,48.273,1859.12,36.4,38.527,21.4879,31.9
Mauritania,MRT,2013,2.3153,3734318,49.355,1936.27,37.6,38.527,16.933,35.1
Mauritania,MRT,2014,2.6827,3848514,50.469,1718.97,38.8,38.527,13.1805,31.0
Mauritania,MRT,2015,2.757,3965959,51.668,1558.84,39.5,38.527,6.1913,28.3
Mauritania,MRT,2016,2.6247,4086657,52.919,1568.01,41.2,38.527,8.0456,31.7
Mauritania,MRT,2017,3.809,4210600,54.197,1617.93,42.9,38.527,9.0966,25.5
Mauritania,MRT,2018,4.4355,4337685,55.131,1723.38,43.6,38.527,2.8083,21.6
Mauritania,MRT,2019,4.4862,4467708,56.06,1767.07,44.9,38.527,2.6119,21.2
Mauritania,MRT,2020,4.6354,4600131,56.984,1795.72,45.4,38.527,2.4387,20.9
Mauritania,MRT,2021,4.4111,4734874,57.902,1947.47,47.7,38.527,11.4488,22.1
Mauritania,MRT,2022,5.0263,4875637,58.812,1961.28,49.0,38.527,,19.6
Mauritania,MRT,2023,4.8274,5022441,59.714,2127.96,50.3,38.527,,
Mauritius,MUS,2000,2.4433,1186873,42.063,3981.98,99.0,49.104,0.0118,20.4
Mauritius,MUS,2001,2.5836,1196287,41.883,3908.56,99.2,50.246,0.0118,20.1
Mauritius,MUS,2002,2.6372,1204621,41.699,4073.06,99.4,49.261,0.0113,17.9
Mauritius,MUS,2003,2.7615,1213370,41.513,4858.27,99.1,48.768,0.0107,18.9
Mauritius,MUS,2004,2.7849,1221003,41.327,5460.61,99.0,48.276,0.0068,19.1
Mauritius,MUS,2005,2.9793,1228254,41.142,5354.03,99.0,47.291,0.0066,17.6
Mauritius,MUS,2006,3.3223,1233996,40.961,5784.22,99.0,46.305,0.0082,16.4
Mauritius,MUS,2007,3.4143,1239630,40.785,6677.38,99.0,45.32,0.0084,15.7
Mauritius,MUS,2008,3.4879,1244121,40.615,8140.48,99.0,44.828,0.0086,12.7
Mauritius,MUS,2009,3.4382,1247429,40.455,7426.86,99.0,44.828,0.0114,12.8
Mauritius,MUS,2010,3.6757,1250400,40.305,8113.18,99.4,44.828,0.0974,12.8
Mauritius,MUS,2011,3.6565,1252404,40.167,9324.24,99.6,44.567,0.1139,12.0
Mauritius,MUS,2012,3.7437,1255882,40.037,9421.53,99.4,43.565,0.0968,11.4
Mauritius,MUS,2013,3.8572,1258927,39.911,9877.14,99.4,43.065,0.0778,11.4
Mauritius,MUS,2014,3.9905,1261208,39.789,10490.33,99.5,43.065,0.0835,10.6
Mauritius,MUS,2015,3.9907,1262879,39.671,9630.54,99.6,43.065,0.028,11.5
Mauritius,MUS,2016,4.0649,1263747,39.558,10095.12,99.7,43.065,0.0271,10.3
Mauritius,MUS,2017,4.2071,1264887,39.45,10986.7,99.6,43.065,0.0034,9.4
Mauritius,MUS,2018,4.1718,1265577,39.347,11818.75,99.8,43.065,0.0024,9.2
Mauritius,MUS,2019,4.2052,1265985,39.251,11568.25,100.0,43.065,0.0024,8.9
Mauritius,MUS,2020,3.745,1266014,39.161,9135.85,99.5,43.065,0.0026,9.4
Mauritius,MUS,2021,3.9879,1266334,39.077,9177.71,99.6,43.065,0.0027,8.6
Mauritius,MUS,2022,4.0499,1262523,39.0,10246.5,100.0,43.065,,
Mauritius,MUS,2023,4.3225,1248647,39.004,11269.97,100.0,43.043,,
Mexico,MEX,2000,396.7431,98625552,74.92,7524.03,98.0,54.698,3.5782,12.2
Mexico,MEX,2001,394.7859,100099099,75.291,7952.76,97.1,54.811,2.6016,11.3
Mexico,MEX,2002,400.9452,101548624,75.684,7983.03,97.9,54.811,2.7484,10.7
Mexico,MEX,2003,420.7099,102978515,76.046,7434.07,97.4,54.811,3.3593,10.2
Mexico,MEX,2004,430.4581,104394131,76.327,7849.67,98.6,54.821,4.195,10.2
Mexico,MEX,2005,447.327,105811504,76.475,8671.76,98.9,54.821,5.5865,10.3
Mexico,MEX,2006,463.9485,107253666,76.498,9512.64,99.1,54.821,6.1411,9.8
Mexico,MEX,2007,470.8833,108774360,76.505,10134.33,97.9,54.888,5.7569,9.5
Mexico,MEX,2008,472.3027,110374288,76.509,10523.77,98.9,53.168,6.7408,9.8
Mexico,MEX,2009,461.5756,111999721,76.514,8423.57,98.3,52.821,4.1726,9.2
Mexico,MEX,2010,476.9429,113623895,76.524,9728.8,99.2,52.371,4.9518,9.4
Mexico,MEX,2011,486.535,115243504,76.567,10664.49,99.0,52.122,7.1269,9.1
Mexico,MEX,2012,506.2322,116818208,76.659,10744.13,99.1,51.705,6.6476,9.0
Mexico,MEX,2013,494.0171,118343573,76.796,11216.8,99.1,51.177,5.6399,9.2
Mexico,MEX,2014,480.9122,119784261,76.974,11391.38,99.2,50.798,4.7436,9.8
Mexico,MEX,2015,490.4272,121072306,77.19,10021.24,99.0,50.763,2.1836,9.2
Mexico,MEX,2016,496.4682,122251351,77.441,9097.92,99.5,50.587,1.9752,9.2
Mexico,MEX,2017,500.6875,123400057,77.721,9649.28,100.0,49.871,2.3615,10.1
Mexico,MEX,2018,478.1534,124573711,78.027,10084.79,99.5,49.649,2.8911,10.3
Mexico,MEX,2019,493.673,125762982,78.356,10369.56,99.6,49.439,2.0913,10.3
Mexico,MEX,2020,439.0381,126799054,78.678,8841.27,99.4,51.515,1.5598,12.3
Mexico,MEX,2021,452.7201,127648148,78.932,10314.05,100.0,51.506,3.6431,13.0
Mexico,MEX,2022,452.9546,128613117,79.2,11405.79,100.0,50.87,,
Mexico,MEX,2023,475.5955,129739759,79.473,13830.84,99.7,50.693,,
"Micronesia, Fed. Sts.",FSM,2000,0.0002,112044,22.33,2049.34,46.0,7.857,0.0075,1.3
"Micronesia, Fed. Sts.",FSM,2001,0.0002,112365,22.33,2103.75,48.4,7.857,0.0086,1.4
"Micronesia, Fed. Sts.",FSM,2002,0.0002,112448,22.33,2113.46,50.1,7.857,0.0097,1.6
"Micronesia, Fed. Sts.",FSM,2003,0.0002,112285,22.33,2145.88,51.8,7.857,0.0143,0.9
"Micronesia, Fed. Sts.",FSM,2004,0.0002,111925,22.33,2104.43,53.5,7.857,0.0165,1.0
"Micronesia, Fed. Sts.",FSM,2005,0.0002,111412,22.33,2217.0,55.2,7.857,0.0107,1.4
"Micronesia, Fed. Sts.",FSM,2006,0.0002,110729,22.328,2257.76,57.0,7.857,0.0125,1.4
"Micronesia, Fed. Sts.",FSM,2007,0.0002,109880,22.321,2302.51,58.7,7.857,0.0189,1.2
"Micronesia, Fed. Sts.",FSM,2008,0.0002,108936,22.311,2395.9,60.5,7.857,0.032,1.4
"Micronesia, Fed. Sts.",FSM,2009,0.0002,107957,22.3,2565.84,62.2,7.143,0.0289,1.1
"Micronesia, Fed. Sts.",FSM,2010,0.0002,107540,22.29,2715.27,64.5,7.143,0.0273,2.0
"Micronesia, Fed. Sts.",FSM,2011,0.0002,107698,22.291,2859.85,66.3,7.143,0.0354,1.6
"Micronesia, Fed. Sts.",FSM,2012,0.0002,107890,22.294,3003.06,67.8,7.143,0.0282,1.4
"Micronesia, Fed. Sts.",FSM,2013,0.0002,108121,22.299,2904.15,69.4,7.143,0.0267,1.4
"Micronesia, Fed. Sts.",FSM,2014,0.0002,108396,22.305,2915.24,71.2,7.143,0.0406,1.5
"Micronesia, Fed. Sts.",FSM,2015,0.0002,108716,22.312,2869.86,73.0,7.143,0.0322,1.7
"Micronesia, Fed. Sts.",FSM,2016,0.0002,109075,22.321,2997.94,74.8,7.143,0.036,1.9
"Micronesia, Fed. Sts.",FSM,2017,0.0002,109481,22.332,3297.38,76.5,7.143,0.0385,1.7
"Micronesia, Fed. Sts.",FSM,2018,0.0002,109909,22.345,3584.78,78.3,7.143,0.0165,2.0
"Micronesia, Fed. Sts.",FSM,2019,0.0002,110282,22.359,3581.73,80.1,7.143,0.0147,2.0
"Micronesia, Fed. Sts.",FSM,2020,0.0002,110916,22.375,3362.03,81.9,7.143,0.0201,2.0
"Micronesia, Fed. Sts.",FSM,2021,0.0002,111624,22.393,3508.22,83.6,7.143,0.0178,2.1
"Micronesia, Fed. Sts.",FSM,2022,0.0002,112114,22.412,3703.67,85.3,7.143,,2.0
"Micronesia, Fed. Sts.",FSM,2023,0.0002,112630,22.433,3933.02,86.9,7.143,,
"Middle East, North Africa, Afghanistan & Pakistan",MEA,2000,1516.6216,494850317,48.699,2220.18,82.57,36.545,22.585,9.382
"Middle East, North Africa, Afghanistan & Pakistan",MEA,2001,1592.0497,506478256,49.016,2152.66,83.28,36.622,18.5085,9.25
"Middle East, North Africa, Afghanistan & Pakistan",MEA,2002,1644.8627,518193093,49.273,2092.43,83.61,36.668,17.9491,9.184
"Middle East, North Africa, Afghanistan & Pakistan",MEA,2003,1704.5605,530338988,49.518,2279.27,84.58,36.738,19.897,9.254
"Middle East, North Africa, Afghanistan & Pakistan",MEA,2004,1809.0303,543086512,49.808,2623.96,84.98,36.747,23.658,9.163
"Middle East, North Africa, Afghanistan & Pakistan",MEA,2005,1926.0798,556210211,50.104,3050.55,85.96,35.414,29.213,9.038
"Middle East, North Africa, Afghanistan & Pakistan",MEA,2006,2039.1883,569898499,50.38,3482.14,87.66,35.466,30.1237,8.663
"Middle East, North Africa, Afghanistan & Pakistan",MEA,2007,2143.9542,583743828,50.68,4009.65,87.15,35.491,27.6416,8.165
"Middle East, North Africa, Afghanistan & Pakistan",MEA,2008,2258.556,597799097,50.986,4838.92,88.09,35.255,31.478,7.816
"Middle East, North Africa, Afghanistan & Pakistan",MEA,2009,2333.6972,612128501,51.278,4261.0,88.74,35.228,20.314,7.69
"Middle East, North Africa, Afghanistan & Pakistan",MEA,2010,2429.4128,624828664,51.497,4874.74,90.56,35.255,23.2617,7.593
"Middle East, North Africa, Afghanistan & Pakistan",MEA,2011,2487.7516,639053870,51.843,5735.78,90.78,35.324,28.6883,7.436
"Middle East, North Africa, Afghanistan & Pakistan",MEA,2012,2619.0117,653273442,52.344,6052.38,91.85,35.352,27.9722,7.191
"Middle East, North Africa, Afghanistan & Pakistan",MEA,2013,2669.8257,667464006,52.939,5871.07,93.15,35.393,26.5942,7.23
"Middle East, North Africa, Afghanistan & Pakistan",MEA,2014,2766.3817,680716578,53.322,5814.71,94.03,35.363,24.0221,7.071
"Middle East, North Africa, Afghanistan & Pakistan",MEA,2015,2810.6208,694232973,53.639,5130.26,93.44,35.364,14.1953,7.08
"Middle East, North Africa, Afghanistan & Pakistan",MEA,2016,2862.4049,707023525,53.903,5130.21,95.16,35.456,11.908,7.109
"Middle East, North Africa, Afghanistan & Pakistan",MEA,2017,2936.2446,718887744,54.093,5283.42,96.0,35.562,14.9476,7.149
"Middle East, North Africa, Afghanistan & Pakistan",MEA,2018,2904.2012,730362334,54.244,5550.32,94.97,35.566,20.225,7.309
"Middle East, North Africa, Afghanistan & Pakistan",MEA,2019,2973.6774,742714463,54.44,5416.06,96.01,35.456,17.4915,7.597
"Middle East, North Africa, Afghanistan & Pakistan",MEA,2020,2964.2946,756405281,54.681,4749.14,96.26,35.532,11.7096,7.547
"Middle East, North Africa, Afghanistan & Pakistan",MEA,2021,3109.3599,767578451,54.819,5622.19,96.42,35.478,17.3492,
"Middle East, North Africa, Afghanistan & Pakistan",MEA,2022,3182.5394,782349366,55.125,6436.74,95.86,35.421,,
"Middle East, North Africa, Afghanistan & Pakistan",MEA,2023,3242.4211,797801454,55.43,6144.7,96.42,35.444,,
"Middle East, North Africa, Afghanistan & Pakistan (IDA & IBRD)",TMN,2000,969.6435,460058369,46.151,1246.02,81.25,28.375,18.084,12.992
"Middle East, North Africa, Afghanistan & Pakistan (IDA & IBRD)",TMN,2001,1015.0826,470225878,46.422,1225.48,82.0,28.472,14.9963,12.837
"Middle East, North Africa, Afghanistan & Pakistan (IDA & IBRD)",TMN,2002,1035.3489,480465143,46.627,1168.6,82.33,28.519,14.8127,12.814
"Middle East, North Africa, Afghanistan & Pakistan (IDA & IBRD)",TMN,2003,1065.2831,491133637,46.824,1263.92,83.36,28.6,15.2922,12.942
"Middle East, North Africa, Afghanistan & Pakistan (IDA & IBRD)",TMN,2004,1138.5266,502381957,47.07,1463.3,83.77,28.607,18.6282,12.676
"Middle East, North Africa, Afghanistan & Pakistan (IDA & IBRD)",TMN,2005,1215.5205,513920381,47.319,1657.84,84.81,26.93,23.7522,12.445
"Middle East, North Africa, Afghanistan & Pakistan (IDA & IBRD)",TMN,2006,1281.0357,525752130,47.531,1885.15,86.62,26.999,24.8197,12.013
"Middle East, North Africa, Afghanistan & Pakistan (IDA & IBRD)",TMN,2007,1342.996,537343609,47.748,2240.99,86.05,27.029,22.5488,11.415
"Middle East, North Africa, Afghanistan & Pakistan (IDA & IBRD)",TMN,2008,1385.4264,549090016,47.975,2662.28,87.04,26.734,26.0057,11.161
"Middle East, North Africa, Afghanistan & Pakistan (IDA & IBRD)",TMN,2009,1430.7184,561349152,48.207,2518.05,87.72,26.716,16.4269,11.08
"Middle East, North Africa, Afghanistan & Pakistan (IDA & IBRD)",TMN,2010,1456.6823,573609877,48.458,2823.25,89.72,26.761,18.7807,11.198
"Middle East, North Africa, Afghanistan & Pakistan (IDA & IBRD)",TMN,2011,1463.7545,585763053,48.771,3240.2,89.94,26.846,21.3315,11.059
"Middle East, North Africa, Afghanistan & Pakistan (IDA & IBRD)",TMN,2012,1532.4065,597586990,49.235,3420.26,91.1,26.882,20.5437,11.038
"Middle East, North Africa, Afghanistan & Pakistan (IDA & IBRD)",TMN,2013,1558.134,609074579,49.786,3152.86,92.49,26.935,19.4463,11.142
"Middle East, North Africa, Afghanistan & Pakistan (IDA & IBRD)",TMN,2014,1602.6308,620390664,50.142,3077.87,93.45,26.902,17.7043,11.041
"Middle East, North Africa, Afghanistan & Pakistan (IDA & IBRD)",TMN,2015,1600.19,631082594,50.385,2805.49,92.78,26.903,10.4153,11.288
"Middle East, North Africa, Afghanistan & Pakistan (IDA & IBRD)",TMN,2016,1645.0072,641470827,50.592,2864.53,94.67,27.017,9.0721,11.146
"Middle East, North Africa, Afghanistan & Pakistan (IDA & IBRD)",TMN,2017,1732.429,652312809,50.787,2860.68,95.59,27.134,12.4007,10.943
"Middle East, North Africa, Afghanistan & Pakistan (IDA & IBRD)",TMN,2018,1739.632,663878345,50.992,2810.25,94.47,27.139,18.3278,10.956
"Middle East, North Africa, Afghanistan & Pakistan (IDA & IBRD)",TMN,2019,1792.2666,675805691,51.223,2695.09,95.61,26.999,15.346,11.477
"Middle East, North Africa, Afghanistan & Pakistan (IDA & IBRD)",TMN,2020,1801.2118,687728758,51.45,2409.55,95.89,27.105,9.8453,11.203
"Middle East, North Africa, Afghanistan & Pakistan (IDA & IBRD)",TMN,2021,1913.5918,699536053,51.674,2754.04,96.07,27.038,16.2373,
"Middle East, North Africa, Afghanistan & Pakistan (IDA & IBRD)",TMN,2022,1946.8373,711465045,51.925,3017.04,95.45,26.967,,
"Middle East, North Africa, Afghanistan & Pakistan (IDA & IBRD)",TMN,2023,1978.2436,723911670,52.178,2867.14,96.06,26.995,,
"Middle East, North Africa, Afghanistan & Pakistan (excluding high income)",MNA,2000,969.6435,462980522,46.315,1247.47,81.37,28.405,17.9592,13.004
"Middle East, North Africa, Afghanistan & Pakistan (excluding high income)",MNA,2001,1015.0826,473223662,46.595,1226.18,82.1,28.502,14.9043,12.848
"Middle East, North Africa, Afghanistan & Pakistan (excluding high income)",MNA,2002,1035.3489,483540516,46.811,1168.53,82.43,28.549,14.73,12.84
"Middle East, North Africa, Afghanistan & Pakistan (excluding high income)",MNA,2003,1065.2831,494288606,47.018,1263.88,83.46,28.629,15.2049,12.97
"Middle East, North Africa, Afghanistan & Pakistan (excluding high income)",MNA,2004,1138.5266,505618583,47.275,1463.04,83.87,28.636,18.5215,12.706
"Middle East, North Africa, Afghanistan & Pakistan (excluding high income)",MNA,2005,1215.5205,517240777,47.532,1657.11,84.9,26.96,23.6213,12.472
"Middle East, North Africa, Afghanistan & Pakistan (excluding high income)",MNA,2006,1281.0357,529158464,47.751,1883.12,86.71,27.029,24.6967,12.028
"Middle East, North Africa, Afghanistan & Pakistan (excluding high income)",MNA,2007,1342.996,540838105,47.973,2237.26,86.13,27.06,22.4479,11.437
"Middle East, North Africa, Afghanistan & Pakistan (excluding high income)",MNA,2008,1385.4264,552681993,48.203,2658.21,87.12,26.764,25.8833,11.182
"Middle East, North Africa, Afghanistan & Pakistan (excluding high income)",MNA,2009,1430.7184,565038251,48.437,2515.92,87.8,26.743,16.3428,11.095
"Middle East, North Africa, Afghanistan & Pakistan (excluding high income)",MNA,2010,1456.6823,577396038,48.69,2821.51,89.79,26.782,18.6774,11.206
"Middle East, North Africa, Afghanistan & Pakistan (excluding high income)",MNA,2011,1463.7545,589646039,49.004,3237.84,90.0,26.869,21.2154,11.071
"Middle East, North Africa, Afghanistan & Pakistan (excluding high income)",MNA,2012,1532.4065,601566988,49.469,3417.92,91.15,26.906,20.4308,11.042
"Middle East, North Africa, Afghanistan & Pakistan (excluding high income)",MNA,2013,1558.134,613151287,50.019,3153.94,92.54,26.96,19.3216,11.144
"Middle East, North Africa, Afghanistan & Pakistan (excluding high income)",MNA,2014,1602.6308,624564062,50.376,3079.7,93.5,26.928,17.5869,11.04
"Middle East, North Africa, Afghanistan & Pakistan (excluding high income)",MNA,2015,1600.19,635352686,50.619,2808.62,92.83,26.929,10.3436,11.287
"Middle East, North Africa, Afghanistan & Pakistan (excluding high income)",MNA,2016,1645.0072,645837915,50.827,2869.02,94.7,27.044,9.0051,11.15
"Middle East, North Africa, Afghanistan & Pakistan (excluding high income)",MNA,2017,1732.429,656767614,51.021,2865.84,95.62,27.161,12.3055,10.941
"Middle East, North Africa, Afghanistan & Pakistan (excluding high income)",MNA,2018,1739.632,668447432,51.228,2815.39,94.51,27.166,18.1892,10.962
"Middle East, North Africa, Afghanistan & Pakistan (excluding high income)",MNA,2019,1792.2666,680490997,51.462,2701.71,95.64,27.026,15.2233,11.487
"Middle East, North Africa, Afghanistan & Pakistan (excluding high income)",MNA,2020,1801.2118,692532027,51.69,2415.26,95.92,27.13,9.7763,11.218
"Middle East, North Africa, Afghanistan & Pakistan (excluding high income)",MNA,2021,1913.5918,704458802,51.916,2760.5,96.1,27.061,16.116,
"Middle East, North Africa, Afghanistan & Pakistan (excluding high income)",MNA,2022,1946.8373,716508657,52.169,3022.55,95.48,26.99,,
"Middle East, North Africa, Afghanistan & Pakistan (excluding high income)",MNA,2023,1978.2436,729077445,52.423,2872.39,96.09,27.018,,
Middle income,MIC,2000,9161.3816,4520892472,40.434,1255.46,77.28,42.968,5.5804,32.231
Middle income,MIC,2001,9438.5426,4587166020,41.073,1242.23,78.0,42.956,4.799,31.612
Middle income,MIC,2002,9886.2043,4651354120,41.773,1240.92,78.61,42.989,4.6619,30.963
Middle income,MIC,2003,10762.1765,4714626871,42.484,1366.51,79.75,42.756,4.8235,29.699
Middle income,MIC,2004,11791.8795,4778500089,43.143,1585.11,79.8,42.797,6.4102,27.768
Middle income,MIC,2005,12748.5415,4841973136,43.802,1849.47,80.95,42.575,7.7516,26.221
Middle income,MIC,2006,13711.6233,4904910704,44.488,2152.97,81.72,42.605,8.2767,25.478
Middle income,MIC,2007,14654.4431,4967108168,45.213,2613.05,82.68,42.661,8.2585,24.402
Middle income,MIC,2008,15153.0385,5030372259,45.823,3073.2,83.77,42.579,10.594,23.923
Middle income,MIC,2009,15685.4174,5094380988,46.498,3047.41,84.29,42.584,5.6038,23.604
Middle income,MIC,2010,16914.7559,5158880800,47.04,3664.92,85.01,42.716,7.1935,22.634
Middle income,MIC,2011,18081.7529,5224254229,48.005,4240.04,86.52,42.722,8.7369,21.695
Middle income,MIC,2012,18783.5761,5291702846,48.625,4467.33,86.87,42.779,6.8081,21.557
Middle income,MIC,2013,19447.4956,5359014668,49.315,4661.5,87.89,42.833,5.6592,21.528
Middle income,MIC,2014,19823.4028,5425923034,49.973,4809.0,88.5,42.799,4.6953,21.501
Middle income,MIC,2015,19712.7291,5490559951,50.686,4597.6,89.7,42.881,2.591,21.533
Middle income,MIC,2016,19883.2848,5553928978,51.33,4598.02,90.72,42.872,2.3669,21.758
Middle income,MIC,2017,20421.6279,5616970904,51.932,4970.75,91.74,42.853,2.9479,21.847
Middle income,MIC,2018,21185.609,5677402468,52.547,5231.93,92.88,42.882,3.6243,21.972
Middle income,MIC,2019,21617.4571,5735139879,53.102,5333.01,93.26,42.859,3.0536,22.49
Middle income,MIC,2020,21329.2499,5789502859,53.544,5110.04,93.6,42.988,2.1173,23.373
Middle income,MIC,2021,22551.5799,5838421323,54.081,5980.0,94.81,43.007,3.9855,
Middle income,MIC,2022,22817.5996,5882746344,54.433,6209.93,94.82,42.969,,
Middle income,MIC,2023,23703.6333,5927622764,54.742,6342.85,95.13,42.835,,
Moldova,MDA,2000,6.8956,2924668,40.419,440.54,98.7,77.372,0.315,5.7
Moldova,MDA,2001,7.1817,2918135,39.674,507.4,98.8,77.22,0.2153,5.6
Moldova,MDA,2002,7.3093,2911385,39.621,570.8,99.0,77.068,0.228,5.8
Moldova,MDA,2003,7.8708,2903198,39.595,682.32,98.8,76.909,0.2601,5.9
Moldova,MDA,2004,7.8917,2896023,39.446,897.18,99.1,76.703,0.2113,4.8
Moldova,MDA,2005,8.3311,2888985,39.37,1034.39,98.6,75.981,0.1941,4.3
Moldova,MDA,2006,8.112,2880967,39.218,1183.02,98.9,75.494,0.2974,5.0
Moldova,MDA,2007,8.0256,2874299,39.432,1531.22,99.0,75.555,0.1996,4.4
Moldova,MDA,2008,7.9275,2868833,39.371,2110.55,99.1,75.433,0.225,4.9
Moldova,MDA,2009,7.808,2865213,39.326,1898.44,99.2,75.16,0.208,4.8
Moldova,MDA,2010,8.5049,2862354,39.28,2436.8,99.3,75.038,0.1325,20.0
Moldova,MDA,2011,8.5348,2860699,39.347,2941.36,99.4,74.947,0.1687,20.4
Moldova,MDA,2012,8.3528,2860324,39.361,3044.81,99.5,74.863,0.1685,22.1
Moldova,MDA,2013,7.4941,2859558,39.428,3321.04,99.6,74.848,0.2827,23.8
Moldova,MDA,2014,8.0409,2857815,39.63,3289.96,99.8,70.408,0.3052,24.3
Moldova,MDA,2015,8.2992,2835978,39.695,2749.55,99.9,70.499,0.3297,24.7
Moldova,MDA,2016,8.4234,2803186,39.737,2847.09,99.9,70.496,0.2686,25.3
Moldova,MDA,2017,8.3058,2755189,39.974,3453.27,100.0,70.456,0.2605,26.1
Moldova,MDA,2018,8.8624,2707203,40.326,4156.45,100.0,68.636,0.262,25.3
Moldova,MDA,2019,9.1101,2664224,40.772,4405.33,100.0,68.771,0.2498,22.0
Moldova,MDA,2020,8.8484,2635130,41.337,4375.78,100.0,75.145,0.2459,22.3
Moldova,MDA,2021,9.6527,2595809,41.812,5274.61,100.0,75.068,0.2359,21.4
Moldova,MDA,2022,8.2882,2528654,42.405,5744.3,100.0,74.97,,
Moldova,MDA,2023,8.2074,2457783,43.001,6799.59,100.0,74.097,,
Monaco,MCO,2000,,32455,100.0,81789.01,100.0,,0.0,
Monaco,MCO,2001,,32447,100.0,82402.77,100.0,,0.0,
Monaco,MCO,2002,,32422,100.0,90051.45,100.0,,0.0,
Monaco,MCO,2003,,32374,100.0,111110.46,100.0,,0.0,
Monaco,MCO,2004,,32307,100.0,125160.28,100.0,,0.0,
Monaco,MCO,2005,,32210,100.0,130538.71,100.0,,0.0,
Monaco,MCO,2006,,32057,100.0,143083.51,100.0,,0.0,
Monaco,MCO,2007,,31837,100.0,184558.46,100.0,,0.0,
Monaco,MCO,2008,,31836,100.0,204263.89,100.0,,0.0,
Monaco,MCO,2009,,32364,100.0,169150.34,100.0,,0.0,
Monaco,MCO,2010,,33163,100.0,161853.92,100.0,,0.0,
Monaco,MCO,2011,,33946,100.0,179364.01,100.0,,0.0,
Monaco,MCO,2012,,34711,100.0,165444.63,100.0,,0.0,
Monaco,MCO,2013,,35447,100.0,184940.63,100.0,,0.0,
Monaco,MCO,2014,,36128,100.0,195693.52,100.0,,0.0,
Monaco,MCO,2015,,36757,100.0,170437.02,100.0,,0.0,
Monaco,MCO,2016,,37276,100.0,173604.67,100.0,,0.0,
Monaco,MCO,2017,,37678,100.0,170663.47,100.0,,0.0,
Monaco,MCO,2018,,38154,100.0,188298.39,100.0,,0.0,
Monaco,MCO,2019,,38109,100.0,193746.73,100.0,,0.0,
Monaco,MCO,2020,,38050,100.0,176891.81,100.0,,0.0,
Monaco,MCO,2021,,38527,100.0,223823.33,100.0,,0.0,
Monaco,MCO,2022,,38931,100.0,226052.06,100.0,,,
Monaco,MCO,2023,,38956,100.0,256799.91,100.0,,,
Mongolia,MNG,2000,9.0405,2388299,56.731,476.03,67.3,84.314,5.2224,5.7
Mongolia,MNG,2001,9.0123,2417751,57.216,524.45,71.7,84.093,5.7416,6.1
Mongolia,MNG,2002,9.658,2449027,58.131,570.25,72.8,84.086,4.499,6.5
Mongolia,MNG,2003,9.3625,2480374,59.355,643.17,76.3,73.501,4.5985,6.1
Mongolia,MNG,2004,9.577,2508412,60.783,794.15,74.8,73.436,14.9665,5.8
Mongolia,MNG,2005,11.1291,2536407,62.312,994.9,86.2,73.292,16.7846,5.3
Mongolia,MNG,2006,12.7174,2567168,63.839,1329.89,77.0,73.663,28.4256,4.5
Mongolia,MNG,2007,13.2104,2601850,65.259,1627.69,78.1,73.633,27.4769,4.7
Mongolia,MNG,2008,13.206,2643201,66.469,2127.43,79.2,73.521,30.7371,4.7
Mongolia,MNG,2009,13.9287,2691115,67.366,1703.33,80.3,73.369,23.7157,4.4
Mongolia,MNG,2010,14.9057,2738622,67.83,2625.22,78.5,73.339,35.9078,4.5
Mongolia,MNG,2011,16.236,2786317,67.92,3736.04,72.1,73.326,42.2167,4.0
Mongolia,MNG,2012,17.6595,2839705,67.952,4328.89,83.7,73.249,22.273,3.0
Mongolia,MNG,2013,19.1791,2899011,67.978,4340.14,81.2,73.225,18.6702,3.0
Mongolia,MNG,2014,19.5303,2963113,67.994,4126.24,86.0,73.002,16.0865,3.3
Mongolia,MNG,2015,18.0259,3026864,68.0,3838.92,88.0,72.99,9.879,3.5
Mongolia,MNG,2016,19.1168,3088856,67.978,3619.9,90.8,72.924,10.05,3.4
Mongolia,MNG,2017,21.0753,3148917,67.926,3645.97,93.6,72.864,17.0884,1.8
Mongolia,MNG,2018,22.9567,3208189,67.868,4107.64,98.1,72.842,19.8676,2.1
Mongolia,MNG,2019,25.3355,3267673,67.828,4347.55,98.9,72.664,14.774,2.3
Mongolia,MNG,2020,22.5155,3327204,68.089,4001.25,99.5,72.219,13.4737,2.9
Mongolia,MNG,2021,24.8887,3383741,69.215,4517.62,100.0,72.179,33.1372,3.0
Mongolia,MNG,2022,24.9553,3433748,69.784,4993.51,100.0,71.91,,
Mongolia,MNG,2023,27.1526,3481145,70.446,5838.63,100.0,68.956,,
Montenegro,MNE,2000,,604950,59.09,1627.07,99.1,,0.0,
Montenegro,MNE,2001,,607389,60.139,1909.6,99.1,,0.0,
Montenegro,MNE,2002,,609828,61.026,2109.31,99.0,,0.0,
Montenegro,MNE,2003,,612267,61.699,2789.95,99.0,,0.0744,
Montenegro,MNE,2004,,613353,62.21,3386.38,99.0,,0.2552,
Montenegro,MNE,2005,,614261,62.676,3675.99,99.8,,0.6422,47.6
Montenegro,MNE,2006,,615025,63.111,4422.55,99.0,38.29,1.0239,44.8
Montenegro,MNE,2007,,615875,63.504,5979.44,99.0,38.216,0.9533,42.3
Montenegro,MNE,2008,,616969,63.841,7390.01,99.0,38.141,1.5027,38.8
Montenegro,MNE,2009,,618294,64.113,6726.68,99.1,38.216,0.3768,49.2
Montenegro,MNE,2010,,619428,64.307,6678.64,99.2,38.067,1.1378,49.1
Montenegro,MNE,2011,,620345,64.421,7265.52,99.0,38.141,1.4437,42.8
Montenegro,MNE,2012,,621418,64.524,6552.48,99.3,38.141,0.9351,45.9
Montenegro,MNE,2013,,622587,64.625,7102.78,99.7,16.59,0.673,49.3
Montenegro,MNE,2014,,623744,64.723,7342.17,97.7,17.124,0.7813,46.0
Montenegro,MNE,2015,,624651,64.818,6421.0,99.5,17.204,0.7313,43.0
Montenegro,MNE,2016,,625353,64.91,6968.01,99.6,19.011,0.8375,43.9
Montenegro,MNE,2017,,625982,64.999,7674.29,100.0,19.056,1.3394,37.8
Montenegro,MNE,2018,,626438,65.085,8673.59,100.0,19.093,0.8374,40.6
Montenegro,MNE,2019,,626753,65.169,8749.26,100.0,19.108,0.6165,38.7
Montenegro,MNE,2020,,626590,65.249,7555.49,99.9,19.178,0.723,39.6
Montenegro,MNE,2021,,625053,65.327,9315.86,99.8,19.001,0.6372,39.6
Montenegro,MNE,2022,,623591,65.401,10038.18,100.0,18.885,,
Montenegro,MNE,2023,,623529,65.473,12258.16,100.0,19.593,,
Morocco,MAR,2000,33.5686,28423435,53.587,1499.11,69.8,68.68,0.3053,15.5
Morocco,MAR,2001,36.9966,28814643,53.897,1506.25,71.6,68.048,0.209,15.3
Morocco,MAR,2002,38.277,29198142,54.223,1596.02,73.3,67.853,0.1946,15.1
Morocco,MAR,2003,38.1053,29571415,54.578,1941.87,75.1,69.182,0.2427,16.1
Morocco,MAR,2004,42.829,29953018,54.979,2183.56,78.2,67.311,0.5702,22.4
Morocco,MAR,2005,44.6593,30358144,55.44,2242.99,78.6,67.195,0.7392,20.0
Morocco,MAR,2006,45.3821,30771178,55.963,2438.13,96.5,67.098,1.1749,18.2
Morocco,MAR,2007,46.0199,31186468,56.53,2755.59,82.2,67.13,1.4811,16.6
Morocco,MAR,2008,49.4716,31606767,57.125,3183.2,84.1,67.177,6.0136,14.4
Morocco,MAR,2009,48.9551,32030778,57.731,3119.59,85.9,67.225,4.0463,14.2
Morocco,MAR,2010,52.0418,32467016,58.329,3067.99,95.7,67.193,5.5235,13.9
Morocco,MAR,2011,56.2785,32912588,58.903,3301.99,96.1,67.452,7.4401,11.8
Morocco,MAR,2012,58.5497,33355241,59.435,3164.18,96.4,68.122,6.4858,10.9
Morocco,MAR,2013,58.4924,33787571,59.908,3379.74,97.2,68.53,4.5514,11.6
Morocco,MAR,2014,59.4626,34204780,60.303,3435.41,97.3,67.404,3.5268,11.1
Morocco,MAR,2015,61.1459,34607588,60.642,3146.25,97.3,67.325,2.614,11.2
Morocco,MAR,2016,61.011,35023457,60.966,3140.86,97.8,69.18,2.8982,11.1
Morocco,MAR,2017,63.8616,35446392,61.276,3296.53,100.0,69.564,3.2999,10.4
Morocco,MAR,2018,65.197,35839760,61.57,3501.7,98.1,68.398,2.4139,10.9
Morocco,MAR,2019,71.8694,36210898,61.843,3508.1,99.6,66.35,0.3218,10.7
Morocco,MAR,2020,67.5867,36584208,62.093,3268.03,100.0,67.021,0.2961,11.1
Morocco,MAR,2021,73.1296,36954442,62.317,3785.94,100.0,67.035,0.3917,10.9
Morocco,MAR,2022,72.3256,37329064,62.512,3463.14,100.0,65.809,,
Morocco,MAR,2023,70.0459,37712505,62.674,3813.73,100.0,66.745,,
Mozambique,MOZ,2000,1.571,18129653,29.242,327.13,6.1,47.623,6.2122,93.6
Mozambique,MOZ,2001,1.8966,18537729,29.414,304.79,5.7,47.905,6.2895,93.0
Mozambique,MOZ,2002,1.9873,18958338,29.569,313.89,8.4,48.187,7.1561,93.2
Mozambique,MOZ,2003,2.5256,19392475,29.715,339.49,8.1,48.469,10.097,92.7
Mozambique,MOZ,2004,2.7803,19840313,29.859,400.06,10.7,48.75,7.9953,92.9
Mozambique,MOZ,2005,2.6658,20304569,30.01,436.77,11.8,49.032,7.5181,93.7
Mozambique,MOZ,2006,2.8271,20787087,30.174,457.49,13.0,49.314,8.5052,93.1
Mozambique,MOZ,2007,3.244,21287635,30.36,507.87,12.4,49.596,9.8051,87.5
Mozambique,MOZ,2008,3.1494,21819036,30.563,592.16,13.6,49.878,10.2039,88.1
Mozambique,MOZ,2009,3.403,22391745,30.772,547.7,15.0,50.159,10.022,86.1
Mozambique,MOZ,2010,3.6056,22999235,30.986,496.19,18.9,50.441,10.2685,84.9
Mozambique,MOZ,2011,4.2489,23649039,31.206,618.18,20.2,50.704,11.3709,85.4
Mozambique,MOZ,2012,4.7019,24337846,31.432,685.69,21.2,50.966,11.9193,84.5
Mozambique,MOZ,2013,5.1174,25051611,31.662,686.51,22.4,51.271,11.6326,83.1
Mozambique,MOZ,2014,5.7908,25788475,31.897,697.14,24.8,51.521,11.9039,81.2
Mozambique,MOZ,2015,6.4582,26547572,32.137,610.56,24.0,51.823,12.2161,80.1
Mozambique,MOZ,2016,8.3319,27337105,32.382,441.49,26.2,52.248,16.3134,77.4
Mozambique,MOZ,2017,8.3122,28166393,32.627,470.94,24.3,52.58,18.051,78.2
Mozambique,MOZ,2018,8.0554,29018644,32.99,517.51,31.1,52.775,16.3976,79.0
Mozambique,MOZ,2019,8.6293,29884380,33.418,519.09,29.7,52.798,12.6767,77.5
Mozambique,MOZ,2020,7.9534,30783688,33.904,462.43,30.6,52.779,11.8639,80.2
Mozambique,MOZ,2021,9.1439,31707800,34.45,509.91,31.5,52.774,14.9075,76.9
Mozambique,MOZ,2022,10.8972,32656246,35.054,578.27,33.2,52.773,,
Mozambique,MOZ,2023,10.719,33635160,35.715,622.19,36.0,52.789,,
Myanmar,MMR,2000,10.042,45290841,27.535,196.62,41.9,16.544,10.8457,80.2
Myanmar,MMR,2001,8.7748,45771139,27.711,141.53,43.0,16.738,15.8304,82.5
Myanmar,MMR,2002,8.8446,46232653,27.885,146.6,47.0,16.717,17.4019,83.0
Myanmar,MMR,2003,10.9584,46667192,28.057,224.29,45.1,16.804,20.1839,79.9
Myanmar,MMR,2004,10.6311,47068772,28.226,224.51,46.2,16.96,18.8645,80.2
Myanmar,MMR,2005,11.2422,47438365,28.391,252.69,47.3,17.239,18.782,79.6
Myanmar,MMR,2006,10.4556,47785135,28.552,303.5,48.4,17.747,17.7577,81.3
Myanmar,MMR,2007,10.9238,48125043,28.708,419.38,49.5,18.338,15.8146,80.5
Myanmar,MMR,2008,8.3603,48390793,28.859,658.44,50.6,18.792,13.9641,85.6
Myanmar,MMR,2009,7.7887,48660459,29.003,758.44,51.8,19.043,8.9708,85.8
Myanmar,MMR,2010,8.6324,49024382,29.142,1010.53,48.8,19.175,7.988,84.6
Myanmar,MMR,2011,9.1725,49419820,29.272,1213.63,54.1,19.223,7.3615,83.8
Myanmar,MMR,2012,12.5577,49837446,29.396,1202.67,55.3,19.213,5.9562,78.1
Myanmar,MMR,2013,14.2206,50262658,29.51,1199.1,56.5,19.273,5.8528,75.6
Myanmar,MMR,2014,17.7423,50681634,29.616,1293.0,52.0,19.342,7.8824,72.0
Myanmar,MMR,2015,19.7406,51089056,29.717,1166.73,60.5,19.521,6.6132,70.0
Myanmar,MMR,2016,22.9806,51495696,29.813,1229.2,55.6,19.547,6.8109,68.8
Myanmar,MMR,2017,33.7539,51894938,29.905,1272.82,69.8,19.998,7.8201,59.5
Myanmar,MMR,2018,33.5187,52272247,29.994,1298.21,66.1,20.027,6.7028,59.4
Myanmar,MMR,2019,34.3911,52640713,30.078,1425.99,68.3,19.886,5.8819,58.5
Myanmar,MMR,2020,34.7186,53016522,30.159,1490.22,70.4,19.888,4.663,59.2
Myanmar,MMR,2021,31.8377,53387102,30.237,1242.72,72.5,19.888,8.6785,62.9
Myanmar,MMR,2022,31.031,53756787,30.311,1158.05,73.7,19.888,,
Myanmar,MMR,2023,31.241,54133798,30.382,1233.2,76.8,19.914,,
Namibia,NAM,2000,1.9154,1818647,32.117,2156.68,36.5,47.152,0.592,34.8
Namibia,NAM,2001,2.4506,1857048,32.858,1915.59,36.0,47.152,0.6349,30.4
Namibia,NAM,2002,2.1315,1889970,33.646,1772.08,36.9,47.152,0.5986,33.8
Namibia,NAM,2003,2.2752,1917464,34.546,2569.25,37.8,47.152,0.9306,33.3
Namibia,NAM,2004,2.3976,1942082,35.536,3403.15,38.7,47.152,0.7945,34.8
Namibia,NAM,2005,2.5696,1966582,36.587,3685.77,39.6,47.152,1.1828,34.6
Namibia,NAM,2006,2.5301,1991888,37.672,4017.18,40.5,47.152,2.6628,35.8
Namibia,NAM,2007,2.5986,2018600,38.763,4379.04,43.7,47.138,5.8495,36.5
Namibia,NAM,2008,2.9642,2047056,39.833,4204.79,42.4,47.138,2.251,32.5
Namibia,NAM,2009,3.0555,2077394,40.852,4302.91,44.1,47.138,1.9306,33.4
Namibia,NAM,2010,2.6845,2109811,41.795,5418.22,44.4,47.139,2.3909,31.2
Namibia,NAM,2011,2.8464,2146325,42.628,5834.79,42.3,47.139,2.0719,31.6
Namibia,NAM,2012,2.9916,2194654,43.38,5942.65,46.4,47.139,1.7306,31.9
Namibia,NAM,2013,3.1042,2252508,44.111,5346.62,47.4,47.139,1.174,30.7
Namibia,NAM,2014,3.206,2312139,44.821,5378.32,48.4,47.139,1.6415,30.2
Namibia,NAM,2015,3.5661,2374300,45.51,4774.11,51.6,47.14,1.8753,29.3
Namibia,NAM,2016,3.8987,2439213,46.175,4395.69,49.7,47.14,2.6038,29.2
Namibia,NAM,2017,3.7537,2506853,46.814,5143.96,52.5,47.141,3.3558,30.2
Namibia,NAM,2018,3.8098,2577327,47.423,5308.61,52.3,47.141,1.2628,30.9
Namibia,NAM,2019,3.8576,2650494,48.002,4731.92,53.3,47.141,1.4373,30.2
Namibia,NAM,2020,3.5444,2728762,48.547,3878.59,52.3,47.141,1.9303,31.2
Namibia,NAM,2021,3.7053,2810548,49.057,4412.84,55.2,47.143,4.0306,30.0
Namibia,NAM,2022,3.5799,2889662,49.529,4349.8,56.2,47.143,,
Namibia,NAM,2023,3.6138,2963095,49.955,4225.99,56.7,47.143,,
Naoero,NRU,2000,0.0,10168,100.0,2648.6,99.1,20.0,,0.0
Naoero,NRU,2001,0.0,10130,100.0,2232.31,99.0,20.0,,0.0
Naoero,NRU,2002,0.0,10082,100.0,2084.65,99.0,20.0,,0.0
Naoero,NRU,2003,0.0,10059,100.0,2463.28,99.0,20.0,,0.0
Naoero,NRU,2004,0.0,10060,100.0,3040.51,99.0,20.0,,0.0
Naoero,NRU,2005,0.0,10049,100.0,2992.4,99.0,20.0,,0.0
Naoero,NRU,2006,0.0,10034,100.0,2910.14,99.0,20.0,,0.1
Naoero,NRU,2007,0.0,10020,100.0,2272.15,99.8,20.0,,0.1
Naoero,NRU,2008,0.0,10009,100.0,3756.85,99.1,20.0,,0.1
Naoero,NRU,2009,0.0,10016,100.0,4410.57,99.1,20.0,,0.0
Naoero,NRU,2010,0.0,10043,100.0,4735.92,99.2,20.0,,0.0
Naoero,NRU,2011,0.0,10098,100.0,6444.04,99.0,20.0,,0.0
Naoero,NRU,2012,0.0,10267,100.0,9842.77,99.4,20.0,,0.1
Naoero,NRU,2013,0.0,10517,100.0,8974.52,99.4,20.0,0.0,0.1
Naoero,NRU,2014,0.0,10742,100.0,9230.05,99.5,20.0,0.0,0.0
Naoero,NRU,2015,0.0,10954,100.0,7747.26,99.0,20.0,0.0,0.1
Naoero,NRU,2016,0.0,11150,100.0,8748.16,99.7,20.0,0.0,0.2
Naoero,NRU,2017,0.0,11324,100.0,9656.98,99.8,20.0,0.0,0.6
Naoero,NRU,2018,0.0,11477,100.0,11413.75,99.9,20.0,0.0,0.7
Naoero,NRU,2019,0.0,11587,100.0,10801.77,100.0,20.0,0.0,0.6
Naoero,NRU,2020,0.0,11643,100.0,10709.07,100.0,20.0,0.0,1.3
Naoero,NRU,2021,0.0,11709,100.0,12748.17,100.0,20.0,0.0,1.6
Naoero,NRU,2022,0.0,11801,100.0,15309.83,100.0,20.0,,1.9
Naoero,NRU,2023,0.0,11875,100.0,13602.64,100.0,20.0,,
Nepal,NPL,2000,3.4194,24546509,31.099,223.83,29.9,29.641,1.1671,88.3
Nepal,NPL,2001,3.6551,24946748,32.809,240.8,24.6,29.71,1.0606,87.8
Nepal,NPL,2002,2.9843,25328981,35.036,238.89,36.4,29.585,1.1418,90.0
Nepal,NPL,2003,3.3881,25688758,38.045,246.43,39.6,29.487,1.2101,89.4
Nepal,NPL,2004,2.9269,26016656,41.611,279.59,37.2,29.424,0.9017,90.3
Nepal,NPL,2005,3.2758,26309458,45.507,309.02,46.1,29.313,0.8059,89.5
Nepal,NPL,2006,2.7125,26565425,49.506,340.43,51.2,29.194,1.0819,91.2
Nepal,NPL,2007,2.7919,26788492,53.383,385.45,52.6,29.062,1.357,91.3
Nepal,NPL,2008,3.0854,26990037,56.911,464.82,56.0,28.964,1.0744,90.5
Nepal,NPL,2009,4.064,27173035,59.864,473.08,59.3,28.88,1.0048,88.9
Nepal,NPL,2010,4.785,27341952,62.016,585.28,68.6,28.783,1.4723,87.3
Nepal,NPL,2011,5.3607,27464494,63.14,785.52,67.3,28.787,1.1168,87.0
Nepal,NPL,2012,6.2251,27534915,63.656,788.2,75.2,28.515,0.9676,84.7
Nepal,NPL,2013,6.2963,27589996,64.131,803.27,77.4,28.296,0.8448,86.0
Nepal,NPL,2014,7.3524,27672370,64.564,821.46,84.9,28.168,0.8607,84.0
Nepal,NPL,2015,7.3221,27823629,64.951,875.54,82.0,27.964,0.9349,85.2
Nepal,NPL,2016,10.764,27955462,65.29,877.26,90.7,27.731,1.0312,79.4
Nepal,NPL,2017,13.1998,28011258,65.577,1034.28,86.6,27.54,0.7033,76.8
Nepal,NPL,2018,14.9259,28079689,65.81,1179.2,93.9,26.973,0.4242,75.0
Nepal,NPL,2019,13.4612,28414064,65.987,1203.14,89.9,26.775,0.4462,78.2
Nepal,NPL,2020,16.4562,28966574,66.105,1154.22,89.9,26.501,0.5226,73.1
Nepal,NPL,2021,17.383,29475010,66.144,1252.75,89.9,26.32,0.4989,73.7
Nepal,NPL,2022,15.0454,29715436,66.299,1385.91,91.3,26.121,,
Nepal,NPL,2023,15.432,29694614,66.543,1382.38,94.0,26.119,,
Netherlands,NLD,2000,176.8545,15925513,78.483,26225.17,100.0,58.045,0.3894,1.7
Netherlands,NLD,2001,181.4569,16046180,80.184,26955.71,100.0,56.952,0.7786,1.8
Netherlands,NLD,2002,181.8328,16148929,80.809,29446.53,100.0,57.467,0.5525,1.9
Netherlands,NLD,2003,184.2851,16225302,81.301,35896.75,100.0,56.685,0.4773,1.9
Netherlands,NLD,2004,186.7527,16281779,82.251,40611.34,100.0,57.743,0.4452,2.2
Netherlands,NLD,2005,182.1833,16319868,83.505,42165.4,100.0,57.396,0.3455,2.7
Netherlands,NLD,2006,177.6801,16346101,84.653,45123.54,100.0,56.86,0.6566,3.1
Netherlands,NLD,2007,178.8628,16381696,85.409,52100.8,100.0,56.706,0.593,3.7
Netherlands,NLD,2008,179.9447,16445593,85.615,58246.7,100.0,57.148,1.0429,3.9
Netherlands,NLD,2009,174.7536,16530388,86.222,53172.03,100.0,56.846,0.7228,4.4
Netherlands,NLD,2010,186.1211,16615394,87.35,51305.73,100.0,55.508,0.7627,3.9
Netherlands,NLD,2011,174.0725,16693074,88.006,54701.77,100.0,55.113,1.0206,4.7
Netherlands,NLD,2012,171.6019,16754962,88.534,50473.94,100.0,54.617,1.132,4.9
Netherlands,NLD,2013,169.3558,16804432,89.175,52602.29,100.0,54.841,1.1199,5.0
Netherlands,NLD,2014,161.7631,16865008,89.836,53457.22,100.0,54.589,0.6899,5.6
Netherlands,NLD,2015,169.3542,16939923,90.279,45793.81,100.0,54.826,0.4426,5.8
Netherlands,NLD,2016,170.7937,17030314,90.58,46808.53,100.0,53.906,0.2512,5.6
Netherlands,NLD,2017,168.176,17131296,91.122,49513.68,100.0,54.024,0.2836,6.4
Netherlands,NLD,2018,163.095,17231624,92.606,53955.08,100.0,54.143,0.3551,7.4
Netherlands,NLD,2019,157.9744,17344874,93.89,53554.9,100.0,53.959,0.2183,8.6
Netherlands,NLD,2020,142.1604,17441500,94.253,53467.93,100.0,53.889,0.0837,10.7
Netherlands,NLD,2021,145.8948,17533044,94.629,60141.99,100.0,53.816,0.3405,12.2
Netherlands,NLD,2022,133.114,17700982,94.986,59123.32,100.0,53.579,,
Netherlands,NLD,2023,122.9178,17877117,95.322,63515.6,100.0,53.549,,
New Caledonia,NCL,2000,2.1568,223098,61.61,15329.73,100.0,13.403,12.0963,7.5
New Caledonia,NCL,2001,2.204,227707,61.996,14482.36,100.0,13.567,3.7637,6.7
New Caledonia,NCL,2002,2.4531,232236,62.412,16104.55,100.0,13.676,4.5177,5.3
New Caledonia,NCL,2003,2.7176,236678,62.854,20768.11,100.0,13.326,8.2095,4.9
New Caledonia,NCL,2004,2.4343,240852,63.312,24475.65,100.0,12.943,11.7109,5.2
New Caledonia,NCL,2005,2.7003,244381,63.918,25528.29,100.0,12.588,8.1429,5.1
New Caledonia,NCL,2006,2.7227,247547,64.751,28193.25,100.0,12.287,18.3004,4.5
New Caledonia,NCL,2007,2.7917,250725,65.62,35177.65,100.0,11.931,35.2613,5.8
New Caledonia,NCL,2008,2.6974,253825,66.326,35723.9,100.0,11.521,2.6113,7.8
New Caledonia,NCL,2009,2.7123,257250,66.663,33836.49,100.0,11.247,0.0116,7.0
New Caledonia,NCL,2010,3.5178,261582,66.704,35798.91,100.0,10.864,5.2944,4.8
New Caledonia,NCL,2011,3.545,266543,66.726,38835.94,100.0,10.41,4.1308,5.9
New Caledonia,NCL,2012,3.5674,271633,66.742,35559.57,100.0,10.068,0.0114,6.2
New Caledonia,NCL,2013,3.9255,276822,66.758,36671.16,100.0,10.051,0.0105,6.6
New Caledonia,NCL,2014,4.7896,281224,66.785,37816.96,100.0,10.051,0.0127,4.3
New Caledonia,NCL,2015,4.5637,283168,66.828,30858.72,100.0,10.067,0.0128,5.1
New Caledonia,NCL,2016,4.8748,283423,66.89,30782.85,100.0,10.067,0.0134,3.7
New Caledonia,NCL,2017,4.3928,283546,66.968,32354.71,100.0,10.067,0.0171,5.1
New Caledonia,NCL,2018,6.0252,283541,67.059,34902.9,100.0,10.067,0.9702,4.6
New Caledonia,NCL,2019,5.7837,283606,67.157,33411.34,100.0,10.067,0.0122,5.2
New Caledonia,NCL,2020,5.6478,284176,67.275,33270.33,100.0,10.067,0.0127,6.1
New Caledonia,NCL,2021,4.6621,285214,67.413,35311.55,100.0,10.067,16.7919,8.3
New Caledonia,NCL,2022,4.6157,287123,67.572,33516.36,100.0,10.067,,9.6
New Caledonia,NCL,2023,4.8646,289870,67.752,33701.89,100.0,10.067,,
New Zealand,NZL,2000,32.9982,3857700,85.706,13641.1,100.0,46.864,2.3557,26.4
New Zealand,NZL,2001,34.9081,3880500,85.755,13882.86,100.0,46.265,2.0952,24.6
New Zealand,NZL,2002,35.0031,3948500,85.806,16874.19,100.0,45.666,1.742,26.6
New Zealand,NZL,2003,35.9222,4027200,85.858,21913.71,100.0,45.034,1.2565,25.9
New Zealand,NZL,2004,35.5217,4087500,85.902,25420.23,100.0,45.156,1.0998,28.2
New Zealand,NZL,2005,36.1921,4133900,85.93,27751.07,100.0,44.48,1.236,26.8
New Zealand,NZL,2006,36.304,4184600,85.936,26654.59,100.0,43.2,1.2927,27.0
New Zealand,NZL,2007,35.0899,4223800,85.929,32479.98,100.0,43.625,1.3735,27.0
New Zealand,NZL,2008,36.1884,4259800,85.914,31324.74,100.0,43.196,2.3627,26.1
New Zealand,NZL,2009,33.4165,4302600,85.892,28276.73,100.0,43.637,1.7476,28.5
New Zealand,NZL,2010,33.4445,4350700,85.861,33761.9,100.0,43.325,2.1224,29.4
New Zealand,NZL,2011,32.7107,4384000,85.823,38425.83,100.0,43.185,2.1943,30.3
New Zealand,NZL,2012,34.7866,4408100,85.778,40041.75,100.0,42.571,1.6835,28.8
New Zealand,NZL,2013,34.5807,4442100,85.708,42984.96,100.0,42.178,1.5208,28.3
New Zealand,NZL,2014,35.2908,4516500,85.508,44599.9,100.0,42.216,1.4291,29.0
New Zealand,NZL,2015,35.3887,4609400,85.152,38648.73,100.0,40.682,1.2842,29.3
New Zealand,NZL,2016,34.7426,4714100,84.691,40088.32,100.0,40.31,1.0475,30.1
New Zealand,NZL,2017,36.2664,4813600,84.17,42912.15,100.0,40.424,1.5935,28.4
New Zealand,NZL,2018,35.6335,4900600,83.802,43204.13,100.0,39.869,1.5881,28.9
New Zealand,NZL,2019,37.2453,4970300,83.805,42872.27,100.0,39.288,1.5033,28.0
New Zealand,NZL,2020,34.6699,5072400,83.814,42054.67,100.0,38.563,1.2725,28.7
New Zealand,NZL,2021,34.7093,5084600,83.83,49902.15,100.0,38.643,1.4941,28.9
New Zealand,NZL,2022,32.1246,5081700,83.855,49141.63,100.0,37.017,,
New Zealand,NZL,2023,31.776,5200000,83.89,49302.34,100.0,36.88,,
Nicaragua,NIC,2000,3.7702,5022633,55.216,1017.31,73.0,42.721,1.354,58.4
Nicaragua,NIC,2001,3.9936,5087825,55.352,1051.87,72.2,43.003,1.1485,56.7
Nicaragua,NIC,2002,4.1327,5149909,55.489,1014.33,74.1,43.203,1.1416,54.7
Nicaragua,NIC,2003,4.5272,5210963,55.631,1021.35,74.6,43.352,1.1277,51.5
Nicaragua,NIC,2004,4.6436,5272912,55.779,1098.62,75.2,43.419,1.2919,51.2
Nicaragua,NIC,2005,4.4103,5342105,55.938,1183.3,73.8,43.626,1.114,52.8
Nicaragua,NIC,2006,4.6665,5418855,56.106,1248.17,76.3,43.277,1.5791,53.3
Nicaragua,NIC,2007,4.8378,5497243,56.282,1350.38,76.9,43.003,1.5426,52.6
Nicaragua,NIC,2008,4.6481,5576593,56.464,1523.68,77.5,42.646,1.4819,53.8
Nicaragua,NIC,2009,4.5454,5656601,56.651,1467.08,77.9,42.289,1.3116,54.6
Nicaragua,NIC,2010,4.6711,5737450,56.842,1526.57,80.1,41.964,4.1532,54.4
Nicaragua,NIC,2011,4.8816,5819051,57.036,1679.71,81.2,42.138,5.1207,53.3
Nicaragua,NIC,2012,4.8471,5901287,57.232,1784.7,81.3,42.156,4.6255,53.3
Nicaragua,NIC,2013,4.6389,5983845,57.427,1835.44,81.9,42.156,4.9505,54.3
Nicaragua,NIC,2014,4.9091,6066492,57.622,1958.37,81.9,42.156,4.2212,53.0
Nicaragua,NIC,2015,5.4971,6149417,57.815,2074.46,83.2,42.156,2.1054,50.0
Nicaragua,NIC,2016,5.7223,6232666,58.004,2131.69,83.9,42.156,3.113,49.5
Nicaragua,NIC,2017,5.6825,6316231,58.189,2182.61,84.6,42.222,2.703,48.9
Nicaragua,NIC,2018,5.1803,6400080,58.368,2035.17,85.2,42.247,2.0269,51.3
Nicaragua,NIC,2019,5.3239,6483657,58.541,1958.62,85.7,42.247,1.2849,50.5
Nicaragua,NIC,2020,4.7462,6565267,58.705,1938.45,86.0,42.305,1.6581,52.2
Nicaragua,NIC,2021,5.1925,6644741,58.859,2138.39,86.3,42.305,3.8408,50.4
Nicaragua,NIC,2022,5.2612,6730654,58.995,2322.89,86.5,42.305,,
Nicaragua,NIC,2023,5.5369,6823613,59.125,2609.44,88.3,42.305,,
Niger,NER,2000,0.7016,11509630,16.131,194.77,6.5,29.21,7.2683,87.6
Niger,NER,2001,0.7061,11920647,16.269,205.42,8.4,29.999,6.5594,87.7
Niger,NER,2002,0.7335,12349144,16.269,225.29,8.8,29.999,7.013,87.7
Niger,NER,2003,0.7968,12796984,16.269,265.23,9.3,30.324,9.2632,87.0
Niger,NER,2004,0.8327,13265836,16.269,283.47,9.7,30.372,7.5076,87.0
Niger,NER,2005,0.7988,13756192,16.269,318.64,7.1,33.919,7.2085,87.5
Niger,NER,2006,0.8016,14268581,16.268,333.35,9.3,33.938,6.8946,87.4
Niger,NER,2007,0.8705,14803610,16.264,387.17,11.2,34.564,8.3006,86.2
Niger,NER,2008,0.9102,15361915,16.259,475.04,11.8,34.564,7.9456,86.1
Niger,NER,2009,1.134,15943675,16.251,461.13,12.3,34.564,7.9622,83.2
Niger,NER,2010,1.4418,16548835,16.242,474.43,13.6,34.722,6.8847,80.7
Niger,NER,2011,1.4738,17176283,16.23,510.76,14.3,35.116,8.1477,77.2
Niger,NER,2012,2.0551,17836769,16.214,528.51,14.4,35.353,10.3335,72.7
Niger,NER,2013,2.0371,18519898,16.216,552.1,15.2,36.064,11.4669,78.7
Niger,NER,2014,2.202,19215909,16.245,565.31,15.7,36.064,10.2731,78.1
Niger,NER,2015,2.1698,19939498,16.304,485.66,16.6,36.074,9.7402,78.9
Niger,NER,2016,2.1674,20685753,16.39,499.91,17.0,36.627,9.6864,80.2
Niger,NER,2017,1.9739,21435446,16.504,529.93,17.6,36.785,9.3793,82.0
Niger,NER,2018,2.0278,22188069,16.645,576.93,17.6,36.785,6.7961,82.0
Niger,NER,2019,2.3731,22947757,16.813,541.27,18.5,36.785,5.8126,80.7
Niger,NER,2020,2.4096,23717613,17.008,575.45,18.7,36.787,5.5683,81.9
Niger,NER,2021,2.8588,24502140,17.23,609.59,18.6,36.787,6.4091,79.6
Niger,NER,2022,3.2178,25311973,17.477,613.61,19.5,36.788,,
Niger,NER,2023,3.1629,26159867,17.751,647.93,20.1,36.787,,
Nigeria,NGA,2000,100.1949,126382494,43.279,547.32,43.2,71.926,24.9357,86.0
Nigeria,NGA,2001,106.3441,129862595,44.126,566.43,43.9,71.995,18.1012,84.5
Nigeria,NGA,2002,96.2193,133471989,44.979,712.16,44.6,72.143,13.6048,84.5
Nigeria,NGA,2003,107.6154,137202644,45.837,763.39,52.2,72.29,15.5125,82.9
Nigeria,NGA,2004,103.9479,141057045,46.699,962.48,46.1,72.423,16.7755,84.0
Nigeria,NGA,2005,102.9696,145017253,47.566,1211.38,46.8,72.678,19.3876,83.9
Nigeria,NGA,2006,92.7246,149077334,48.424,1599.54,47.6,72.498,16.699,85.8
Nigeria,NGA,2007,84.3848,153267261,49.236,1815.53,50.1,72.856,15.861,87.1
Nigeria,NGA,2008,91.5847,157595014,50.051,2154.11,50.3,72.927,17.5903,85.7
Nigeria,NGA,2009,80.9174,162049464,50.865,1820.49,50.0,73.31,10.6511,88.1
Nigeria,NGA,2010,94.4036,166642886,51.678,2202.26,48.0,73.442,13.803,86.0
Nigeria,NGA,2011,104.0217,171379598,52.49,2418.41,55.9,73.491,17.5539,84.1
Nigeria,NGA,2012,102.2558,176200625,53.302,2633.2,53.0,73.755,15.1485,83.9
Nigeria,NGA,2013,114.6095,181049443,54.113,2872.79,55.6,73.548,11.6227,81.4
Nigeria,NGA,2014,122.7261,185896915,54.923,3088.72,54.2,73.695,8.7819,79.9
Nigeria,NGA,2015,118.4539,190671878,55.733,2585.73,52.5,73.925,4.5541,81.3
Nigeria,NGA,2016,123.4796,195443700,56.541,2070.41,59.3,74.153,4.6577,81.1
Nigeria,NGA,2017,116.0398,200254579,57.349,1876.34,54.4,74.337,7.805,81.6
Nigeria,NGA,2018,121.4082,204938755,58.155,2057.88,56.5,74.737,9.7985,80.8
Nigeria,NGA,2019,126.1061,209485641,58.961,3189.81,55.4,74.905,8.3532,80.1
Nigeria,NGA,2020,118.9178,213996181,59.766,2797.18,55.4,75.419,5.0748,81.8
Nigeria,NGA,2021,130.9005,218529286,60.57,2787.49,59.5,75.666,8.553,80.3
Nigeria,NGA,2022,129.0417,223150896,61.373,2899.16,60.5,75.966,,
Nigeria,NGA,2023,125.8687,227882945,62.175,2138.76,61.2,76.197,,
North America,NAC,2000,6472.0194,312909691,79.035,35151.37,100.0,26.241,1.3495,6.998
North America,NAC,2001,6412.1537,316051677,79.267,35831.45,100.0,26.272,1.0838,6.295
North America,NAC,2002,6280.9583,319046534,79.506,36652.01,100.0,26.212,0.8308,6.494
North America,NAC,2003,6366.777,321812780,79.743,38395.55,100.0,26.201,1.269,6.91
North America,NAC,2004,6439.9085,324806660,79.97,40788.49,100.0,26.191,1.5001,7.167
North America,NAC,2005,6470.6592,327822042,80.178,43368.6,100.0,26.181,1.8318,7.502
North America,NAC,2006,6364.9368,331013939,80.36,45741.33,100.0,26.12,1.3875,7.991
North America,NAC,2007,6467.626,334183103,80.512,47727.77,100.0,26.085,1.3375,7.942
North America,NAC,2008,6264.9612,337404564,80.63,48398.38,100.0,26.186,2.2274,8.397
North America,NAC,2009,5816.1513,340465163,80.706,46581.42,100.0,26.266,0.8458,8.924
North America,NAC,2010,6083.9182,343447854,80.734,48545.81,100.0,26.346,1.0807,8.883
North America,NAC,2011,5883.565,346242415,80.74,50252.02,100.0,26.426,1.3746,9.862
North America,NAC,2012,5655.0727,349116140,80.734,51812.87,100.0,26.541,0.8438,10.006
North America,NAC,2013,5800.1218,351870848,80.716,53240.37,100.0,26.592,0.8455,10.391
North America,NAC,2014,5824.3638,354755155,80.686,54742.84,100.0,26.643,0.7945,10.489
North America,NAC,2015,5707.5941,357583083,80.642,55534.46,100.0,26.695,0.242,10.392
North America,NAC,2016,5603.362,360527592,80.582,56416.79,100.0,26.745,0.3395,10.725
North America,NAC,2017,5551.6362,363217262,80.506,58555.9,100.0,26.782,0.4871,11.209
North America,NAC,2018,5731.2589,365666028,80.413,61228.2,100.0,26.721,0.6882,11.311
North America,NAC,2019,5577.2905,367908829,80.298,63306.81,100.0,26.647,0.6599,11.581
North America,NAC,2020,5015.5361,369671124,80.202,62319.87,100.0,26.552,0.395,12.463
North America,NAC,2021,5316.3576,370404678,80.235,69532.9,100.0,26.743,1.5677,
North America,NAC,2022,5391.8592,373011185,80.278,75769.7,100.0,26.684,,
North America,NAC,2023,5185.6227,376868838,80.336,79647.64,100.0,26.673,,
North Macedonia,MKD,2000,9.0375,2026350,58.492,1861.9,99.0,48.565,0.4164,19.4
North Macedonia,MKD,2001,9.2214,2034882,58.094,1823.02,99.0,48.84,0.2403,15.2
North Macedonia,MKD,2002,8.6901,2020157,57.873,1989.14,99.0,52.458,0.2487,14.6
North Macedonia,MKD,2003,9.4421,2022725,57.85,2445.36,99.0,51.16,0.2841,17.3
North Macedonia,MKD,2004,9.2012,2016186,57.853,2818.58,99.4,49.626,0.5299,18.2
North Macedonia,MKD,2005,9.6631,2005330,57.861,3120.98,99.1,48.289,0.4725,19.0
North Macedonia,MKD,2006,9.6474,1994287,57.88,3440.44,99.0,48.132,2.2259,19.8
North Macedonia,MKD,2007,10.3612,1982933,57.911,4204.11,99.1,42.648,5.5649,15.7
North Macedonia,MKD,2008,10.1423,1971493,57.959,5026.42,99.2,42.132,0.95,15.6
North Macedonia,MKD,2009,9.1214,1958782,58.028,4799.79,99.2,40.167,0.7857,18.4
North Macedonia,MKD,2010,9.1751,1946298,58.121,4833.37,99.5,44.37,1.4805,22.3
North Macedonia,MKD,2011,10.2439,1937398,58.241,5416.87,99.7,44.33,1.319,18.6
North Macedonia,MKD,2012,9.6203,1929821,58.392,5049.83,99.6,50.238,1.1738,18.3
North Macedonia,MKD,2013,8.7967,1922716,58.579,5626.26,99.7,49.96,1.1286,21.2
North Macedonia,MKD,2014,8.3515,1917557,58.803,5925.39,99.8,50.0,1.186,21.2
North Macedonia,MKD,2015,7.9328,1912430,59.07,5262.69,99.9,50.04,0.935,23.9
North Macedonia,MKD,2016,7.6209,1906313,59.382,5598.49,100.0,50.159,0.8663,21.4
North Macedonia,MKD,2017,7.9803,1898657,59.744,5955.3,100.0,50.198,0.8043,19.0
North Macedonia,MKD,2018,7.5427,1889051,60.158,6713.99,99.8,50.119,0.4247,20.9
North Macedonia,MKD,2019,8.6778,1876262,60.629,6718.86,100.0,50.159,0.1462,17.0
North Macedonia,MKD,2020,7.5804,1856124,61.159,6659.6,100.0,50.04,0.145,20.0
North Macedonia,MKD,2021,7.634,1837114,61.684,7620.8,100.0,49.96,0.1369,19.5
North Macedonia,MKD,2022,8.2042,1831712,61.953,7606.24,100.0,49.841,,
North Macedonia,MKD,2023,8.0203,1827816,62.252,8674.36,100.0,49.603,,
Northern Mariana Islands,MNP,2000,0.0001,68356,90.158,,100.0,6.522,,0.0
Northern Mariana Islands,MNP,2001,0.0001,67984,90.252,,100.0,6.522,,0.0
Northern Mariana Islands,MNP,2002,0.0001,66778,90.341,19227.89,99.9,6.522,0.0,0.0
Northern Mariana Islands,MNP,2003,0.0001,65421,90.424,18938.87,99.9,6.522,0.0,0.0
Northern Mariana Islands,MNP,2004,0.0001,63938,90.504,18924.58,99.8,6.522,0.0,0.0
Northern Mariana Islands,MNP,2005,0.0001,62354,90.58,17015.75,99.8,6.522,0.0,0.0
Northern Mariana Islands,MNP,2006,0.0001,60682,90.653,16314.56,99.7,6.522,0.0,0.0
Northern Mariana Islands,MNP,2007,0.0001,58941,90.726,15914.22,100.0,3.696,0.0,0.0
Northern Mariana Islands,MNP,2008,0.0001,57150,90.799,16430.45,100.0,3.696,0.0,0.0
Northern Mariana Islands,MNP,2009,0.0001,55325,90.873,14369.63,100.0,3.696,0.0,0.0
Northern Mariana Islands,MNP,2010,0.0001,54091,90.949,14771.4,100.0,3.696,0.0,0.0
Northern Mariana Islands,MNP,2011,0.0001,53608,91.025,13598.72,100.0,3.696,0.0,0.0
Northern Mariana Islands,MNP,2012,0.0001,53234,91.101,14013.6,100.0,3.696,0.0,0.0
Northern Mariana Islands,MNP,2013,0.0001,52758,91.176,14632.85,100.0,3.696,0.0,0.0
Northern Mariana Islands,MNP,2014,0.0001,52178,91.251,15945.42,100.0,3.696,0.0,0.0
Northern Mariana Islands,MNP,2015,0.0001,51514,91.325,17665.1,100.0,3.696,0.0,0.0
Northern Mariana Islands,MNP,2016,0.0001,50773,91.399,24225.47,100.0,3.696,0.0,0.0
Northern Mariana Islands,MNP,2017,0.0001,49959,91.472,31225.6,100.0,3.696,0.0,0.0
Northern Mariana Islands,MNP,2018,0.0001,49077,91.544,26509.36,100.0,1.174,0.0,0.0
Northern Mariana Islands,MNP,2019,0.0001,48129,91.616,24496.67,100.0,1.174,0.0,0.0
Northern Mariana Islands,MNP,2020,0.0001,47528,91.691,18220.84,100.0,1.174,,0.3
Northern Mariana Islands,MNP,2021,0.0001,46979,91.784,19455.5,100.0,1.174,,0.5
Northern Mariana Islands,MNP,2022,0.0001,46078,91.879,23785.75,100.0,1.174,,0.5
Northern Mariana Islands,MNP,2023,0.0001,45143,91.975,,100.0,1.174,,
Norway,NOR,2000,41.7695,4490967,76.134,37991.89,100.0,2.853,12.2927,60.2
Norway,NOR,2001,42.2835,4513751,76.396,38458.25,100.0,2.867,9.8685,59.6
Norway,NOR,2002,41.5842,4538159,76.796,43048.29,100.0,2.864,8.807,59.5
Norway,NOR,2003,44.4457,4564855,77.26,50208.1,100.0,2.847,8.6785,56.2
Norway,NOR,2004,44.8909,4591910,77.568,57854.57,100.0,2.847,9.4987,56.9
Norway,NOR,2005,43.3127,4623291,77.826,67358.36,100.0,2.836,10.4924,58.6
Norway,NOR,2006,44.012,4660677,78.088,75047.74,100.0,2.834,10.8945,57.0
Norway,NOR,2007,44.9058,4709153,78.407,86600.24,100.0,2.826,9.5616,57.4
Norway,NOR,2008,47.1048,4768212,78.754,99001.53,100.0,2.806,12.6177,58.5
Norway,NOR,2009,45.1249,4828726,79.057,81939.73,100.0,2.777,8.3653,56.7
Norway,NOR,2010,47.9849,4889252,79.245,90020.34,100.0,2.754,7.6616,56.0
Norway,NOR,2011,46.9389,4953088,79.312,103545.22,100.0,2.735,10.0324,56.0
Norway,NOR,2012,46.3897,5018573,79.491,104627.94,100.0,2.718,9.3417,56.9
Norway,NOR,2013,46.8777,5079623,79.972,106333.14,100.0,2.704,8.1685,56.6
Norway,NOR,2014,46.9905,5137232,80.612,100410.02,100.0,2.703,7.5174,55.8
Norway,NOR,2015,47.9542,5188607,81.238,77220.95,100.0,2.7,5.1624,56.5
Norway,NOR,2016,47.3711,5234519,81.68,73222.4,100.0,2.694,3.8671,57.7
Norway,NOR,2017,47.4084,5276968,81.97,78771.22,100.0,2.698,5.3359,58.9
Norway,NOR,2018,46.6404,5311916,82.245,85579.08,100.0,2.701,7.3936,58.9
Norway,NOR,2019,45.3466,5347896,82.494,79329.31,100.0,2.696,6.2689,59.8
Norway,NOR,2020,43.7079,5379475,82.703,71057.59,100.0,2.707,4.1813,60.9
Norway,NOR,2021,44.4278,5408320,82.861,96442.56,100.0,2.704,10.0483,61.4
Norway,NOR,2022,43.5471,5457127,82.956,113122.13,100.0,2.704,,
Norway,NOR,2023,41.6042,5519601,83.072,90984.41,100.0,2.696,,
OECD members,OED,2000,13400.819,1202226474,75.603,23105.87,99.64,37.809,0.9012,7.753
OECD members,OED,2001,13376.8524,1211109104,75.916,22718.68,99.66,37.699,0.7752,7.399
OECD members,OED,2002,13298.7107,1220101353,76.305,23526.19,99.6,37.367,0.6467,7.487
OECD members,OED,2003,13540.719,1229012217,76.724,26110.17,99.58,37.086,0.7976,7.768
OECD members,OED,2004,13672.2281,1237896576,77.135,28854.88,99.67,35.853,0.9437,7.998
OECD members,OED,2005,13716.5362,1246656490,77.494,30304.5,99.74,36.271,1.178,8.275
OECD members,OED,2006,13657.4901,1255746646,77.789,31752.92,99.74,36.151,1.1327,8.752
OECD members,OED,2007,13819.1279,1264728255,78.064,34523.82,99.63,35.757,1.1135,9.008
OECD members,OED,2008,13470.4405,1274711058,78.318,36379.98,99.74,35.466,1.6163,9.511
OECD members,OED,2009,12657.9974,1283973216,78.547,33797.33,99.69,35.293,0.7816,10.121
OECD members,OED,2010,13215.0969,1292701737,78.757,35218.24,99.81,35.01,1.0989,10.374
OECD members,OED,2011,12986.88,1299644689,78.925,37684.32,99.79,35.514,1.4087,10.905
OECD members,OED,2012,12803.6175,1307733583,79.161,37418.29,99.81,35.29,1.0596,11.382
OECD members,OED,2013,12856.1283,1315426979,79.53,37734.76,99.84,34.887,1.0032,11.878
OECD members,OED,2014,12624.6163,1323458714,79.915,38322.73,99.85,34.917,0.8823,12.128
OECD members,OED,2015,12557.4039,1331674197,80.223,35931.92,99.84,34.166,0.4207,12.261
OECD members,OED,2016,12485.184,1340141055,80.386,36407.38,99.9,33.982,0.4372,12.432
OECD members,OED,2017,12485.0968,1348125258,80.453,37802.84,99.94,34.738,0.5998,12.795
OECD members,OED,2018,12529.2073,1356197538,80.54,39756.76,99.9,34.304,0.7505,13.202
OECD members,OED,2019,12165.5762,1364143219,80.651,39940.84,99.94,34.37,0.6632,13.686
OECD members,OED,2020,11122.71,1369306579,80.738,38947.57,99.93,34.18,0.4974,14.838
OECD members,OED,2021,11707.0356,1371780402,80.856,43495.5,100.0,34.493,1.4312,
OECD members,OED,2022,11616.9634,1378591781,80.95,44455.84,100.0,34.399,,
OECD members,OED,2023,11105.9495,1387846131,81.054,47135.61,99.92,34.275,,
Oman,OMN,2000,26.3172,2282131,71.54,9753.85,100.0,3.79,46.4324,0.0
Oman,OMN,2001,28.482,2310217,71.518,9611.96,100.0,3.792,39.6608,0.0
Oman,OMN,2002,30.4524,2337140,71.501,9869.13,100.0,4.114,36.5157,0.0
Oman,OMN,2003,32.1826,2363796,71.493,10463.54,100.0,4.436,36.1663,0.0
Oman,OMN,2004,31.7775,2404821,71.543,11800.85,100.0,4.756,39.6933,0.0
Oman,OMN,2005,33.0427,2459802,71.858,14434.86,99.9,4.733,46.2911,0.0
Oman,OMN,2006,42.1453,2514795,72.392,16930.86,99.9,4.727,44.5973,0.0
Oman,OMN,2007,45.5705,2570174,73.068,18792.65,100.0,4.733,41.3713,0.0
Oman,OMN,2008,44.7282,2626529,73.808,26576.78,100.0,4.708,40.502,0.0
Oman,OMN,2009,47.1039,2684659,74.534,20655.92,100.0,4.699,33.9583,0.0
Oman,OMN,2010,51.4932,2757446,75.158,23570.18,100.0,4.663,35.1703,0.0
Oman,OMN,2011,59.7411,3076763,75.659,25188.01,100.0,4.642,43.2738,0.0
Oman,OMN,2012,67.4368,3547106,76.088,24642.3,100.0,4.6,40.4419,0.0
Oman,OMN,2013,70.6326,3833913,76.491,23458.02,100.0,4.586,38.8455,0.0
Oman,OMN,2014,75.0283,4002439,76.889,23160.65,100.0,4.587,34.3485,0.0
Oman,OMN,2015,79.3244,4184895,77.303,18808.31,100.0,4.633,21.0999,0.0
Oman,OMN,2016,80.628,4390877,77.752,17110.19,100.0,4.64,18.0528,0.0
Oman,OMN,2017,81.3599,4537396,78.314,17820.07,100.0,4.688,21.3538,0.0
Oman,OMN,2018,84.3771,4597877,78.966,19901.76,100.0,4.714,27.0145,0.0
Oman,OMN,2019,85.4259,4591241,79.578,19180.19,100.0,4.714,24.98,0.0
Oman,OMN,2020,82.166,4522497,80.018,16784.86,100.0,4.714,18.8867,0.1
Oman,OMN,2021,87.7273,4500424,80.124,19403.46,100.0,4.737,29.2116,0.1
Oman,OMN,2022,93.1054,4730226,80.012,23223.58,100.0,4.737,,
Oman,OMN,2023,95.7346,5049269,79.57,21027.74,100.0,4.755,,
Other small states,OSS,2000,42.8534,9788238,51.535,4847.45,71.11,27.179,5.9397,34.884
Other small states,OSS,2001,43.5872,9961679,51.522,4780.95,72.87,27.153,4.7007,34.406
Other small states,OSS,2002,42.892,10136134,51.518,5142.25,72.13,26.501,4.0789,34.897
Other small states,OSS,2003,46.8272,10269557,51.586,6311.81,73.17,27.048,3.9635,34.679
Other small states,OSS,2004,47.8869,10371059,51.717,7419.76,74.53,27.0,4.3667,34.405
Other small states,OSS,2005,47.8446,10479844,51.846,8233.42,75.8,27.474,5.1627,34.975
Other small states,OSS,2006,50.7183,10601352,51.98,9046.8,76.18,27.945,5.872,33.125
Other small states,OSS,2007,54.5124,10730365,52.143,10758.81,77.66,27.884,4.8196,34.374
Other small states,OSS,2008,53.8075,10862640,52.322,11530.72,78.47,27.604,5.6041,36.192
Other small states,OSS,2009,49.407,10989567,52.475,9814.08,78.92,27.747,3.5333,39.483
Other small states,OSS,2010,53.4226,11112466,52.571,10149.56,79.84,27.737,4.4208,40.198
Other small states,OSS,2011,53.6853,11226214,52.643,11469.95,82.38,27.737,5.6191,40.446
Other small states,OSS,2012,52.7338,11346082,52.729,11084.41,83.22,27.764,4.9787,40.717
Other small states,OSS,2013,54.9835,11466589,52.823,11421.8,84.07,26.598,3.9332,41.19
Other small states,OSS,2014,55.4185,11591200,52.944,11682.62,85.54,26.679,3.6426,41.594
Other small states,OSS,2015,52.0157,11722398,53.094,10359.12,86.45,26.807,3.7599,42.576
Other small states,OSS,2016,52.2077,11851918,53.256,10813.38,87.85,26.841,2.6613,42.157
Other small states,OSS,2017,54.1873,11989367,53.444,11950.98,89.33,26.85,2.7463,41.437
Other small states,OSS,2018,55.6892,12135267,53.652,13026.84,90.47,26.841,3.3578,42.363
Other small states,OSS,2019,47.4756,12281907,53.873,12908.2,91.8,26.811,3.1054,42.39
Other small states,OSS,2020,44.3972,12417333,54.06,11772.09,92.84,26.815,2.3098,45.404
Other small states,OSS,2021,46.3465,12541889,54.22,13718.36,93.86,26.805,3.5053,
Other small states,OSS,2022,48.9021,12699005,54.437,14326.31,93.96,26.816,,
Other small states,OSS,2023,45.763,12822134,54.741,15346.65,94.5,26.04,,
Pacific island small states,PSS,2000,4.2006,2042274,34.438,1686.61,55.29,11.768,1.2781,43.32
Pacific island small states,PSS,2001,4.6055,2069097,34.662,1637.06,56.63,11.72,1.3163,38.214
Pacific island small states,PSS,2002,3.4575,2095273,34.888,1695.01,58.33,11.66,1.3195,41.898
Pacific island small states,PSS,2003,4.0184,2120592,35.115,1997.28,59.43,11.632,1.6353,37.719
Pacific island small states,PSS,2004,4.2438,2145505,35.345,2270.73,60.62,11.526,1.2973,35.032
Pacific island small states,PSS,2005,4.255,2170029,35.577,2490.45,62.24,11.667,1.521,37.431
Pacific island small states,PSS,2006,4.357,2194265,35.829,2586.23,61.67,11.6,1.7771,36.367
Pacific island small states,PSS,2007,3.9767,2218230,36.131,2817.99,63.94,11.579,2.3501,34.255
Pacific island small states,PSS,2008,3.5834,2240739,36.458,2989.6,67.26,11.452,2.7743,36.962
Pacific island small states,PSS,2009,4.1469,2262456,36.788,2666.87,64.82,11.382,2.4413,34.711
Pacific island small states,PSS,2010,4.7713,2289399,37.084,2899.89,71.8,11.332,3.3091,29.679
Pacific island small states,PSS,2011,4.6126,2320899,37.292,3338.31,72.8,11.478,3.8263,31.403
Pacific island small states,PSS,2012,5.7711,2351924,37.502,3493.29,73.83,11.567,4.1044,31.204
Pacific island small states,PSS,2013,4.2001,2382931,37.726,3630.1,72.66,11.664,3.41,31.086
Pacific island small states,PSS,2014,3.8567,2414338,37.966,3891.36,76.58,11.804,3.6839,31.221
Pacific island small states,PSS,2015,3.8315,2445989,38.226,3761.07,78.55,11.944,3.0142,31.332
Pacific island small states,PSS,2016,3.7919,2477794,38.511,3898.88,79.91,11.835,2.6812,28.85
Pacific island small states,PSS,2017,3.7361,2509999,38.804,4147.0,82.1,11.744,4.021,28.989
Pacific island small states,PSS,2018,4.0077,2542009,39.033,4295.18,82.7,11.647,3.9967,27.354
Pacific island small states,PSS,2019,4.041,2568656,39.271,4185.08,84.34,11.543,3.5345,27.389
Pacific island small states,PSS,2020,3.4836,2595522,39.451,3632.53,86.19,11.537,3.878,29.426
Pacific island small states,PSS,2021,3.926,2625493,39.658,3646.99,85.67,11.604,4.0665,
Pacific island small states,PSS,2022,3.9722,2656049,39.943,3941.9,85.6,11.579,,
Pacific island small states,PSS,2023,3.9786,2689224,40.253,4199.65,88.87,11.6,,
Pakistan,PAK,2000,111.8899,154879127,33.005,642.34,72.8,47.605,1.8388,51.0
Pakistan,PAK,2001,113.9766,159270907,33.199,609.94,73.9,47.961,1.856,51.5
Pakistan,PAK,2002,113.3313,163222549,33.386,599.94,74.9,47.847,2.2,51.4
Pakistan,PAK,2003,117.4976,167110248,33.567,672.44,76.0,47.792,2.1853,50.1
Pakistan,PAK,2004,131.4397,171286000,33.744,771.9,77.0,46.758,2.449,47.9
Pakistan,PAK,2005,133.921,175453212,33.919,827.62,78.1,46.654,2.8912,48.0
Pakistan,PAK,2006,145.311,179682690,34.093,900.87,79.1,46.875,2.7423,47.0
Pakistan,PAK,2007,161.9646,184493231,34.268,998.09,80.2,46.717,2.2306,44.9
Pakistan,PAK,2008,156.377,189499113,34.446,1067.04,81.4,45.809,2.3019,46.6
Pakistan,PAK,2009,160.0753,194376534,34.628,963.79,82.5,45.762,1.8396,46.4
Pakistan,PAK,2010,155.6566,199239047,34.816,987.3,87.1,45.717,2.2797,47.4
Pakistan,PAK,2011,155.2393,203746065,35.011,1131.74,87.8,46.617,2.6158,46.8
Pakistan,PAK,2012,157.11,207667125,35.216,1204.36,88.6,46.782,2.5631,47.2
Pakistan,PAK,2013,160.7989,211073978,35.432,1225.43,89.3,47.063,2.1462,48.1
Pakistan,PAK,2014,169.2027,214264647,35.66,1266.61,90.1,47.027,1.9953,47.2
Pakistan,PAK,2015,178.2841,217290883,35.902,1380.47,91.0,46.962,1.2252,45.9
Pakistan,PAK,2016,196.7976,220138869,36.16,1424.69,91.8,47.73,0.9653,43.7
Pakistan,PAK,2017,213.2958,223273967,36.435,1519.23,92.7,48.001,1.1068,42.1
Pakistan,PAK,2018,202.3124,226928892,36.748,1569.34,93.4,47.936,1.2412,43.4
Pakistan,PAK,2019,198.8407,230800899,37.109,1390.42,93.9,47.055,1.3034,45.9
Pakistan,PAK,2020,222.5997,235001746,37.508,1278.4,94.5,47.573,1.1239,42.7
Pakistan,PAK,2021,229.1366,239477801,37.933,1455.32,94.9,46.718,1.4356,41.6
Pakistan,PAK,2022,235.3725,243700667,38.374,1538.32,95.0,46.631,,
Pakistan,PAK,2023,208.8895,247504495,38.819,1360.32,95.6,46.693,,
Palau,PLW,2000,2.122,19178,69.588,7798.08,97.9,9.348,0.0,0.0
Palau,PLW,2001,2.3636,19352,70.534,8239.26,98.0,9.348,0.0,0.0
Palau,PLW,2002,1.4441,19503,72.382,8340.19,98.0,9.348,0.0,0.0
Palau,PLW,2003,1.7181,19659,74.544,7862.39,98.1,9.348,0.0,0.0
Palau,PLW,2004,1.5218,19820,76.445,8393.73,98.1,9.348,0.0,0.0
Palau,PLW,2005,1.7352,19819,77.574,9367.69,98.9,9.348,0.0,0.0
Palau,PLW,2006,1.6978,19593,78.307,9737.02,98.3,9.348,0.0,0.0
Palau,PLW,2007,1.3837,19302,79.02,10155.05,98.4,9.348,0.0,0.0
Palau,PLW,2008,1.3978,19009,79.664,10471.15,98.5,9.348,0.0,0.0
Palau,PLW,2009,2.1738,18709,80.219,9837.5,98.6,9.348,0.0,0.0
Palau,PLW,2010,2.1107,18396,80.663,10018.07,98.8,9.348,0.0,0.0
Palau,PLW,2011,2.3697,18078,80.975,10795.64,98.9,9.348,0.0,0.0
Palau,PLW,2012,3.6039,17765,81.129,12098.41,97.6,9.348,0.0,0.0
Palau,PLW,2013,1.8243,17648,81.076,12820.59,99.2,9.348,0.0,0.0
Palau,PLW,2014,1.2677,17715,80.734,13854.73,99.8,9.348,0.0,0.3
Palau,PLW,2015,1.1954,17770,80.388,15938.37,99.5,9.348,0.0,0.4
Palau,PLW,2016,1.1444,17797,80.109,17043.67,100.0,9.348,0.0,0.6
Palau,PLW,2017,1.1964,17812,79.828,16280.24,100.0,9.348,0.0,0.6
Palau,PLW,2018,1.2305,17814,79.552,16179.88,100.0,9.348,0.0,0.6
Palau,PLW,2019,1.2683,17798,79.28,15841.89,100.0,9.348,0.0,0.9
Palau,PLW,2020,1.2764,17792,79.08,14556.31,100.0,9.348,0.0,0.9
Palau,PLW,2021,1.329,17783,79.089,13267.49,100.0,9.348,0.0,0.9
Palau,PLW,2022,1.3981,17759,79.113,13934.95,100.0,9.348,,0.9
Palau,PLW,2023,1.3979,17727,79.153,15578.35,100.0,9.348,,
Panama,PAN,2000,5.1903,3010369,62.217,3975.09,81.4,29.997,0.1372,27.7
Panama,PAN,2001,6.2056,3069537,62.634,3991.78,81.5,30.137,0.1241,24.0
Panama,PAN,2002,5.4104,3129344,63.033,4090.59,82.1,30.102,0.1231,28.7
Panama,PAN,2003,5.4813,3189807,63.408,4264.66,87.8,30.067,0.1439,27.4
Panama,PAN,2004,5.5089,3251155,63.755,4644.57,83.4,30.032,0.1601,28.2
Panama,PAN,2005,7.102,3313026,64.072,5017.74,84.1,29.997,0.0987,22.8
Panama,PAN,2006,7.4912,3375024,64.355,5528.77,84.8,29.922,0.1273,22.1
Panama,PAN,2007,7.478,3437490,64.602,6317.82,85.5,30.022,0.1177,22.8
Panama,PAN,2008,7.2579,3500648,64.809,7347.59,86.3,29.987,0.1095,23.4
Panama,PAN,2009,8.6753,3564381,64.973,7796.93,87.0,30.019,0.1447,20.4
Panama,PAN,2010,9.1798,3628535,65.093,8331.46,86.8,30.487,0.2347,20.6
Panama,PAN,2011,9.9976,3693505,65.19,9662.3,88.6,30.441,0.2699,19.7
Panama,PAN,2012,10.4475,3759256,65.283,11064.81,89.3,30.307,0.2604,21.2
Panama,PAN,2013,10.2623,3825329,65.371,12273.32,89.1,30.172,0.2169,20.7
Panama,PAN,2014,10.7719,3892101,65.453,13213.2,90.8,30.127,0.2316,19.8
Panama,PAN,2015,10.6313,3960035,65.529,14082.65,91.6,29.992,0.1387,22.0
Panama,PAN,2016,10.6644,4029086,65.597,14832.36,92.4,29.857,0.131,22.1
Panama,PAN,2017,10.1483,4098707,65.658,15694.63,93.7,29.722,0.1243,23.6
Panama,PAN,2018,9.9261,4167860,65.71,16151.33,93.8,29.563,0.0994,24.5
Panama,PAN,2019,13.1641,4234700,65.753,16477.91,93.9,29.428,0.3161,19.0
Panama,PAN,2020,9.7127,4293261,65.786,13290.56,95.3,29.308,0.5351,28.5
Panama,PAN,2021,10.7711,4345405,65.809,15509.81,95.3,29.406,3.6648,28.0
Panama,PAN,2022,11.4431,4400773,65.821,17378.61,95.0,29.406,,
Panama,PAN,2023,12.7389,4458759,65.86,18797.19,97.0,29.522,,
Papua New Guinea,PNG,2000,2.9145,5537064,13.223,635.96,12.4,2.403,25.7002,66.4
Papua New Guinea,PNG,2001,3.5427,5728435,13.186,537.85,12.7,2.414,17.5053,63.4
Papua New Guinea,PNG,2002,4.0639,5924003,13.153,506.33,13.1,2.436,19.8483,62.5
Papua New Guinea,PNG,2003,4.5293,6123997,13.123,577.47,13.4,2.447,22.0848,60.4
Papua New Guinea,PNG,2004,4.819,6328041,13.095,620.6,13.8,2.48,28.7908,57.5
Papua New Guinea,PNG,2005,5.2298,6535905,13.071,744.49,14.1,2.502,31.202,58.6
Papua New Guinea,PNG,2006,5.3175,6747720,13.05,1238.18,12.4,2.542,27.4026,58.9
Papua New Guinea,PNG,2007,5.2839,6963345,13.032,1370.75,14.9,2.676,24.2068,57.1
Papua New Guinea,PNG,2008,5.102,7183002,13.019,1624.79,15.3,2.749,25.3611,56.9
Papua New Guinea,PNG,2009,4.9502,7406438,13.008,1568.83,17.2,2.798,18.9072,56.0
Papua New Guinea,PNG,2010,4.2314,7633523,13.002,1866.87,19.5,2.798,27.8968,55.2
Papua New Guinea,PNG,2011,4.4692,7859346,13.0,2288.38,17.3,2.84,26.2681,54.7
Papua New Guinea,PNG,2012,4.2609,8081390,13.014,2635.09,17.5,2.84,15.8153,55.5
Papua New Guinea,PNG,2013,4.5767,8302698,13.058,2560.77,17.8,2.84,11.6659,58.3
Papua New Guinea,PNG,2014,5.5379,8523441,13.132,2723.18,18.1,2.882,14.0277,56.9
Papua New Guinea,PNG,2015,5.9739,8743246,13.234,2484.6,18.4,2.919,12.7385,55.3
Papua New Guinea,PNG,2016,6.621,8961718,13.365,2316.39,13.5,2.932,14.3368,54.8
Papua New Guinea,PNG,2017,5.7792,9178714,13.525,2477.77,19.2,3.103,16.0436,54.7
Papua New Guinea,PNG,2018,4.904,9394513,13.713,2566.37,16.6,3.103,16.9219,53.4
Papua New Guinea,PNG,2019,5.0364,9609010,13.928,2575.77,23.6,3.103,13.8152,53.2
Papua New Guinea,PNG,2020,5.4744,9815746,14.17,2429.61,20.5,3.103,11.9417,53.6
Papua New Guinea,PNG,2021,5.3867,10012896,14.44,2607.98,20.9,3.103,27.3867,54.5
Papua New Guinea,PNG,2022,5.5295,10203169,14.736,3102.29,19.0,3.103,,54.6
Papua New Guinea,PNG,2023,5.498,10389635,15.058,2966.06,20.5,3.103,,
Paraguay,PRY,2000,3.6426,5100868,57.514,1736.12,89.6,41.871,1.4613,70.4
Paraguay,PRY,2001,3.7869,5187689,57.969,1637.69,91.0,42.494,1.6089,69.8
Paraguay,PRY,2002,3.9651,5261328,58.309,1367.77,91.7,43.128,2.0681,67.7
Paraguay,PRY,2003,4.0925,5326436,58.552,1444.0,92.6,43.696,2.1422,67.0
Paraguay,PRY,2004,4.1409,5388175,58.742,1786.22,93.2,44.236,1.6492,66.8
Paraguay,PRY,2005,3.8195,5448097,58.894,1970.87,94.7,44.785,1.6489,68.8
Paraguay,PRY,2006,4.116,5505148,59.02,2439.43,96.7,45.344,1.9211,66.5
Paraguay,PRY,2007,3.9111,5559386,59.133,3211.94,96.5,45.848,1.7488,68.4
Paraguay,PRY,2008,4.5677,5613574,59.244,4384.95,96.7,46.683,1.5367,65.8
Paraguay,PRY,2009,4.7128,5671236,59.367,3941.85,96.9,46.893,1.627,65.4
Paraguay,PRY,2010,5.2439,5737971,59.512,4750.96,97.4,47.447,2.083,63.6
Paraguay,PRY,2011,5.451,5814626,59.693,5805.4,98.2,47.988,1.6719,62.5
Paraguay,PRY,2012,5.4123,5897008,59.921,5642.17,97.8,48.539,1.6903,63.4
Paraguay,PRY,2013,5.641,5982445,60.238,6435.68,99.0,49.087,1.6981,62.5
Paraguay,PRY,2014,5.9499,6069811,60.71,6652.25,99.0,49.634,1.6858,62.5
Paraguay,PRY,2015,6.661,6159103,61.33,5879.34,99.3,50.15,1.6993,60.5
Paraguay,PRY,2016,7.5122,6249126,62.083,5775.16,98.4,50.668,1.8936,62.5
Paraguay,PRY,2017,8.4688,6338660,62.953,6152.27,99.3,51.185,1.6848,60.1
Paraguay,PRY,2018,8.7429,6427382,63.925,6258.45,99.6,51.71,1.5113,59.2
Paraguay,PRY,2019,8.5218,6515058,64.985,5821.18,99.7,52.235,1.3778,60.1
Paraguay,PRY,2020,7.8549,6603739,66.117,5365.47,99.7,52.754,1.6826,61.5
Paraguay,PRY,2021,7.9771,6684182,67.306,5974.91,100.0,53.271,1.347,58.8
Paraguay,PRY,2022,8.0051,6760464,68.64,6189.1,100.0,54.107,,
Paraguay,PRY,2023,7.7424,6844146,69.347,6303.26,99.8,54.107,,
Peru,PER,2000,28.9865,26598331,72.772,1945.41,72.5,17.905,3.0067,38.6
Peru,PER,2001,26.9396,26964601,73.157,1929.57,72.1,17.979,1.8703,41.2
Peru,PER,2002,28.102,27288217,73.55,2007.37,74.4,18.053,2.0049,40.2
Peru,PER,2003,27.5531,27580490,73.956,2129.44,74.4,18.126,3.0037,40.9
Peru,PER,2004,31.8204,27852190,74.377,2397.25,75.7,18.2,6.2346,37.8
Peru,PER,2005,31.8397,28101180,74.816,2706.67,77.2,18.274,7.8232,38.4
Peru,PER,2006,31.49,28324491,75.277,3129.56,80.2,18.348,13.4308,38.7
Peru,PER,2007,34.3741,28530699,75.762,3581.09,82.0,18.422,14.2133,36.0
Peru,PER,2008,38.9946,28719041,76.274,4197.58,84.7,18.496,12.0259,33.7
Peru,PER,2009,41.9747,28896811,76.822,4181.19,86.4,18.57,8.921,32.9
Peru,PER,2010,45.8483,29086019,77.402,5072.11,88.1,18.644,11.2142,32.2
Peru,PER,2011,49.1793,29304086,78.012,5861.36,89.7,18.718,12.7666,30.6
Peru,PER,2012,49.1215,29550366,78.649,6519.38,91.1,18.792,9.9993,30.8
Peru,PER,2013,50.3235,29817919,79.311,6746.8,92.1,18.766,7.6542,28.4
Peru,PER,2014,53.2525,30115826,79.995,6667.13,92.9,18.756,5.6629,28.6
Peru,PER,2015,54.9014,30457600,80.698,6231.71,93.9,18.995,3.9115,27.4
Peru,PER,2016,57.5009,30866494,81.419,6217.04,94.2,18.75,4.4052,27.2
Peru,PER,2017,55.2172,31324637,82.193,6736.17,94.8,18.945,5.8963,27.6
Peru,PER,2018,55.3468,31897584,82.685,6978.49,95.2,18.824,5.956,27.9
Peru,PER,2019,58.1719,32449303,83.103,7037.01,95.6,18.643,2.4991,27.1
Peru,PER,2020,47.5328,32838579,83.527,6133.33,96.2,19.126,3.9796,31.6
Peru,PER,2021,59.6288,33155882,83.948,6828.53,95.6,19.608,12.7247,30.6
Peru,PER,2022,63.74,33475438,84.366,7353.75,96.2,19.051,,
Peru,PER,2023,65.0789,33845617,84.781,7919.05,96.2,19.051,,
Philippines,PHL,2000,74.2644,79625397,39.138,1050.79,74.7,37.676,0.4646,33.9
Philippines,PHL,2001,71.6919,81401488,39.538,969.53,75.7,37.509,0.3648,32.9
Philippines,PHL,2002,72.9411,83068889,39.955,1014.91,76.7,37.344,0.559,31.8
Philippines,PHL,2003,74.7742,84731835,40.393,1027.23,76.6,37.697,0.7727,30.9
Philippines,PHL,2004,75.6877,86394504,40.851,1099.63,87.6,38.468,0.8759,30.2
Philippines,PHL,2005,78.8843,88015962,41.33,1220.46,79.8,38.082,0.8912,31.3
Philippines,PHL,2006,70.973,89508986,41.831,1426.15,80.2,38.837,1.47,33.3
Philippines,PHL,2007,76.9611,91075184,42.347,1712.66,82.0,39.541,2.9067,32.4
Philippines,PHL,2008,77.7622,92699095,43.155,1959.29,83.3,40.279,1.5234,33.9
Philippines,PHL,2009,78.6456,94384250,44.336,1864.45,84.3,40.581,1.1747,34.1
Philippines,PHL,2010,84.9688,96337125,45.521,2162.91,85.5,40.581,2.1176,32.7
Philippines,PHL,2011,84.5875,98248614,46.683,2383.92,87.2,41.117,2.8437,33.8
Philippines,PHL,2012,89.5021,100175512,47.918,2614.62,87.1,41.688,1.5536,34.1
Philippines,PHL,2013,97.4869,102076336,49.131,2781.28,87.5,41.818,1.1859,33.1
Philippines,PHL,2014,104.0134,103767130,50.239,2866.84,89.8,41.916,1.509,32.4
Philippines,PHL,2015,113.1874,105312992,51.155,2909.86,89.1,42.013,0.7581,30.8
Philippines,PHL,2016,121.2972,106735719,51.911,2985.2,92.0,42.11,0.6616,28.6
Philippines,PHL,2017,135.646,108119693,52.601,3038.12,93.0,42.224,0.9646,27.8
Philippines,PHL,2018,141.3358,109465287,53.209,3168.51,94.2,42.301,0.9438,27.6
Philippines,PHL,2019,147.9244,110804683,53.716,3400.79,95.3,42.379,0.7853,26.9
Philippines,PHL,2020,136.3845,112081264,54.108,3227.58,96.4,42.456,0.7641,29.1
Philippines,PHL,2021,145.6114,113100950,54.45,3484.39,97.5,42.536,1.9726,28.0
Philippines,PHL,2022,151.7004,113964338,54.79,3548.07,94.8,42.393,,
Philippines,PHL,2023,162.4527,114891199,55.124,3804.08,98.0,42.669,,
Poland,POL,2000,313.0274,38258629,61.746,4520.64,100.0,60.116,0.6078,6.9
Poland,POL,2001,309.7595,38248076,61.756,5015.24,100.0,58.076,0.7857,7.3
Poland,POL,2002,302.5145,38230364,61.758,5223.45,100.0,55.173,0.5657,7.5
Poland,POL,2003,315.3023,38204570,61.728,5720.81,99.9,52.798,0.5984,7.3
Poland,POL,2004,317.4868,38182222,61.656,6711.73,99.9,53.299,1.4443,7.3
Poland,POL,2005,317.098,38165445,61.55,8043.92,99.8,51.924,1.1688,7.2
Poland,POL,2006,330.7509,38141267,61.42,9068.86,99.8,52.093,1.601,7.2
Poland,POL,2007,330.3011,38120560,61.276,11272.53,99.8,50.499,1.3625,7.3
Poland,POL,2008,324.5779,38125759,61.126,14048.56,99.8,50.934,2.0478,8.0
Poland,POL,2009,311.3787,38151603,60.98,11556.3,100.0,50.996,1.1438,8.8
Poland,POL,2010,329.3834,38042794,60.847,12567.73,100.0,47.176,4.3303,9.5
Poland,POL,2011,326.9383,38063255,60.736,13867.67,100.0,48.261,5.7142,10.4
Poland,POL,2012,319.7269,38063164,60.634,13087.42,100.0,47.446,3.7989,10.9
Poland,POL,2013,315.0899,38040196,60.533,13621.9,100.0,47.059,3.3333,11.4
Poland,POL,2014,302.5703,38011735,60.434,14262.28,100.0,47.108,3.1577,11.6
Poland,POL,2015,305.7942,37986412,60.336,12637.52,100.0,46.935,1.291,11.9
Poland,POL,2016,316.728,37970087,60.24,12464.01,100.0,46.945,2.0262,11.3
Poland,POL,2017,330.2221,37974826,60.146,13913.34,100.0,47.232,3.0615,11.1
Poland,POL,2018,329.6329,37974750,60.053,15658.21,100.0,47.399,2.7132,15.1
Poland,POL,2019,312.0707,37965475,59.963,15874.52,100.0,47.444,0.6716,15.6
Poland,POL,2020,296.8799,37515748,59.874,16150.93,100.0,48.127,0.5355,16.1
Poland,POL,2021,324.0123,36981559,59.81,18635.51,100.0,47.369,1.0302,15.2
Poland,POL,2022,307.9616,36821749,59.832,18891.21,100.0,46.313,,
Poland,POL,2023,280.6501,36687353,59.886,22145.27,100.0,47.605,,
Portugal,PRT,2000,64.2448,10289898,54.405,11526.37,100.0,43.239,0.1491,20.1
Portugal,PRT,2001,63.4978,10362722,55.068,11734.76,100.0,42.118,0.1148,20.8
Portugal,PRT,2002,67.7384,10419631,55.789,12936.69,100.0,42.379,0.1168,18.3
Portugal,PRT,2003,62.8034,10458821,56.587,15797.78,100.0,41.68,0.1138,22.1
Portugal,PRT,2004,64.5657,10483861,57.417,18064.16,100.0,42.291,0.1509,19.9
Portugal,PRT,2005,67.8316,10503330,58.245,18780.13,100.0,41.805,0.1644,18.1
Portugal,PRT,2006,62.9435,10522288,59.034,19839.45,100.0,41.081,0.2829,22.3
Portugal,PRT,2007,61.3381,10542964,59.748,22811.06,100.0,40.023,0.2766,23.1
Portugal,PRT,2008,59.2617,10558177,60.351,24949.04,100.0,40.733,0.2405,23.2
Portugal,PRT,2009,58.4903,10568247,60.807,23151.22,100.0,40.349,0.1101,24.9
Portugal,PRT,2010,53.2485,10573100,61.079,22551.94,100.0,39.897,0.2192,27.8
Portugal,PRT,2011,51.3977,10557560,61.141,23246.54,100.0,39.845,0.2449,27.2
Portugal,PRT,2012,49.7787,10514844,61.141,20593.43,100.0,40.009,0.2598,25.5
Portugal,PRT,2013,48.1388,10457295,61.141,21676.49,100.0,40.403,0.1962,30.2
Portugal,PRT,2014,47.6708,10401062,61.139,22120.69,100.0,39.996,0.2047,30.5
Portugal,PRT,2015,51.7215,10358076,61.137,19215.78,100.0,39.722,0.1597,27.2
Portugal,PRT,2016,50.523,10325452,61.134,19980.28,100.0,39.507,0.1584,29.0
Portugal,PRT,2017,55.1436,10300300,61.13,21442.38,100.0,40.1,0.1916,24.4
Portugal,PRT,2018,51.1078,10283822,61.123,23541.14,100.0,40.792,0.2407,27.5
Portugal,PRT,2019,46.4279,10286263,61.115,23343.36,100.0,43.125,0.2214,28.2
Portugal,PRT,2020,40.6444,10297081,61.104,22299.4,100.0,43.166,0.2003,31.3
Portugal,PRT,2021,38.962,10361831,61.095,24711.45,100.0,43.254,0.2914,32.3
Portugal,PRT,2022,39.6684,10434332,61.126,24620.52,100.0,42.789,,
Portugal,PRT,2023,37.4114,10578174,61.205,27634.62,100.0,43.338,,
Post-demographic dividend,PST,2000,12788.7456,1021150563,76.828,25965.62,99.72,37.312,0.8076,7.103
Post-demographic dividend,PST,2001,12789.7812,1026105872,77.104,25583.18,99.73,37.288,0.7082,6.749
Post-demographic dividend,PST,2002,12698.7644,1031302538,77.466,26549.47,99.73,36.927,0.574,6.814
Post-demographic dividend,PST,2003,12931.224,1036498631,77.876,29606.3,99.76,36.635,0.7249,7.126
Post-demographic dividend,PST,2004,13015.8668,1041890752,78.292,32722.79,99.77,35.196,0.8363,7.357
Post-demographic dividend,PST,2005,13021.9597,1047140108,78.663,34268.54,99.81,35.673,1.0399,7.642
Post-demographic dividend,PST,2006,12907.6627,1052866351,78.974,35873.62,99.8,35.568,0.9269,8.139
Post-demographic dividend,PST,2007,13041.3502,1059147302,79.247,38925.45,99.83,35.153,0.9276,8.424
Post-demographic dividend,PST,2008,12680.0961,1065603711,79.497,40986.2,99.84,34.932,1.4355,8.913
Post-demographic dividend,PST,2009,11833.1693,1071118156,79.706,38399.58,99.86,34.772,0.6623,9.547
Post-demographic dividend,PST,2010,12360.6809,1076208648,79.87,39869.24,99.88,34.527,0.8939,9.817
Post-demographic dividend,PST,2011,12126.5477,1079468050,79.98,42699.76,99.89,35.161,1.1188,10.337
Post-demographic dividend,PST,2012,11896.935,1084193277,80.082,42453.11,99.9,34.919,0.7945,10.856
Post-demographic dividend,PST,2013,11958.8107,1088423167,80.197,42757.07,99.92,34.45,0.7728,11.336
Post-demographic dividend,PST,2014,11697.0571,1093024476,80.299,43482.29,99.93,34.506,0.6819,11.669
Post-demographic dividend,PST,2015,11550.8111,1097889139,80.401,40960.91,99.94,33.671,0.3292,11.843
Post-demographic dividend,PST,2016,11427.0312,1102965925,80.512,41720.33,99.96,33.491,0.3551,12.062
Post-demographic dividend,PST,2017,11356.0868,1107159559,80.573,43357.0,99.97,34.449,0.4893,12.485
Post-demographic dividend,PST,2018,11434.3104,1111104033,80.641,45787.73,99.98,33.962,0.6255,12.858
Post-demographic dividend,PST,2019,11073.9973,1114895817,80.701,46125.75,99.99,34.058,0.6007,13.273
Post-demographic dividend,PST,2020,10081.3739,1117003860,80.739,45174.5,100.0,33.724,0.4399,14.428
Post-demographic dividend,PST,2021,10578.4779,1116578102,80.817,50433.55,100.0,34.123,1.3077,
Post-demographic dividend,PST,2022,10444.4388,1117420833,80.933,51597.02,100.0,34.059,,
Post-demographic dividend,PST,2023,9946.0073,1121263972,81.061,54507.22,100.0,33.965,,
Pre-demographic dividend,PRE,2000,271.6011,562071710,33.526,503.88,24.88,37.607,21.6674,78.33
Pre-demographic dividend,PRE,2001,291.7435,578214152,34.02,466.26,26.19,37.739,17.6198,77.556
Pre-demographic dividend,PRE,2002,276.7233,595728391,34.519,523.96,27.02,37.847,15.2494,77.734
Pre-demographic dividend,PRE,2003,279.3189,613871091,35.034,554.63,29.51,38.045,15.2551,78.538
Pre-demographic dividend,PRE,2004,291.1057,632030219,35.582,671.22,29.02,38.067,18.0388,77.935
Pre-demographic dividend,PRE,2005,291.6334,650889143,36.134,816.0,29.76,38.462,22.1303,78.081
Pre-demographic dividend,PRE,2006,286.3718,669788208,36.658,998.08,31.02,38.57,21.8903,78.109
Pre-demographic dividend,PRE,2007,278.6891,688282695,37.156,1174.15,32.35,38.724,21.7843,77.983
Pre-demographic dividend,PRE,2008,306.1912,708363596,37.67,1424.07,32.16,38.851,25.4958,77.047
Pre-demographic dividend,PRE,2009,310.6917,729873044,38.176,1253.05,32.24,39.07,16.0906,77.577
Pre-demographic dividend,PRE,2010,350.0939,751639870,38.663,1422.26,32.72,39.314,19.3048,75.714
Pre-demographic dividend,PRE,2011,374.096,774151525,39.155,1597.77,36.12,39.558,23.7102,74.653
Pre-demographic dividend,PRE,2012,395.4546,797555707,39.662,1687.91,37.5,41.814,21.7792,73.187
Pre-demographic dividend,PRE,2013,428.0823,821651825,40.181,1797.08,38.41,42.034,18.5799,72.233
Pre-demographic dividend,PRE,2014,439.5868,845885930,40.696,1849.27,39.89,42.21,16.1098,72.717
Pre-demographic dividend,PRE,2015,450.5748,869996107,41.193,1526.04,40.12,42.387,10.9453,73.34
Pre-demographic dividend,PRE,2016,482.045,894582467,41.669,1318.66,44.67,42.491,11.2944,72.843
Pre-demographic dividend,PRE,2017,492.6053,919835947,42.148,1341.56,44.36,42.638,14.4201,72.757
Pre-demographic dividend,PRE,2018,520.0764,945516605,42.617,1452.11,47.1,42.854,16.6166,71.907
Pre-demographic dividend,PRE,2019,547.1238,971459360,43.048,1682.65,47.58,42.944,13.4351,71.44
Pre-demographic dividend,PRE,2020,522.3588,997742595,43.498,1497.19,48.38,43.04,9.0804,73.329
Pre-demographic dividend,PRE,2021,572.3993,1024018110,43.967,1594.4,50.51,43.141,15.4305,
Pre-demographic dividend,PRE,2022,603.2307,1050180429,44.45,1769.19,51.1,43.24,,
Pre-demographic dividend,PRE,2023,608.4563,1077143557,44.945,1559.37,52.52,43.319,,
Puerto Rico (US),PRI,2000,25.184,3810605,94.404,16192.13,100.0,27.869,0.0,0.6
Puerto Rico (US),PRI,2001,24.8632,3818774,94.377,18123.2,100.0,26.46,0.0,0.5
Puerto Rico (US),PRI,2002,20.1436,3823701,94.322,18731.46,100.0,25.028,0.0,0.5
Puerto Rico (US),PRI,2003,26.1342,3826095,94.245,19557.12,100.0,24.307,0.0,0.5
Puerto Rico (US),PRI,2004,26.1826,3826878,94.154,20988.99,100.0,23.563,0.0,0.5
Puerto Rico (US),PRI,2005,26.3123,3821362,94.058,21959.32,100.0,22.818,0.0,0.6
Puerto Rico (US),PRI,2006,16.9684,3805214,93.964,22935.94,100.0,22.074,0.0,0.5
Puerto Rico (US),PRI,2007,17.9576,3782995,93.879,23664.88,100.0,21.308,0.0,0.5
Puerto Rico (US),PRI,2008,15.3966,3760866,93.811,24898.33,100.0,21.499,0.0,0.5
Puerto Rico (US),PRI,2009,13.9728,3740410,93.769,25768.73,100.0,21.68,0.0,0.5
Puerto Rico (US),PRI,2010,13.4337,3724465,93.759,26414.88,100.0,21.86,0.0,0.4
Puerto Rico (US),PRI,2011,11.6673,3693464,93.76,27170.08,100.0,22.041,0.0,0.7
Puerto Rico (US),PRI,2012,11.3375,3661045,93.763,27742.02,100.0,22.187,0.0,0.5
Puerto Rico (US),PRI,2013,10.9382,3631427,93.77,28212.05,100.0,21.669,0.0,1.4
Puerto Rico (US),PRI,2014,11.5116,3585017,93.781,28576.1,100.0,21.15,0.0,1.6
Puerto Rico (US),PRI,2015,12.0971,3535167,93.799,29242.04,100.0,20.631,0.0,1.9
Puerto Rico (US),PRI,2016,11.3493,3480432,93.823,29978.09,100.0,20.113,0.0,1.9
Puerto Rico (US),PRI,2017,11.6298,3410837,93.856,30328.48,100.0,19.594,0.0,2.3
Puerto Rico (US),PRI,2018,13.7156,3290690,93.899,30679.92,100.0,19.042,0.0,1.4
Puerto Rico (US),PRI,2019,12.6257,3302691,93.952,31830.53,100.0,19.042,0.0,2.4
Puerto Rico (US),PRI,2020,12.4658,3281591,94.012,31427.1,100.0,19.042,0.0,2.5
Puerto Rico (US),PRI,2021,12.6669,3262731,94.055,32618.87,100.0,19.042,0.0,2.6
Puerto Rico (US),PRI,2022,13.9178,3220148,94.111,35353.56,100.0,19.042,,2.5
Puerto Rico (US),PRI,2023,14.63,3203794,94.177,36980.77,100.0,19.042,,
Qatar,QAT,2000,31.7522,644989,96.294,27535.18,100.0,5.685,46.5713,0.1
Qatar,QAT,2001,32.4296,677925,96.467,25870.8,100.0,5.711,42.0793,0.1
Qatar,QAT,2002,36.2002,711205,96.642,27226.66,100.0,5.659,37.9054,0.1
Qatar,QAT,2003,38.2693,744682,96.831,31602.47,100.0,5.702,39.0219,0.0
Qatar,QAT,2004,41.1694,773332,97.047,41035.5,100.0,5.616,39.9026,0.0
Qatar,QAT,2005,43.56,825408,97.302,53949.68,100.0,5.564,43.6208,0.0
Qatar,QAT,2006,48.987,972831,97.583,62582.45,100.0,5.624,39.1119,0.1
Qatar,QAT,2007,56.1475,1208595,97.866,65954.11,100.0,5.685,35.6959,0.1
Qatar,QAT,2008,61.8584,1426938,98.13,80781.21,100.0,5.745,36.928,0.1
Qatar,QAT,2009,63.9748,1608903,98.349,60785.74,100.0,5.805,29.0898,0.1
Qatar,QAT,2010,72.2126,1616832,98.507,77387.29,100.0,5.866,32.4299,0.1
Qatar,QAT,2011,83.1847,1624761,98.63,103261.51,100.0,5.926,36.7182,0.1
Qatar,QAT,2012,92.3214,1722438,98.743,108470.38,100.0,5.986,35.1062,0.0
Qatar,QAT,2013,102.1334,1916426,98.836,103697.01,100.0,6.047,32.0634,0.0
Qatar,QAT,2014,110.7647,2151745,98.902,95840.63,100.0,6.179,27.6978,0.0
Qatar,QAT,2015,114.0841,2344557,98.938,68985.29,100.0,6.179,19.0641,0.0
Qatar,QAT,2016,114.0546,2477113,98.986,61253.64,100.0,6.179,15.9818,0.1
Qatar,QAT,2017,114.1057,2545820,99.031,63279.86,100.0,6.266,18.8987,0.1
Qatar,QAT,2018,114.8966,2580734,99.076,71039.85,100.0,6.44,23.9995,0.0
Qatar,QAT,2019,117.6635,2638657,99.119,66841.3,100.0,6.44,22.374,0.1
Qatar,QAT,2020,115.3371,2794148,99.162,51683.51,100.0,6.44,20.226,0.0
Qatar,QAT,2021,118.4421,2504910,99.203,71751.88,100.0,6.44,27.2898,0.0
Qatar,QAT,2022,120.1007,2657333,99.244,88701.46,100.0,6.44,,
Qatar,QAT,2023,129.1964,2656032,99.284,80195.87,100.0,6.44,,
Romania,ROU,2000,97.504,22442971,52.862,1659.93,94.4,64.677,3.4612,16.4
Romania,ROU,2001,104.4084,22131970,52.765,1825.19,94.6,64.42,3.5082,13.4
Romania,ROU,2002,103.3991,21730496,52.747,2119.86,94.9,64.463,2.7112,14.4
Romania,ROU,2003,107.8474,21574326,52.802,2679.41,95.1,64.362,2.4645,15.7
Romania,ROU,2004,105.5802,21451748,52.918,3494.99,95.3,61.435,2.4271,17.3
Romania,ROU,2005,104.4913,21319685,53.075,4618.0,95.6,61.658,1.9813,18.5
Romania,ROU,2006,110.842,21193760,53.257,5757.53,95.9,61.044,2.0775,17.4
Romania,ROU,2007,107.0884,20882982,53.447,8360.34,96.1,59.289,1.6328,18.2
Romania,ROU,2008,105.3697,20537875,53.63,10435.16,96.5,59.304,2.123,20.4
Romania,ROU,2009,85.692,20367487,53.788,8548.45,96.8,59.206,1.4355,22.1
Romania,ROU,2010,83.3446,20246871,53.904,8399.54,97.1,61.534,1.7135,24.1
Romania,ROU,2011,89.8189,20147528,53.961,9560.68,97.4,60.746,2.2882,21.1
Romania,ROU,2012,87.6338,20058035,53.956,8929.95,97.8,59.704,2.1883,21.5
Romania,ROU,2013,79.5312,19983693,53.91,9497.67,98.1,60.449,1.876,23.1
Romania,ROU,2014,78.9902,19908979,53.827,10031.77,98.4,60.11,1.5102,24.3
Romania,ROU,2015,80.304,19815616,53.707,8977.02,98.8,60.231,0.976,23.7
Romania,ROU,2016,78.7065,19702267,53.553,9404.54,99.1,58.767,0.689,24.4
Romania,ROU,2017,81.7983,19588715,53.365,10727.98,100.0,58.145,0.8849,23.4
Romania,ROU,2018,83.0019,19473970,53.145,12416.13,99.8,58.301,1.0703,23.0
Romania,ROU,2019,81.1522,19371648,52.893,12909.61,100.0,60.092,0.7983,23.5
Romania,ROU,2020,75.7011,19265250,52.612,13009.15,100.0,56.715,0.509,24.1
Romania,ROU,2021,80.7465,19122059,52.232,14908.04,100.0,56.845,1.1444,23.6
Romania,ROU,2022,75.6755,19048502,52.163,15503.47,100.0,55.103,,
Romania,ROU,2023,70.2532,19061062,52.165,18244.42,100.0,55.263,,
Russian Federation,RUS,2000,1681.1521,146596869,73.157,1771.59,97.8,13.257,21.5027,3.5
Russian Federation,RUS,2001,1684.2768,145976482,73.23,2100.35,97.9,13.239,19.5086,3.6
Russian Federation,RUS,2002,1675.2947,145306497,73.293,2377.53,97.9,13.226,16.9812,3.5
Russian Federation,RUS,2003,1737.2524,144648618,73.406,2975.12,97.9,13.203,16.8228,3.3
Russian Federation,RUS,2004,1738.8704,144067316,73.307,4102.36,98.0,13.185,16.4102,3.5
Russian Federation,RUS,2005,1739.3021,143518814,73.161,5323.46,98.0,13.166,17.4166,3.6
Russian Federation,RUS,2006,1776.1969,143049637,73.244,6920.2,98.1,13.157,18.038,3.5
Russian Federation,RUS,2007,1779.046,142805114,73.386,9101.24,98.2,13.156,15.7871,3.7
Russian Federation,RUS,2008,1764.3555,142742366,73.482,11635.28,98.3,13.158,19.105,3.3
Russian Federation,RUS,2009,1662.1017,142785348,73.529,8562.82,98.4,13.158,14.4591,3.6
Russian Federation,RUS,2010,1746.8968,142849468,73.67,10674.99,99.3,13.158,13.6767,3.3
Russian Federation,RUS,2011,1832.6123,143018195,73.853,14305.33,99.2,13.158,16.2676,3.2
Russian Federation,RUS,2012,1819.802,143378447,73.973,15401.85,100.0,13.158,14.2934,3.2
Russian Federation,RUS,2013,1764.2472,143805638,74.076,15941.45,100.0,13.158,12.7999,3.6
Russian Federation,RUS,2014,1750.1989,144237223,74.178,14055.47,100.0,13.158,12.4272,3.3
Russian Federation,RUS,2015,1757.1139,144640716,74.276,9277.71,95.5,13.158,9.7617,3.2
Russian Federation,RUS,2016,1734.6382,145015460,74.37,8663.16,99.4,13.158,8.1942,3.4
Russian Federation,RUS,2017,1763.2401,145293260,74.46,10658.91,100.0,13.158,9.7155,3.2
Russian Federation,RUS,2018,1831.1328,145398106,74.544,11211.89,100.0,13.158,14.4735,3.2
Russian Federation,RUS,2019,1858.002,145453291,74.622,11447.7,99.8,13.158,12.2071,3.2
Russian Federation,RUS,2020,1784.1991,145245148,74.693,10108.33,99.9,13.158,7.5881,3.7
Russian Federation,RUS,2021,1938.4596,144746762,74.752,12425.03,100.0,13.158,18.5109,3.5
Russian Federation,RUS,2022,1895.4729,144236933,74.854,15625.63,100.0,13.158,,
Russian Federation,RUS,2023,1948.3024,143826130,74.981,13987.0,100.0,13.171,,
Rwanda,RWA,2000,0.6805,8213931,15.78,251.87,6.2,74.017,5.035,86.8
Rwanda,RWA,2001,0.6956,8287094,16.549,237.31,4.7,76.895,5.3751,86.9
Rwanda,RWA,2002,0.8185,8400180,16.878,234.04,6.0,76.53,6.4378,87.1
Rwanda,RWA,2003,0.7085,8586875,16.895,249.01,7.4,76.449,9.0768,87.3
Rwanda,RWA,2004,0.6867,8816844,16.902,269.54,8.7,76.328,7.0204,87.6
Rwanda,RWA,2005,0.7419,9054528,16.907,324.02,4.8,76.246,5.957,89.2
Rwanda,RWA,2006,0.7446,9299246,16.911,352.09,11.4,76.368,5.2965,90.6
Rwanda,RWA,2007,0.6778,9549933,16.914,420.73,12.8,76.125,6.2257,90.3
Rwanda,RWA,2008,0.6778,9804269,16.917,522.29,6.0,76.206,8.3058,90.6
Rwanda,RWA,2009,0.6965,10060432,16.921,556.97,15.6,77.26,6.9354,90.5
Rwanda,RWA,2010,0.7312,10317553,16.926,586.6,9.7,77.908,6.4866,90.5
Rwanda,RWA,2011,0.7618,10573733,16.932,643.36,10.8,78.76,6.9957,89.7
Rwanda,RWA,2012,0.8472,10829901,16.941,697.76,17.5,79.408,6.3942,88.8
Rwanda,RWA,2013,0.9431,11093340,17.074,695.4,15.2,80.259,6.5048,88.5
Rwanda,RWA,2014,0.9592,11364757,17.502,715.37,19.8,81.313,6.4522,88.0
Rwanda,RWA,2015,1.1072,11640022,18.195,725.69,22.8,81.354,5.7781,86.3
Rwanda,RWA,2016,1.2106,11919183,19.121,721.26,29.4,81.273,5.9986,85.5
Rwanda,RWA,2017,1.3115,12202060,20.248,751.05,34.1,81.273,6.0149,84.5
Rwanda,RWA,2018,1.4591,12487996,21.542,772.75,38.0,79.003,4.7139,82.8
Rwanda,RWA,2019,1.5151,12776103,22.971,823.36,46.6,77.179,3.8171,81.8
Rwanda,RWA,2020,1.4554,13065837,24.503,802.64,45.2,79.392,4.1048,81.7
Rwanda,RWA,2021,1.7066,13355260,26.105,842.58,48.7,81.251,4.0172,79.4
Rwanda,RWA,2022,2.2012,13651030,27.781,1007.06,50.6,80.037,,79.9
Rwanda,RWA,2023,2.2883,13954471,28.856,1061.06,63.9,76.333,,
Samoa,WSM,2000,0.186,181685,21.953,1424.75,88.0,16.961,0.4711,59.7
Samoa,WSM,2001,0.2009,183166,21.975,1453.87,88.7,16.961,0.551,52.4
Samoa,WSM,2002,0.2076,184471,21.943,1527.56,89.3,16.608,0.5677,49.6
Samoa,WSM,2003,0.2143,185430,21.781,1798.12,89.9,15.901,0.5582,52.4
Samoa,WSM,2004,0.2106,186249,21.528,2189.26,90.5,15.194,0.4033,48.8
Samoa,WSM,2005,0.2178,186978,21.235,2550.04,91.1,14.841,0.3113,48.9
Samoa,WSM,2006,0.2187,187709,20.957,2663.29,96.4,14.205,0.2593,46.0
Samoa,WSM,2007,0.2381,188753,20.694,3038.62,92.5,13.604,0.3306,43.2
Samoa,WSM,2008,0.2442,190107,20.404,3373.61,98.1,13.074,0.4683,45.0
Samoa,WSM,2009,0.2482,191513,20.105,3279.18,97.9,12.332,0.4435,43.2
Samoa,WSM,2010,0.2631,193023,19.83,3524.25,96.4,14.664,0.4106,41.9
Samoa,WSM,2011,0.2677,194713,19.617,3821.51,96.7,16.961,0.4791,40.6
Samoa,WSM,2012,0.2681,196498,19.479,3934.6,96.8,19.258,0.3965,40.2
Samoa,WSM,2013,0.2788,198268,19.387,4023.53,97.0,21.555,0.3545,42.6
Samoa,WSM,2014,0.2865,200037,19.313,3982.68,97.9,23.852,0.5144,41.4
Samoa,WSM,2015,0.3288,201782,19.234,4084.36,98.2,26.721,0.385,37.1
Samoa,WSM,2016,0.3542,203499,19.126,4147.07,98.9,24.314,0.4254,36.8
Samoa,WSM,2017,0.3165,205415,18.966,4307.59,96.8,22.302,0.4825,35.8
Samoa,WSM,2018,0.3447,207582,18.724,4231.81,99.8,19.845,0.2647,36.6
Samoa,WSM,2019,0.3735,209780,18.415,4351.94,99.2,17.773,0.2323,34.2
Samoa,WSM,2020,0.3132,211944,18.052,4099.6,100.0,17.773,0.3016,35.6
Samoa,WSM,2021,0.3435,213779,17.567,4021.56,98.3,17.773,0.2803,36.0
Samoa,WSM,2022,0.3324,215261,17.501,4132.45,98.3,17.773,,35.9
Samoa,WSM,2023,0.3333,216663,17.501,4822.74,100.0,17.565,,
San Marino,SMR,2000,,26799,93.771,37600.7,100.0,16.667,0.0,
San Marino,SMR,2001,,27143,93.9,39035.1,100.0,16.667,0.0,
San Marino,SMR,2002,,27491,93.949,41790.84,100.0,16.667,0.0,
San Marino,SMR,2003,,27843,94.0,52529.91,100.0,16.667,0.0,
San Marino,SMR,2004,,29457,94.214,58232.04,100.0,16.667,0.0,
San Marino,SMR,2005,,29836,94.645,59877.79,100.0,16.667,0.0,
San Marino,SMR,2006,,30184,95.208,63270.8,100.0,16.667,0.0,
San Marino,SMR,2007,,31211,95.818,70124.42,100.0,16.667,0.0,
San Marino,SMR,2008,,31662,96.39,75902.17,100.0,16.667,0.0,
San Marino,SMR,2009,,33066,96.839,62429.02,100.0,16.667,0.0,
San Marino,SMR,2010,,33270,97.075,56543.19,100.0,16.667,0.0,
San Marino,SMR,2011,,32620,97.1,55601.4,100.0,16.667,0.0,
San Marino,SMR,2012,,33469,97.1,47945.89,100.0,16.667,0.0,
San Marino,SMR,2013,,33041,97.1,50807.82,100.0,16.667,0.0,
San Marino,SMR,2014,,32655,97.1,51260.48,100.0,16.667,0.0,
San Marino,SMR,2015,,32897,97.1,43146.8,100.0,38.333,0.0,
San Marino,SMR,2016,,33101,97.1,44359.46,100.0,38.333,0.0,
San Marino,SMR,2017,,33825,97.1,45192.05,100.0,38.333,0.0,
San Marino,SMR,2018,,34522,97.1,47950.71,100.0,38.333,0.0,
San Marino,SMR,2019,,34663,97.1,46627.0,100.0,38.333,0.0,
San Marino,SMR,2020,,34770,97.1,44426.63,100.0,38.333,0.0,
San Marino,SMR,2021,,34252,97.104,54168.97,100.0,38.333,,
San Marino,SMR,2022,,33755,97.114,54264.58,100.0,38.333,,
San Marino,SMR,2023,,33860,97.132,59871.33,100.0,38.333,,
Sao Tome and Principe,STP,2000,0.0547,144018,52.966,529.09,52.9,37.5,,54.7
Sao Tome and Principe,STP,2001,0.0558,146375,53.961,518.88,51.5,37.5,2.9785,55.5
Sao Tome and Principe,STP,2002,0.0644,149922,55.088,568.1,52.5,37.5,3.2043,55.3
Sao Tome and Principe,STP,2003,0.073,153814,56.413,663.7,53.6,37.5,4.0063,51.8
Sao Tome and Principe,STP,2004,0.0826,157705,57.877,726.56,54.7,36.458,3.0585,48.9
Sao Tome and Principe,STP,2005,0.0893,161639,59.419,844.17,55.8,35.417,2.7452,47.9
Sao Tome and Principe,STP,2006,0.0952,165638,60.973,861.97,56.9,35.417,2.6849,47.3
Sao Tome and Principe,STP,2007,0.0978,169700,62.478,878.89,58.0,35.417,3.6215,47.7
Sao Tome and Principe,STP,2008,0.1047,173793,63.869,1081.87,59.1,35.417,3.5183,46.0
Sao Tome and Principe,STP,2009,0.1146,177853,65.083,1128.28,56.9,35.417,3.5092,45.4
Sao Tome and Principe,STP,2010,0.1236,181802,66.057,1045.21,61.4,34.375,3.9744,38.2
Sao Tome and Principe,STP,2011,0.1273,185649,66.728,1219.8,62.6,35.417,3.8222,42.4
Sao Tome and Principe,STP,2012,0.1328,189439,67.034,1210.79,57.9,36.458,3.8174,40.1
Sao Tome and Principe,STP,2013,0.1334,193148,67.131,1382.58,65.0,36.458,3.339,42.8
Sao Tome and Principe,STP,2014,0.1316,196767,67.261,1489.68,68.6,38.542,3.0472,38.4
Sao Tome and Principe,STP,2015,0.1407,200291,67.392,1298.11,67.3,38.542,3.4129,39.2
Sao Tome and Principe,STP,2016,0.1464,203689,67.522,1434.87,69.4,41.667,3.2753,38.1
Sao Tome and Principe,STP,2017,0.1491,206970,67.652,1555.79,74.3,42.708,3.1524,39.2
Sao Tome and Principe,STP,2018,0.1525,210187,67.783,1825.6,71.0,43.75,2.3369,40.6
Sao Tome and Principe,STP,2019,0.1591,213392,67.913,1935.29,75.1,43.75,2.0466,38.6
Sao Tome and Principe,STP,2020,0.1541,217435,68.044,2167.22,76.8,43.75,1.9802,41.6
Sao Tome and Principe,STP,2021,0.1583,221961,68.174,2362.59,78.5,44.792,1.8844,40.8
Sao Tome and Principe,STP,2022,0.1412,226305,68.372,2389.74,78.0,44.792,,42.5
Sao Tome and Principe,STP,2023,0.1456,230871,68.604,2990.66,81.3,44.792,,
Saudi Arabia,SAU,2000,265.2402,16177722,79.97,11714.56,100.0,80.849,42.6688,0.0
Saudi Arabia,SAU,2001,275.7907,17041397,80.155,10805.31,100.0,80.844,34.5969,0.0
Saudi Arabia,SAU,2002,293.7233,17910910,80.344,10586.05,100.0,80.84,32.438,0.0
Saudi Arabia,SAU,2003,308.3271,18786767,80.541,11487.22,100.0,80.838,38.0176,0.0
Saudi Arabia,SAU,2004,327.0192,19669480,80.754,13154.5,100.0,80.839,43.6225,0.0
Saudi Arabia,SAU,2005,346.3837,20559890,80.978,15975.75,100.0,80.838,49.9329,0.0
Saudi Arabia,SAU,2006,366.7435,21459144,81.201,17563.61,100.0,80.837,50.7561,0.0
Saudi Arabia,SAU,2007,387.8798,22368313,81.423,18596.15,100.0,80.835,48.4726,0.0
Saudi Arabia,SAU,2008,420.4933,23287877,81.644,22320.49,100.0,80.833,55.0244,0.0
Saudi Arabia,SAU,2009,444.0201,24217654,81.864,17718.39,100.0,80.831,35.7727,0.0
Saudi Arabia,SAU,2010,486.877,23978487,82.079,22028.39,100.0,80.821,38.8835,0.0
Saudi Arabia,SAU,2011,509.215,25091867,82.254,27126.75,100.0,80.818,50.2036,0.0
Saudi Arabia,SAU,2012,539.3427,26168861,82.431,28733.44,100.0,80.813,48.5007,0.0
Saudi Arabia,SAU,2013,547.1964,27624004,82.607,27865.47,100.0,80.808,45.5309,0.0
Saudi Arabia,SAU,2014,585.9278,28309273,82.782,27805.49,100.0,80.766,41.3384,0.0
Saudi Arabia,SAU,2015,611.4483,29816382,82.956,23256.15,100.0,80.763,24.8553,0.0
Saudi Arabia,SAU,2016,609.5099,30954198,83.129,22267.72,99.9,80.76,20.735,0.0
Saudi Arabia,SAU,2017,603.3295,30977355,83.301,23929.29,100.0,80.759,24.4866,0.0
Saudi Arabia,SAU,2018,580.0429,30196281,83.471,29360.07,99.9,80.758,29.2707,0.0
Saudi Arabia,SAU,2019,579.8088,30063799,83.639,29566.79,100.0,80.764,25.4532,0.0
Saudi Arabia,SAU,2020,577.1045,31552510,83.806,24338.83,100.0,80.773,17.3184,0.1
Saudi Arabia,SAU,2021,590.321,30784383,83.972,31920.77,100.0,80.773,25.5652,0.1
Saudi Arabia,SAU,2022,620.4308,32175224,84.135,38510.23,100.0,80.773,,
Saudi Arabia,SAU,2023,635.4338,33702731,84.296,36156.86,100.0,80.773,,
Senegal,SEN,2000,3.9891,9968260,40.667,603.23,37.7,46.886,2.3081,47.5
Senegal,SEN,2001,4.5133,10212942,40.876,637.21,38.9,45.702,2.0598,45.8
Senegal,SEN,2002,4.6805,10466214,41.108,669.43,36.8,45.447,2.2895,43.8
Senegal,SEN,2003,4.5437,10721176,41.359,817.89,41.9,44.835,2.6848,43.7
Senegal,SEN,2004,5.177,10975704,41.625,918.1,36.8,45.12,1.9716,39.9
Senegal,SEN,2005,5.7486,11235472,41.906,979.85,47.1,45.583,1.9916,40.3
Senegal,SEN,2006,5.6142,11500094,42.205,1017.2,49.9,44.097,1.9932,43.4
Senegal,SEN,2007,6.2195,11770344,42.524,1188.94,48.1,44.165,2.3035,40.0
Senegal,SEN,2008,6.4443,12048959,42.868,1398.79,49.7,48.174,3.0724,39.8
Senegal,SEN,2009,6.593,12337389,43.238,1308.69,53.5,48.19,3.8344,51.3
Senegal,SEN,2010,6.9781,12635413,43.637,1275.88,56.5,48.19,2.976,49.5
Senegal,SEN,2011,7.479,12958897,44.069,1374.68,56.5,46.564,3.6496,48.0
Senegal,SEN,2012,7.3641,13310495,44.536,1326.84,56.5,46.564,4.864,49.6
Senegal,SEN,2013,7.8409,13710849,45.04,1379.83,57.0,46.58,3.4244,42.7
Senegal,SEN,2014,8.3827,14152102,45.602,1398.89,61.0,46.601,3.1569,42.5
Senegal,SEN,2015,9.2184,14593331,46.275,1218.01,60.5,48.45,3.4791,39.1
Senegal,SEN,2016,10.2971,15034521,47.055,1266.44,64.5,48.242,3.9796,36.7
Senegal,SEN,2017,10.2029,15475002,47.934,1354.77,61.7,48.424,3.2123,36.8
Senegal,SEN,2018,10.7355,15914498,48.9,1452.56,66.0,48.605,2.8866,34.2
Senegal,SEN,2019,11.0288,16352922,49.944,1431.18,70.4,48.798,2.7599,36.2
Senegal,SEN,2020,10.8149,16789219,51.056,1461.09,64.3,48.979,2.8696,38.7
Senegal,SEN,2021,13.1241,17220867,52.226,1598.11,68.0,49.4,4.4016,35.4
Senegal,SEN,2022,14.5438,17651103,53.444,1574.03,67.9,49.4,,
Senegal,SEN,2023,13.717,18077573,54.699,1698.03,74.2,49.4,,
Serbia,SRB,2000,,7516346,55.592,974.73,99.9,,2.3327,22.1
Serbia,SRB,2001,,7503433,56.048,1812.42,99.8,,1.5024,19.6
Serbia,SRB,2002,,7500031,56.463,2390.73,100.0,,0.6287,18.0
Serbia,SRB,2003,,7480591,56.878,3153.9,99.7,,0.536,15.7
Serbia,SRB,2004,,7463157,57.314,3597.09,99.6,,1.7538,14.6
Serbia,SRB,2005,,7440769,57.751,3807.97,99.7,,1.2435,16.1
Serbia,SRB,2006,,7411569,58.171,4492.71,99.6,40.441,1.5008,15.3
Serbia,SRB,2007,,7381579,58.558,6081.09,99.6,40.852,1.5542,14.0
Serbia,SRB,2008,,7350222,58.894,7376.74,99.6,41.203,2.851,15.5
Serbia,SRB,2009,,7320807,59.164,6414.04,99.6,40.224,1.2942,20.7
Serbia,SRB,2010,,7291436,59.351,5970.93,99.7,40.265,2.5107,20.5
Serbia,SRB,2011,,7236519,59.435,7082.29,99.7,40.341,3.3504,17.4
Serbia,SRB,2012,,7201497,59.347,6263.04,99.8,39.591,2.7748,19.5
Serbia,SRB,2013,,7166553,59.611,7040.42,99.9,39.918,2.0596,20.0
Serbia,SRB,2014,,7131787,59.878,6886.68,99.7,40.091,1.8944,23.2
Serbia,SRB,2015,,7095383,60.139,5820.32,99.9,39.801,1.2772,21.2
Serbia,SRB,2016,,7058322,60.385,5982.37,99.9,39.515,1.1716,20.9
Serbia,SRB,2017,,7020858,60.621,6548.04,100.0,39.092,1.5226,20.0
Serbia,SRB,2018,,6982604,60.843,7559.86,100.0,39.607,1.5407,21.0
Serbia,SRB,2019,,6945235,61.049,7755.63,99.8,39.561,1.1946,21.4
Serbia,SRB,2020,,6899126,61.223,8098.71,100.0,41.408,0.9476,26.0
Serbia,SRB,2021,,6834326,61.364,9680.53,100.0,41.444,1.7463,27.2
Serbia,SRB,2022,,6664449,61.901,10024.82,100.0,41.253,,
Serbia,SRB,2023,,6623183,62.143,12281.71,100.0,40.385,,
Seychelles,SYC,2000,0.7545,81131,43.397,8063.66,94.1,8.696,0.1068,1.5
Seychelles,SYC,2001,0.8382,81202,43.217,8153.3,94.4,8.696,0.1009,1.3
Seychelles,SYC,2002,0.7586,83723,43.095,8864.17,96.1,8.696,0.1048,1.1
Seychelles,SYC,2003,0.7652,82781,43.005,9070.28,94.9,8.696,0.1184,1.1
Seychelles,SYC,2004,1.0615,82475,42.924,10827.67,95.2,8.696,0.0656,1.0
Seychelles,SYC,2005,0.9643,82858,42.851,11802.11,95.5,8.696,0.0909,0.9
Seychelles,SYC,2006,1.0495,84600,42.788,12782.99,99.0,8.696,0.1028,0.9
Seychelles,SYC,2007,0.8675,85033,42.736,12669.3,96.1,6.522,0.1087,1.0
Seychelles,SYC,2008,0.9212,86956,42.697,11265.44,96.5,6.522,0.1785,0.9
Seychelles,SYC,2009,1.0202,87298,42.671,9747.09,96.8,6.304,0.161,0.8
Seychelles,SYC,2010,0.917,89770,42.66,10934.79,97.0,5.217,0.147,0.7
Seychelles,SYC,2011,0.7817,87441,42.674,12110.09,98.1,3.261,0.1498,0.8
Seychelles,SYC,2012,0.8866,88303,42.726,12337.16,98.3,3.261,0.1645,0.8
Seychelles,SYC,2013,0.8023,89949,42.815,14821.29,98.0,3.37,0.1369,1.5
Seychelles,SYC,2014,0.9261,91359,42.939,15188.19,100.0,3.37,0.1225,1.4
Seychelles,SYC,2015,0.9868,93419,43.095,15333.11,100.0,3.37,0.1001,1.4
Seychelles,SYC,2016,1.1003,94677,43.282,16566.99,100.0,3.37,0.099,1.2
Seychelles,SYC,2017,1.1528,95843,43.497,17480.37,100.0,3.37,0.1167,1.2
Seychelles,SYC,2018,1.0053,96762,43.739,18440.23,100.0,3.37,0.1215,1.2
Seychelles,SYC,2019,0.8948,97625,44.005,19141.51,100.0,3.37,0.0975,1.2
Seychelles,SYC,2020,0.8388,98462,44.294,14041.48,100.0,3.37,0.1315,1.3
Seychelles,SYC,2021,0.7882,99258,44.603,14982.91,100.0,3.37,0.1206,1.7
Seychelles,SYC,2022,0.8424,119878,44.911,16682.7,100.0,3.37,,1.9
Seychelles,SYC,2023,0.8395,119773,45.097,18130.53,100.0,3.37,,
Sierra Leone,SLE,2000,0.4316,4423611,35.533,143.74,7.7,38.93,14.2567,93.3
Sierra Leone,SLE,2001,0.5494,4692716,35.764,358.32,8.5,41.584,8.0523,91.2
Sierra Leone,SLE,2002,0.5798,4971435,36.008,389.0,9.2,44.75,8.4355,88.0
Sierra Leone,SLE,2003,0.6169,5177687,36.269,413.82,9.9,49.414,12.8768,86.5
Sierra Leone,SLE,2004,0.6125,5355717,36.549,417.75,16.8,52.268,11.1023,86.5
Sierra Leone,SLE,2005,0.5675,5501712,36.849,462.63,11.3,52.813,9.902,88.1
Sierra Leone,SLE,2006,0.7116,5624466,37.17,580.27,12.2,55.831,9.4272,84.4
Sierra Leone,SLE,2007,0.6672,5749352,37.512,631.89,13.0,50.204,12.2555,86.3
Sierra Leone,SLE,2008,0.6468,5894722,37.873,705.36,12.1,51.43,11.6116,86.0
Sierra Leone,SLE,2009,0.6527,6055646,38.25,652.85,14.6,52.66,12.2692,86.1
Sierra Leone,SLE,2010,0.7103,6222714,38.642,685.04,11.5,54.452,10.5289,84.9
Sierra Leone,SLE,2011,0.8684,6387251,39.047,761.15,14.2,55.661,10.987,81.0
Sierra Leone,SLE,2012,0.9744,6551080,39.464,937.5,17.2,53.154,9.7705,79.1
Sierra Leone,SLE,2013,1.1227,6714051,39.892,1117.47,13.5,54.706,7.2269,74.6
Sierra Leone,SLE,2014,1.207,6876385,40.327,1117.76,18.8,54.71,8.0277,73.0
Sierra Leone,SLE,2015,1.0224,7037655,40.767,964.58,19.7,54.71,10.5714,74.0
Sierra Leone,SLE,2016,1.0587,7205328,41.229,844.42,20.3,54.71,14.6733,73.6
Sierra Leone,SLE,2017,1.0446,7379299,41.711,779.19,23.4,54.71,14.9365,74.6
Sierra Leone,SLE,2018,1.2108,7554563,42.201,845.91,26.1,54.71,8.5553,75.9
Sierra Leone,SLE,2019,1.2073,7731991,42.702,843.71,22.7,54.71,7.4908,75.4
Sierra Leone,SLE,2020,1.2307,7912558,43.213,845.28,26.3,54.71,8.2298,75.1
Sierra Leone,SLE,2021,1.4724,8094602,43.735,885.4,27.5,54.71,9.037,71.1
Sierra Leone,SLE,2022,1.4668,8276807,44.267,860.37,29.4,54.71,,71.6
Sierra Leone,SLE,2023,1.4104,8460512,44.809,758.33,35.5,54.71,,
Singapore,SGP,2000,45.5193,4027887,100.0,23852.84,100.0,1.791,0.0003,0.3
Singapore,SGP,2001,45.9066,4138012,100.0,21699.74,100.0,1.791,0.0004,0.6
Singapore,SGP,2002,45.2172,4175950,100.0,22159.84,100.0,1.778,0.0004,0.6
Singapore,SGP,2003,42.4426,4114826,100.0,23730.38,100.0,1.164,0.0006,0.6
Singapore,SGP,2004,44.523,4166664,100.0,27608.08,100.0,1.161,0.0006,0.5
Singapore,SGP,2005,41.7315,4265762,100.0,29961.32,100.0,1.103,0.0005,0.5
Singapore,SGP,2006,41.9694,4401365,100.0,33768.45,100.0,1.081,0.0037,0.5
Singapore,SGP,2007,43.3583,4588599,100.0,39432.89,100.0,1.151,0.0069,0.5
Singapore,SGP,2008,42.9155,4839396,100.0,40008.57,100.0,1.0,0.0254,0.5
Singapore,SGP,2009,43.7607,4987573,100.0,38926.81,100.0,1.0,0.0068,0.5
Singapore,SGP,2010,48.8859,5076732,100.0,47236.68,100.0,1.054,0.0385,0.5
Singapore,SGP,2011,51.3367,5183688,100.0,53891.46,100.0,1.037,0.1543,0.5
Singapore,SGP,2012,50.1515,5312437,100.0,55547.56,100.0,1.034,0.1433,0.5
Singapore,SGP,2013,52.6259,5399162,100.0,56967.43,100.0,0.948,0.1195,0.6
Singapore,SGP,2014,53.8631,5469724,100.0,57564.8,100.0,0.931,0.1049,0.6
Singapore,SGP,2015,55.1746,5535002,100.0,55645.61,100.0,0.931,0.0344,0.7
Singapore,SGP,2016,52.9724,5607283,100.0,57204.03,100.0,0.931,0.0294,0.7
Singapore,SGP,2017,56.8881,5612253,100.0,61436.13,100.0,0.927,0.0005,0.7
Singapore,SGP,2018,54.2117,5638676,100.0,67032.82,100.0,0.924,0.0002,0.8
Singapore,SGP,2019,55.8876,5703569,100.0,66068.7,100.0,0.922,0.0002,0.9
Singapore,SGP,2020,53.8768,5685807,100.0,61772.5,100.0,0.919,0.0002,0.9
Singapore,SGP,2021,55.7179,5453566,100.0,80884.86,100.0,0.919,0.0002,1.1
Singapore,SGP,2022,56.3467,5637022,100.0,91227.7,100.0,0.919,,
Singapore,SGP,2023,56.1013,5917648,100.0,86382.59,100.0,0.919,,
Sint Maarten (Dutch part),SXM,2000,,30773,100.0,,100.0,,,
Sint Maarten (Dutch part),SXM,2001,,30726,100.0,,99.9,,,
Sint Maarten (Dutch part),SXM,2002,,30960,100.0,,99.9,,,
Sint Maarten (Dutch part),SXM,2003,,31327,100.0,,99.8,,,
Sint Maarten (Dutch part),SXM,2004,,31690,100.0,,99.8,,,
Sint Maarten (Dutch part),SXM,2005,,32057,100.0,,99.7,,,
Sint Maarten (Dutch part),SXM,2006,,32428,100.0,,99.7,,,
Sint Maarten (Dutch part),SXM,2007,,32791,100.0,,99.7,,,
Sint Maarten (Dutch part),SXM,2008,,33145,100.0,,99.7,,,
Sint Maarten (Dutch part),SXM,2009,,33491,100.0,25528.41,99.7,,,
Sint Maarten (Dutch part),SXM,2010,,33794,100.0,26403.81,100.0,,,
Sint Maarten (Dutch part),SXM,2011,,34267,100.0,27317.52,100.0,,0.0,
Sint Maarten (Dutch part),SXM,2012,,35023,100.0,28149.1,100.0,,0.0,0.0
Sint Maarten (Dutch part),SXM,2013,,35854,100.0,28529.73,100.0,,0.0,0.0
Sint Maarten (Dutch part),SXM,2014,,36672,100.0,37134.91,100.0,,0.0,0.0
Sint Maarten (Dutch part),SXM,2015,,37471,100.0,37839.63,100.0,,0.0,0.0
Sint Maarten (Dutch part),SXM,2016,,38249,100.0,37308.61,100.0,,0.0,0.0
Sint Maarten (Dutch part),SXM,2017,,38996,100.0,34701.31,100.0,,0.0,0.0
Sint Maarten (Dutch part),SXM,2018,,39712,100.0,31708.31,100.0,,0.0,0.0
Sint Maarten (Dutch part),SXM,2019,,40385,100.0,34861.47,100.0,,,0.0
Sint Maarten (Dutch part),SXM,2020,,41008,100.0,30150.9,100.0,,,0.0
Sint Maarten (Dutch part),SXM,2021,,41571,100.0,32548.44,100.0,,,0.0
Sint Maarten (Dutch part),SXM,2022,,42139,100.0,37793.13,100.0,,,0.0
Sint Maarten (Dutch part),SXM,2023,,42749,100.0,39451.82,100.0,,,
Slovak Republic,SVK,2000,41.6845,5388720,56.106,3827.73,100.0,50.728,0.4048,3.7
Slovak Republic,SVK,2001,41.9785,5378867,55.997,3974.37,100.0,46.881,0.3594,6.0
Slovak Republic,SVK,2002,41.9516,5376912,55.878,4606.39,100.0,46.507,0.2572,5.5
Slovak Republic,SVK,2003,42.396,5373374,55.739,6283.15,100.0,46.477,0.2566,5.3
Slovak Republic,SVK,2004,41.8399,5372280,55.584,7996.74,100.0,40.208,0.3005,6.2
Slovak Republic,SVK,2005,42.2444,5372807,55.419,9087.2,99.9,40.353,0.3204,6.3
Slovak Republic,SVK,2006,42.2564,5373054,55.246,10629.18,99.9,40.312,0.2954,6.6
Slovak Republic,SVK,2007,41.335,5374622,55.071,14330.21,100.0,40.125,0.32,8.2
Slovak Republic,SVK,2008,41.1622,5379233,54.896,17973.84,100.0,40.27,0.3845,7.6
Slovak Republic,SVK,2009,37.2268,5386406,54.726,16586.75,100.0,40.133,0.2698,10.0
Slovak Republic,SVK,2010,39.9112,5391428,54.565,16899.45,100.0,40.438,0.3372,10.3
Slovak Republic,SVK,2011,37.8943,5398384,54.417,18469.44,100.0,40.129,0.3599,10.4
Slovak Republic,SVK,2012,36.1064,5407579,54.276,17516.97,100.0,40.081,0.3252,10.5
Slovak Republic,SVK,2013,36.3803,5413393,54.138,18312.78,100.0,39.374,0.2969,10.7
Slovak Republic,SVK,2014,33.9902,5418649,54.003,18770.93,100.0,39.297,0.2886,12.2
Slovak Republic,SVK,2015,34.526,5423801,53.87,16442.08,100.0,39.279,0.263,13.4
Slovak Republic,SVK,2016,35.4446,5430798,53.74,16636.08,100.0,39.226,0.2617,13.1
Slovak Republic,SVK,2017,37.7288,5439232,53.613,17645.53,100.0,39.081,0.3331,12.4
Slovak Republic,SVK,2018,37.2427,5446771,53.488,19573.37,100.0,39.289,0.2892,12.4
Slovak Republic,SVK,2019,34.8074,5454147,53.367,19406.06,100.0,39.205,0.252,17.6
Slovak Republic,SVK,2020,32.6439,5458827,53.248,19735.49,100.0,39.164,0.2192,17.6
Slovak Republic,SVK,2021,36.6483,5447247,53.19,22123.33,100.0,38.602,0.2262,17.9
Slovak Republic,SVK,2022,33.1887,5431752,53.19,21317.79,100.0,38.457,,
Slovak Republic,SVK,2023,31.1483,5426740,53.191,24614.87,100.0,37.958,,
Slovenia,SVN,2000,15.094,1988925,50.698,10135.72,100.0,25.72,0.1658,18.0
Slovenia,SVN,2001,16.9662,1992060,50.76,10375.63,100.0,25.323,0.1993,18.7
Slovenia,SVN,2002,17.2769,1994530,50.774,11639.13,100.0,25.074,0.1374,16.3
Slovenia,SVN,2003,17.1247,1995733,50.755,14711.67,100.0,25.323,0.1444,16.9
Slovenia,SVN,2004,17.3993,1997012,50.712,17103.83,100.0,24.429,0.2341,17.8
Slovenia,SVN,2005,17.6363,2000474,50.649,17969.71,100.0,25.273,0.1843,18.6
Slovenia,SVN,2006,17.9446,2006868,50.567,19563.01,100.0,24.379,0.2116,17.4
Slovenia,SVN,2007,17.9355,2018122,50.471,23725.16,100.0,24.727,0.2314,18.4
Slovenia,SVN,2008,18.8957,2021316,50.362,27461.98,100.0,30.704,0.3931,17.6
Slovenia,SVN,2009,16.8896,2039669,50.244,24501.79,100.0,31.03,0.2063,19.6
Slovenia,SVN,2010,17.1608,2048583,50.119,23329.84,100.0,30.967,0.3006,20.1
Slovenia,SVN,2011,16.0793,2052843,49.946,24940.63,100.0,30.806,0.3599,19.1
Slovenia,SVN,2012,15.517,2057159,49.762,22442.14,100.0,30.368,0.2527,20.2
Slovenia,SVN,2013,15.511,2059953,50.047,23236.97,100.0,30.298,0.2064,22.5
Slovenia,SVN,2014,14.126,2061980,50.983,24013.07,100.0,30.528,0.2646,22.9
Slovenia,SVN,2015,14.2949,2063531,53.661,20697.27,100.0,30.606,0.2638,21.4
Slovenia,SVN,2016,15.0187,2065042,53.647,21447.84,100.0,30.656,0.2612,21.0
Slovenia,SVN,2017,15.3443,2066388,55.245,23303.08,100.0,30.541,0.2685,19.7
Slovenia,SVN,2018,15.45,2073894,55.191,25888.05,100.0,30.393,0.2618,20.6
Slovenia,SVN,2019,14.8261,2088385,55.452,25814.17,100.0,30.407,0.2344,20.9
Slovenia,SVN,2020,13.5406,2102419,55.384,25392.07,100.0,30.318,0.2142,22.7
Slovenia,SVN,2021,13.8601,2108079,55.305,29192.84,100.0,30.341,0.1893,23.4
Slovenia,SVN,2022,13.3893,2112076,55.338,28360.3,100.0,30.329,,
Slovenia,SVN,2023,12.6186,2120461,55.538,32660.48,100.0,30.356,,
Small states,SST,2000,71.5259,15786741,49.296,4846.98,73.4,12.419,5.5747,28.007
Small states,SST,2001,75.2383,16017863,49.317,4839.49,75.15,12.398,4.3718,27.038
Small states,SST,2002,74.897,16250203,49.339,5133.23,74.97,12.141,4.1405,27.883
Small states,SST,2003,82.9625,16441139,49.391,6060.67,75.79,12.344,4.1022,27.25
Small states,SST,2004,86.2727,16597133,49.467,6954.24,76.85,12.269,4.4998,26.927
Small states,SST,2005,92.4941,16699341,49.515,7779.56,77.68,12.436,5.8564,27.233
Small states,SST,2006,99.0738,16868546,49.587,8649.77,78.1,12.879,6.7115,26.634
Small states,SST,2007,103.7618,17047450,49.687,10056.41,79.58,12.851,5.8348,26.843
Small states,SST,2008,102.1404,17228345,49.803,10984.76,80.6,12.736,6.6056,28.495
Small states,SST,2009,97.0212,17398922,49.908,9299.41,80.42,12.804,4.9144,30.278
Small states,SST,2010,105.9173,17575200,49.979,9799.55,82.2,12.799,5.692,29.727
Small states,SST,2011,105.6795,17748220,50.039,10887.87,83.91,12.813,7.8456,30.25
Small states,SST,2012,103.5414,17926451,50.122,10829.41,84.82,12.822,7.25,30.185
Small states,SST,2013,103.5903,18107202,50.208,11137.95,85.27,12.431,6.2821,30.339
Small states,SST,2014,103.994,18292084,50.315,11422.97,86.77,12.479,5.3388,30.2
Small states,SST,2015,100.3535,18482578,50.443,10452.0,87.68,12.55,3.9037,31.176
Small states,SST,2016,98.3437,18671045,50.582,10492.05,88.85,12.552,3.0115,31.373
Small states,SST,2017,98.6119,18865506,50.741,11319.49,90.16,12.532,3.3273,31.168
Small states,SST,2018,100.3078,19084934,50.883,12064.69,90.96,12.532,3.9712,32.283
Small states,SST,2019,94.0623,19293697,51.051,11997.3,92.09,12.514,3.6906,31.656
Small states,SST,2020,86.8589,19472157,51.209,10730.49,93.12,12.28,2.8254,34.261
Small states,SST,2021,88.5178,19646549,51.34,12435.86,93.75,12.283,4.6726,
Small states,SST,2022,91.5158,19852364,51.522,13644.5,93.83,12.277,,
Small states,SST,2023,86.554,20031262,51.749,14360.79,94.79,11.994,,
Solomon Islands,SLB,2000,0.2328,440469,15.752,953.17,4.7,2.715,5.2622,55.3
Solomon Islands,SLB,2001,0.2555,449125,16.062,911.79,7.6,2.751,5.6237,54.1
Solomon Islands,SLB,2002,0.2678,457671,16.403,756.89,10.5,2.822,7.1104,52.8
Solomon Islands,SLB,2003,0.278,466154,16.773,895.98,13.4,2.965,9.6202,51.5
Solomon Islands,SLB,2004,0.2865,474611,17.173,986.07,16.3,2.965,7.4305,49.9
Solomon Islands,SLB,2005,0.2989,483080,17.6,1144.49,19.2,3.458,8.9792,49.7
Solomon Islands,SLB,2006,0.2998,491594,18.054,1255.62,14.4,3.469,10.6911,48.9
Solomon Islands,SLB,2007,0.3237,500156,18.533,1390.15,12.9,3.616,16.6858,47.4
Solomon Islands,SLB,2008,0.3284,508790,19.037,1525.85,28.1,3.583,18.6315,46.7
Solomon Islands,SLB,2009,0.3279,518141,19.563,1554.71,21.2,3.68,12.9305,45.8
Solomon Islands,SLB,2010,0.3585,532968,20.119,1685.15,35.4,3.355,15.7648,45.1
Solomon Islands,SLB,2011,0.3728,552945,20.728,1924.06,39.1,3.483,19.9027,43.6
Solomon Islands,SLB,2012,0.3719,573606,21.391,2066.26,42.9,3.48,20.8519,43.8
Solomon Islands,SLB,2013,0.3931,594945,22.103,2161.39,44.7,3.512,17.7681,41.8
Solomon Islands,SLB,2014,0.3745,616908,22.861,2164.95,50.5,3.591,20.6417,45.9
Solomon Islands,SLB,2015,0.3336,639415,23.663,2045.48,55.1,3.612,16.6665,48.6
Solomon Islands,SLB,2016,0.3236,662379,24.505,2082.62,58.2,3.63,14.3005,48.7
Solomon Islands,SLB,2017,0.2919,685672,25.383,2143.58,62.9,3.669,22.9193,49.0
Solomon Islands,SLB,2018,0.3252,709101,26.295,2278.2,65.8,3.716,22.3397,48.6
Solomon Islands,SLB,2019,0.3193,728147,27.275,2223.66,69.4,3.708,19.1454,48.4
Solomon Islands,SLB,2020,0.3077,744498,28.033,2063.33,72.9,3.737,19.1939,49.0
Solomon Islands,SLB,2021,0.3326,762591,28.689,2043.44,76.3,3.891,18.395,49.1
Solomon Islands,SLB,2022,0.299,781066,29.351,1877.78,76.0,3.834,,50.1
Solomon Islands,SLB,2023,0.2998,800005,30.009,1882.64,81.3,3.901,,
"Somalia, Fed. Rep.",SOM,2000,0.6253,8838713,33.06,386.12,2.1,70.244,,93.3
"Somalia, Fed. Rep.",SOM,2001,0.6627,9198493,33.513,244.91,4.7,70.251,,93.3
"Somalia, Fed. Rep.",SOM,2002,0.7384,9550063,33.987,229.6,7.4,70.281,,92.6
"Somalia, Fed. Rep.",SOM,2003,0.7524,9909157,34.472,286.27,9.8,70.311,,92.8
"Somalia, Fed. Rep.",SOM,2004,0.7421,10280998,34.962,375.41,12.4,70.388,,93.0
"Somalia, Fed. Rep.",SOM,2005,0.7544,10644228,35.467,439.98,15.0,70.338,,93.3
"Somalia, Fed. Rep.",SOM,2006,0.7794,10975502,35.998,458.0,15.2,70.259,,93.5
"Somalia, Fed. Rep.",SOM,2007,0.7896,11322582,36.564,479.64,20.2,70.179,,93.0
"Somalia, Fed. Rep.",SOM,2008,0.7631,11663084,37.175,507.04,22.9,70.338,,93.4
"Somalia, Fed. Rep.",SOM,2009,0.7756,11961201,37.842,246.51,25.5,70.338,,93.6
"Somalia, Fed. Rep.",SOM,2010,0.7885,12261756,38.574,219.2,52.3,70.338,,93.6
"Somalia, Fed. Rep.",SOM,2011,0.7883,12348830,39.38,235.33,52.0,70.179,,93.7
"Somalia, Fed. Rep.",SOM,2012,0.7783,12461160,40.272,350.26,51.8,70.179,,93.9
"Somalia, Fed. Rep.",SOM,2013,0.7827,12869594,41.259,393.4,51.5,70.338,17.8128,94.4
"Somalia, Fed. Rep.",SOM,2014,0.7732,13339491,42.352,429.43,51.4,70.338,18.2922,94.6
"Somalia, Fed. Rep.",SOM,2015,0.8225,13806963,43.862,445.58,51.2,70.338,18.8762,94.5
"Somalia, Fed. Rep.",SOM,2016,0.8378,14348740,45.943,460.93,51.1,70.338,19.5455,94.8
"Somalia, Fed. Rep.",SOM,2017,0.8367,14916629,48.364,510.94,52.1,70.339,18.6973,94.9
"Somalia, Fed. Rep.",SOM,2018,0.8562,15452487,50.951,509.5,50.7,70.339,11.7358,94.9
"Somalia, Fed. Rep.",SOM,2019,0.8465,16030971,51.642,539.95,49.2,70.341,10.7304,95.0
"Somalia, Fed. Rep.",SOM,2020,0.7896,16651191,52.286,518.16,49.9,70.342,11.4553,95.5
"Somalia, Fed. Rep.",SOM,2021,0.8172,17271431,52.906,549.06,49.3,70.341,11.2357,95.4
"Somalia, Fed. Rep.",SOM,2022,0.8329,17801897,53.501,573.14,48.9,70.343,,95.4
"Somalia, Fed. Rep.",SOM,2023,0.8496,18358615,54.071,596.89,50.3,70.343,,
South Africa,ZAF,2000,347.2832,47159719,56.259,3217.85,72.4,80.888,3.7169,16.2
South Africa,ZAF,2001,357.3788,47566800,57.001,2847.15,70.2,80.796,4.9466,15.0
South Africa,ZAF,2002,370.7728,48019415,57.672,2688.24,76.7,80.809,4.6792,13.3
South Africa,ZAF,2003,393.576,48500348,58.372,4062.22,78.8,80.726,2.9909,11.8
South Africa,ZAF,2004,425.7469,48991421,59.098,5221.46,80.6,80.462,4.7796,11.0
South Africa,ZAF,2005,436.2554,49490033,59.824,5836.88,80.8,80.359,4.5685,9.7
South Africa,ZAF,2006,440.6064,49998277,60.528,6077.38,80.7,79.869,5.2274,9.3
South Africa,ZAF,2007,459.9521,50528584,61.184,6591.86,82.0,79.87,6.3657,8.7
South Africa,ZAF,2008,487.9246,51114599,61.769,6184.75,81.9,80.05,11.9901,9.7
South Africa,ZAF,2009,456.9459,51728516,62.259,6374.71,82.6,79.951,4.938,9.2
South Africa,ZAF,2010,464.3532,52344051,62.63,7973.47,82.8,79.871,6.8468,9.4
South Africa,ZAF,2011,443.9719,52995205,62.851,8646.06,83.6,79.445,7.8147,9.0
South Africa,ZAF,2012,461.2756,53782567,62.962,8076.98,85.2,79.418,6.4044,8.3
South Africa,ZAF,2013,475.0891,54678791,63.052,7331.65,85.2,79.418,6.1115,7.8
South Africa,ZAF,2014,486.6007,55594838,63.135,6856.73,85.9,79.418,4.6657,7.6
South Africa,ZAF,2015,462.2677,56723537,63.21,6112.27,85.3,79.418,2.8079,7.6
South Africa,ZAF,2016,460.1959,57259551,63.275,5651.21,83.9,79.418,3.5616,7.8
South Africa,ZAF,2017,469.5833,57635162,63.331,6618.34,84.4,79.418,3.8356,7.9
South Africa,ZAF,2018,473.4182,58613001,63.377,6914.18,84.7,79.418,3.8695,8.0
South Africa,ZAF,2019,477.5446,59587885,63.413,6533.71,85.0,79.418,4.1878,8.7
South Africa,ZAF,2020,450.8617,60562381,63.437,5580.6,90.0,79.418,4.0178,9.8
South Africa,ZAF,2021,448.5635,61502603,63.45,6828.76,89.3,79.418,7.3286,9.7
South Africa,ZAF,2022,429.3281,62378410,63.477,6534.25,86.5,79.418,,
South Africa,ZAF,2023,427.2669,63212384,63.582,6034.27,87.7,79.418,,
South Asia,SAS,2000,1039.7875,1237185482,27.041,440.47,56.77,58.982,2.233,49.179
South Asia,SAS,2001,1061.6542,1260149056,27.337,446.42,58.35,58.841,2.2138,49.167
South Asia,SAS,2002,1101.4619,1282584796,27.662,462.9,59.42,58.845,2.158,47.938
South Asia,SAS,2003,1136.3235,1304347790,28.023,532.66,62.34,58.75,2.0687,47.667
South Asia,SAS,2004,1223.4122,1325950587,28.411,606.48,61.48,58.784,2.9108,47.0
South Asia,SAS,2005,1277.0443,1346886384,28.819,686.34,65.85,58.764,3.3667,46.222
South Asia,SAS,2006,1360.4831,1367187349,29.243,769.38,65.92,58.66,3.6437,45.245
South Asia,SAS,2007,1479.8559,1386949456,29.674,967.7,69.28,58.547,4.1223,43.532
South Asia,SAS,2008,1589.0259,1406047164,30.109,958.28,71.78,58.631,6.4298,41.448
South Asia,SAS,2009,1694.936,1425370200,30.541,1054.44,72.99,58.722,3.0994,39.474
South Asia,SAS,2010,1811.0856,1444967010,30.964,1294.03,74.08,58.571,4.1408,38.157
South Asia,SAS,2011,1934.4703,1464372623,31.35,1397.01,77.31,58.599,4.8494,36.809
South Asia,SAS,2012,2111.7761,1483553073,31.673,1387.18,78.42,58.58,3.6932,36.385
South Asia,SAS,2013,2168.5666,1501661991,32.0,1405.84,80.85,58.584,3.3285,36.611
South Asia,SAS,2014,2342.8742,1519839246,32.32,1528.49,82.85,58.586,2.563,35.51
South Asia,SAS,2015,2393.606,1537370078,32.638,1570.54,86.53,58.595,1.6387,34.883
South Asia,SAS,2016,2443.3777,1555111864,32.953,1722.91,88.32,58.566,1.5857,34.207
South Asia,SAS,2017,2581.9352,1572520427,33.264,1956.07,91.4,58.455,1.7902,33.589
South Asia,SAS,2018,2701.9468,1589164714,33.574,1988.37,94.82,58.415,2.0032,33.883
South Asia,SAS,2019,2701.5631,1605412986,33.886,2067.06,95.47,58.443,1.7953,34.429
South Asia,SAS,2020,2502.7736,1621073417,34.2,1957.2,96.4,58.288,1.5806,36.886
South Asia,SAS,2021,2759.1305,1634785356,34.509,2273.72,99.37,58.282,2.7694,
South Asia,SAS,2022,2967.0954,1648009565,34.814,2326.73,99.09,58.28,,
South Asia,SAS,2023,3173.8789,1662580579,35.137,2449.86,99.41,58.34,,
South Asia (IDA & IBRD),TSA,2000,1039.7875,1237185482,27.041,440.47,56.77,58.982,2.233,49.179
South Asia (IDA & IBRD),TSA,2001,1061.6542,1260149056,27.337,446.42,58.35,58.841,2.2138,49.167
South Asia (IDA & IBRD),TSA,2002,1101.4619,1282584796,27.662,462.9,59.42,58.845,2.158,47.938
South Asia (IDA & IBRD),TSA,2003,1136.3235,1304347790,28.023,532.66,62.34,58.75,2.0687,47.667
South Asia (IDA & IBRD),TSA,2004,1223.4122,1325950587,28.411,606.48,61.48,58.784,2.9108,47.0
South Asia (IDA & IBRD),TSA,2005,1277.0443,1346886384,28.819,686.34,65.85,58.764,3.3667,46.222
South Asia (IDA & IBRD),TSA,2006,1360.4831,1367187349,29.243,769.38,65.92,58.66,3.6437,45.245
South Asia (IDA & IBRD),TSA,2007,1479.8559,1386949456,29.674,967.7,69.28,58.547,4.1223,43.532
South Asia (IDA & IBRD),TSA,2008,1589.0259,1406047164,30.109,958.28,71.78,58.631,6.4298,41.448
South Asia (IDA & IBRD),TSA,2009,1694.936,1425370200,30.541,1054.44,72.99,58.722,3.0994,39.474
South Asia (IDA & IBRD),TSA,2010,1811.0856,1444967010,30.964,1294.03,74.08,58.571,4.1408,38.157
South Asia (IDA & IBRD),TSA,2011,1934.4703,1464372623,31.35,1397.01,77.31,58.599,4.8494,36.809
South Asia (IDA & IBRD),TSA,2012,2111.7761,1483553073,31.673,1387.18,78.42,58.58,3.6932,36.385
South Asia (IDA & IBRD),TSA,2013,2168.5666,1501661991,32.0,1405.84,80.85,58.584,3.3285,36.611
South Asia (IDA & IBRD),TSA,2014,2342.8742,1519839246,32.32,1528.49,82.85,58.586,2.563,35.51
South Asia (IDA & IBRD),TSA,2015,2393.606,1537370078,32.638,1570.54,86.53,58.595,1.6387,34.883
South Asia (IDA & IBRD),TSA,2016,2443.3777,1555111864,32.953,1722.91,88.32,58.566,1.5857,34.207
South Asia (IDA & IBRD),TSA,2017,2581.9352,1572520427,33.264,1956.07,91.4,58.455,1.7902,33.589
South Asia (IDA & IBRD),TSA,2018,2701.9468,1589164714,33.574,1988.37,94.82,58.415,2.0032,33.883
South Asia (IDA & IBRD),TSA,2019,2701.5631,1605412986,33.886,2067.06,95.47,58.443,1.7953,34.429
South Asia (IDA & IBRD),TSA,2020,2502.7736,1621073417,34.2,1957.2,96.4,58.288,1.5806,36.886
South Asia (IDA & IBRD),TSA,2021,2759.1305,1634785356,34.509,2273.72,99.37,58.282,2.7694,
South Asia (IDA & IBRD),TSA,2022,2967.0954,1648009565,34.814,2326.73,99.09,58.28,,
South Asia (IDA & IBRD),TSA,2023,3173.8789,1662580579,35.137,2449.86,99.41,58.34,,
South Sudan,SSD,2000,,6032267,16.043,,,,,
South Sudan,SSD,2001,,6308391,16.256,,,,,
South Sudan,SSD,2002,,6596806,16.448,,,,,
South Sudan,SSD,2003,,6903127,16.615,,,,,
South Sudan,SSD,2004,,7233041,16.757,,,,,
South Sudan,SSD,2005,,7590143,16.87,,,,,
South Sudan,SSD,2006,,7976526,16.951,,,,,
South Sudan,SSD,2007,,8388788,16.999,,0.8,,,
South Sudan,SSD,2008,,8817647,17.03,1654.21,1.3,,58.2777,
South Sudan,SSD,2009,,9243556,17.294,1323.22,3.0,,35.1887,
South Sudan,SSD,2010,,9745953,17.536,1498.27,1.5,,43.7093,
South Sudan,SSD,2011,,10288109,17.782,1448.98,2.8,,51.7869,
South Sudan,SSD,2012,,10756240,18.032,1109.26,3.3,45.097,5.6046,30.6
South Sudan,SSD,2013,,11166275,18.287,1650.19,3.8,45.041,14.7085,30.1
South Sudan,SSD,2014,,11235073,18.546,1242.73,4.3,44.985,28.457,29.4
South Sudan,SSD,2015,,11107561,18.809,1080.15,4.8,44.929,13.0532,27.5
South Sudan,SSD,2016,,10830102,19.077,,5.3,44.873,,28.7
South Sudan,SSD,2017,,10259154,19.349,,4.2,44.817,,35.1
South Sudan,SSD,2018,,10122977,19.625,,6.3,44.706,,31.5
South Sudan,SSD,2019,,10423384,19.906,,6.8,44.706,,31.4
South Sudan,SSD,2020,,10698467,20.191,,7.3,44.705,,32.8
South Sudan,SSD,2021,,10865780,20.481,,7.7,44.709,,32.4
South Sudan,SSD,2022,,11021177,20.775,,8.4,44.709,,
South Sudan,SSD,2023,,11483374,21.074,,5.4,44.858,,
Spain,ESP,2000,310.3327,40567864,76.165,14743.27,100.0,59.651,0.0499,7.9
Spain,ESP,2001,310.5378,40850412,76.316,15368.23,100.0,59.215,0.0564,8.9
Spain,ESP,2002,328.5903,41431558,76.493,17111.07,100.0,58.951,0.0459,7.4
Spain,ESP,2003,335.9673,42187645,76.709,21522.02,100.0,58.398,0.0377,8.9
Spain,ESP,2004,352.4974,42921895,76.955,24925.03,100.0,58.238,0.0469,8.0
Spain,ESP,2005,367.8339,43653155,77.221,26450.95,100.0,58.434,0.0365,7.3
Spain,ESP,2006,358.3338,44397319,77.497,28421.69,100.0,57.343,0.0438,8.5
Spain,ESP,2007,371.5076,45226803,77.774,32652.02,100.0,56.108,0.0523,9.0
Spain,ESP,2008,340.1206,45954106,78.042,35603.25,100.0,56.419,0.0652,9.7
Spain,ESP,2009,300.4025,46362946,78.292,32279.82,100.0,56.09,0.0353,12.2
Spain,ESP,2010,287.7519,46576897,78.514,30658.74,100.0,55.089,0.0583,14.4
Spain,ESP,2011,289.521,46742697,78.695,31824.62,100.0,54.041,0.0653,14.7
Spain,ESP,2012,284.9722,46773055,78.846,28456.44,100.0,53.861,0.0731,15.8
Spain,ESP,2013,256.3568,46604197,78.986,29228.85,100.0,53.444,0.0627,16.9
Spain,ESP,2014,255.241,46460733,79.12,29707.77,100.0,53.134,0.0606,17.3
Spain,ESP,2015,271.5397,46422303,79.245,25982.44,100.0,53.189,0.0479,16.3
Spain,ESP,2016,263.0479,46458139,79.362,26755.61,100.0,52.577,0.0419,16.7
Spain,ESP,2017,278.3849,46571232,79.466,28381.34,100.0,52.639,0.0531,15.2
Spain,ESP,2018,271.7891,46782011,79.558,30602.42,100.0,52.408,0.063,16.9
Spain,ESP,2019,254.3514,47118501,79.635,29786.52,100.0,52.458,0.039,16.7
Spain,ESP,2020,214.4546,47359424,79.696,27233.94,100.0,52.332,0.0381,19.3
Spain,ESP,2021,233.1927,47443821,79.785,30799.48,100.0,52.485,0.1152,19.0
Spain,ESP,2022,238.6544,47786102,79.955,30319.5,100.0,53.357,,
Spain,ESP,2023,220.9934,48352528,80.128,33493.22,100.0,49.575,,
Sri Lanka,LKA,2000,11.4667,19293054,14.62,860.2,70.3,37.474,0.191,64.2
Sri Lanka,LKA,2001,11.3742,19600362,14.574,803.54,63.6,37.49,0.1962,62.9
Sri Lanka,LKA,2002,11.8987,19805752,14.611,834.94,80.7,37.57,0.2038,62.1
Sri Lanka,LKA,2003,12.8592,19951521,14.726,946.38,75.0,38.047,0.1967,61.3
Sri Lanka,LKA,2004,13.2787,20087605,14.913,1028.62,76.5,36.492,0.1475,61.6
Sri Lanka,LKA,2005,14.4301,20216524,15.167,1207.22,78.1,39.746,0.1242,60.1
Sri Lanka,LKA,2006,13.1944,20352411,15.483,1388.9,82.0,38.753,0.1642,62.2
Sri Lanka,LKA,2007,14.124,20492545,15.854,1578.63,80.0,37.991,0.1965,60.2
Sri Lanka,LKA,2008,13.3044,20629378,16.276,1973.58,82.9,41.422,0.1685,61.6
Sri Lanka,LKA,2009,12.7772,20756435,16.743,2026.66,87.1,41.614,0.154,63.5
Sri Lanka,LKA,2010,13.5184,20879089,17.249,2808.36,85.3,41.78,0.1812,61.9
Sri Lanka,LKA,2011,15.908,21009048,17.788,3224.96,87.8,43.534,0.1619,56.4
Sri Lanka,LKA,2012,17.8941,21169458,18.262,3327.78,87.0,43.693,0.1372,52.9
Sri Lanka,LKA,2013,14.837,20585000,18.432,3739.43,90.2,43.693,0.1112,56.9
Sri Lanka,LKA,2014,17.8805,20778000,18.615,3972.04,92.7,43.693,0.1067,54.2
Sri Lanka,LKA,2015,19.7111,20970000,18.796,4057.72,94.3,44.27,0.1168,51.3
Sri Lanka,LKA,2016,23.486,21209000,18.975,4149.19,97.5,44.432,0.1208,45.1
Sri Lanka,LKA,2017,23.4107,21453000,19.151,4398.89,97.5,44.596,0.0889,45.8
Sri Lanka,LKA,2018,21.9829,21670000,19.324,4358.56,99.6,45.448,0.0648,47.9
Sri Lanka,LKA,2019,23.973,21803000,19.495,4081.95,99.8,45.447,0.0723,46.1
Sri Lanka,LKA,2020,22.6144,21919000,19.662,3847.6,100.0,45.457,0.085,49.3
Sri Lanka,LKA,2021,22.8196,22156000,19.827,3996.96,100.0,45.457,0.0832,48.8
Sri Lanka,LKA,2022,20.7971,22181000,19.988,3342.64,100.0,45.457,,
Sri Lanka,LKA,2023,21.5803,22037000,20.146,3815.42,100.0,48.608,,
St. Kitts and Nevis,KNA,2000,0.0497,45248,32.764,9319.66,95.4,36.538,0.0,26.4
St. Kitts and Nevis,KNA,2001,0.0508,45761,32.596,10022.59,93.5,35.769,0.0,26.0
St. Kitts and Nevis,KNA,2002,0.058,46020,32.437,10453.66,95.8,31.154,0.0,24.3
St. Kitts and Nevis,KNA,2003,0.0603,46176,32.281,10175.63,96.0,31.154,0.0,26.3
St. Kitts and Nevis,KNA,2004,0.0654,46315,32.129,10944.62,96.3,30.885,0.0,22.0
St. Kitts and Nevis,KNA,2005,0.0608,46437,31.98,11783.79,96.5,19.231,0.0,25.3
St. Kitts and Nevis,KNA,2006,0.0693,46569,31.836,13837.85,96.7,19.269,0.0,0.0
St. Kitts and Nevis,KNA,2007,0.0765,46706,31.697,14757.96,97.0,19.577,0.0,0.0
St. Kitts and Nevis,KNA,2008,0.0804,46835,31.562,16604.94,97.3,19.615,0.0,0.0
St. Kitts and Nevis,KNA,2009,0.0905,46916,31.431,16503.41,97.6,21.154,0.0,0.0
St. Kitts and Nevis,KNA,2010,0.0987,46846,31.306,16622.95,99.8,21.923,0.0,1.0
St. Kitts and Nevis,KNA,2011,0.0778,46886,31.2,17832.46,100.0,23.077,0.0,0.9
St. Kitts and Nevis,KNA,2012,0.0798,47033,31.204,17532.06,100.0,23.077,0.0,1.3
St. Kitts and Nevis,KNA,2013,0.091,47069,31.213,18580.13,100.0,23.077,0.0,1.4
St. Kitts and Nevis,KNA,2014,0.0973,47089,31.229,20219.4,100.0,23.077,0.0,1.6
St. Kitts and Nevis,KNA,2015,0.1019,47087,31.251,20328.8,100.0,23.077,0.0,1.6
St. Kitts and Nevis,KNA,2016,0.1115,47075,31.281,21387.54,100.0,23.077,0.0,1.7
St. Kitts and Nevis,KNA,2017,0.104,47050,31.317,22464.99,100.0,23.077,0.0,1.3
St. Kitts and Nevis,KNA,2018,0.1111,47008,31.361,22901.38,100.0,23.077,0.0,1.3
St. Kitts and Nevis,KNA,2019,0.1302,46952,31.412,23595.49,100.0,23.077,0.0,1.3
St. Kitts and Nevis,KNA,2020,0.1196,46870,31.472,18859.02,100.0,23.077,0.0,1.6
St. Kitts and Nevis,KNA,2021,0.1162,46763,31.539,18361.14,100.0,23.077,0.0,1.6
St. Kitts and Nevis,KNA,2022,0.1301,46709,31.616,21011.57,100.0,23.077,,1.5
St. Kitts and Nevis,KNA,2023,0.1305,46758,31.701,22576.92,100.0,23.077,,
St. Lucia,LCA,2000,0.0968,158616,27.853,5879.56,86.0,23.279,0.0104,24.0
St. Lucia,LCA,2001,0.1036,160237,27.516,5570.45,89.9,22.787,0.0109,22.2
St. Lucia,LCA,2002,0.0975,161641,26.938,5567.89,87.7,21.475,0.0098,21.7
St. Lucia,LCA,2003,0.1135,162976,26.012,6058.61,88.5,20.328,0.0096,20.0
St. Lucia,LCA,2004,0.11,164239,24.846,6494.6,89.3,18.197,0.0092,18.4
St. Lucia,LCA,2005,0.1154,165450,23.542,6863.44,90.1,17.869,0.0085,18.4
St. Lucia,LCA,2006,0.128,166639,22.202,7611.18,90.9,16.557,0.011,16.9
St. Lucia,LCA,2007,0.1384,167758,20.927,7964.38,91.8,16.279,0.0108,16.3
St. Lucia,LCA,2008,0.1496,168808,19.819,8516.96,92.7,16.295,0.0106,15.5
St. Lucia,LCA,2009,0.1613,169869,18.981,8250.52,93.5,16.295,0.0099,15.1
St. Lucia,LCA,2010,0.1823,170906,18.513,8673.69,94.2,16.295,0.0214,13.2
St. Lucia,LCA,2011,0.1412,171801,18.474,9128.99,95.4,16.295,0.0172,12.9
St. Lucia,LCA,2012,0.1459,172587,18.619,9260.3,95.3,16.295,0.0165,12.4
St. Lucia,LCA,2013,0.1667,173369,18.926,9577.22,97.2,16.295,0.0212,12.1
St. Lucia,LCA,2014,0.1778,174138,19.392,10044.82,98.1,16.295,0.0254,11.7
St. Lucia,LCA,2015,0.1824,174905,20.02,10334.99,99.0,16.295,0.0187,11.5
St. Lucia,LCA,2016,0.1964,175646,20.816,10638.13,99.8,16.295,0.0242,11.2
St. Lucia,LCA,2017,0.1963,176342,21.784,11333.11,99.9,16.295,0.0189,10.2
St. Lucia,LCA,2018,0.2592,177017,22.926,11642.7,100.0,16.295,0.012,10.2
St. Lucia,LCA,2019,0.2947,177661,24.248,11764.39,100.0,16.295,0.0105,10.0
St. Lucia,LCA,2020,0.2776,178250,25.752,8537.11,100.0,16.295,0.0194,10.0
St. Lucia,LCA,2021,0.2822,178522,27.444,10481.12,100.0,16.295,0.0134,9.7
St. Lucia,LCA,2022,0.2961,178781,29.098,12976.15,100.0,16.295,,9.7
St. Lucia,LCA,2023,0.297,179285,29.098,13616.64,100.0,16.295,,
St. Martin (French part),MAF,2000,,29996,100.0,,100.0,,,
St. Martin (French part),MAF,2001,,30803,100.0,,99.9,,,
St. Martin (French part),MAF,2002,,31604,100.0,,99.9,,,
St. Martin (French part),MAF,2003,,32395,100.0,,99.8,,,
St. Martin (French part),MAF,2004,,33171,100.0,,99.8,,,
St. Martin (French part),MAF,2005,,33928,100.0,,99.7,,,
St. Martin (French part),MAF,2006,,34658,100.0,,99.7,,,
St. Martin (French part),MAF,2007,,35337,100.0,,99.7,,,
St. Martin (French part),MAF,2008,,35958,100.0,,99.7,,,
St. Martin (French part),MAF,2009,,36502,100.0,,99.7,,,
St. Martin (French part),MAF,2010,,36856,100.0,,100.0,,,
St. Martin (French part),MAF,2011,,37069,100.0,20930.58,100.0,,0.0,
St. Martin (French part),MAF,2012,,37276,100.0,,100.0,,,
St. Martin (French part),MAF,2013,,37419,100.0,,100.0,,,
St. Martin (French part),MAF,2014,,37450,100.0,20638.77,100.0,,0.0,
St. Martin (French part),MAF,2015,,37369,100.0,,100.0,,,
St. Martin (French part),MAF,2016,,37175,100.0,,100.0,,,
St. Martin (French part),MAF,2017,,36837,100.0,,100.0,,,
St. Martin (French part),MAF,2018,,36012,100.0,,100.0,,,
St. Martin (French part),MAF,2019,,34267,100.0,19033.06,100.0,,,
St. Martin (French part),MAF,2020,,31786,100.0,,100.0,,,
St. Martin (French part),MAF,2021,,29961,100.0,21668.38,100.0,,,
St. Martin (French part),MAF,2022,,28870,100.0,,100.0,,,
St. Martin (French part),MAF,2023,,27515,100.0,,100.0,,,
St. Vincent and the Grenadines,VCT,2000,0.0419,113545,44.89,3768.96,80.0,17.949,0.0197,8.5
St. Vincent and the Grenadines,VCT,2001,0.0485,113501,45.008,4071.09,82.4,17.949,0.018,6.2
St. Vincent and the Grenadines,VCT,2002,0.0556,113347,45.121,4303.28,82.4,17.949,0.0152,6.1
St. Vincent and the Grenadines,VCT,2003,0.0601,113141,45.236,4499.61,83.7,17.949,0.0153,5.6
St. Vincent and the Grenadines,VCT,2004,0.0643,112835,45.352,4873.49,84.9,17.949,0.0146,5.9
St. Vincent and the Grenadines,VCT,2005,0.0663,112450,45.468,5157.39,86.2,17.949,0.0134,5.8
St. Vincent and the Grenadines,VCT,2006,0.0731,112014,45.585,5744.83,87.5,17.949,0.0172,5.3
St. Vincent and the Grenadines,VCT,2007,0.0782,111531,45.703,6398.19,88.8,17.949,0.0158,4.7
St. Vincent and the Grenadines,VCT,2008,0.0815,111028,45.822,6598.91,90.1,17.949,0.0162,5.3
St. Vincent and the Grenadines,VCT,2009,0.1241,110508,45.942,6463.79,91.4,17.949,0.0149,4.1
St. Vincent and the Grenadines,VCT,2010,0.097,109959,46.063,6551.97,92.7,17.949,0.0334,5.1
St. Vincent and the Grenadines,VCT,2011,0.069,109349,46.184,6527.69,94.1,17.949,0.0285,6.1
St. Vincent and the Grenadines,VCT,2012,0.0876,108736,46.306,6713.81,95.4,17.949,0.027,5.0
St. Vincent and the Grenadines,VCT,2013,0.0825,108135,46.432,7072.47,96.8,17.949,0.0341,5.4
St. Vincent and the Grenadines,VCT,2014,0.0922,107535,46.558,7168.83,98.1,17.949,0.0424,3.3
St. Vincent and the Grenadines,VCT,2015,0.0951,106960,46.685,7353.74,99.4,17.949,0.0313,4.3
St. Vincent and the Grenadines,VCT,2016,0.1012,106349,46.812,7656.9,99.7,17.949,0.0408,4.1
St. Vincent and the Grenadines,VCT,2017,0.1091,105663,46.939,7988.04,100.0,17.949,0.033,5.3
St. Vincent and the Grenadines,VCT,2018,0.1102,104926,47.067,8428.13,100.0,17.949,0.0209,4.9
St. Vincent and the Grenadines,VCT,2019,0.1165,104167,47.196,8740.59,100.0,17.949,0.0183,5.4
St. Vincent and the Grenadines,VCT,2020,0.1238,103526,47.326,8351.2,100.0,17.949,0.0256,5.2
St. Vincent and the Grenadines,VCT,2021,0.1174,102841,47.455,8641.28,100.0,17.949,0.0193,5.0
St. Vincent and the Grenadines,VCT,2022,0.1271,102046,47.586,9693.56,100.0,17.949,,5.1
St. Vincent and the Grenadines,VCT,2023,0.1275,101323,47.717,10582.37,100.0,17.949,,
Sub-Saharan Africa,SSF,2000,571.5449,680768792,32.66,629.86,25.71,40.083,10.9061,72.643
Sub-Saharan Africa,SSF,2001,592.2733,699215347,33.125,587.71,26.16,40.196,9.5692,72.521
Sub-Saharan Africa,SSF,2002,596.0773,718276009,33.603,625.81,27.34,40.294,9.4383,72.004
Sub-Saharan Africa,SSF,2003,631.9437,737918076,34.098,766.91,29.6,40.488,9.2524,71.314
Sub-Saharan Africa,SSF,2004,667.4089,758237956,34.611,926.94,29.37,40.301,10.1581,70.805
Sub-Saharan Africa,SSF,2005,683.2502,779233636,35.125,1074.12,29.35,40.656,12.6865,70.524
Sub-Saharan Africa,SSF,2006,685.1881,800828364,35.642,1234.76,31.2,40.743,13.1413,70.615
Sub-Saharan Africa,SSF,2007,703.4469,823124982,36.101,1391.27,32.52,40.919,14.2159,70.11
Sub-Saharan Africa,SSF,2008,743.4149,846224198,36.623,1537.38,32.4,41.047,18.3384,69.976
Sub-Saharan Africa,SSF,2009,709.227,869926373,37.089,1427.58,32.63,41.267,10.6801,70.037
Sub-Saharan Africa,SSF,2010,742.4286,894259855,37.533,1643.31,33.34,41.477,12.9314,70.552
Sub-Saharan Africa,SSF,2011,746.3099,919112234,37.976,1796.16,35.9,41.681,15.4917,69.955
Sub-Saharan Africa,SSF,2012,769.5296,944523292,38.42,1818.06,36.78,43.374,13.638,68.968
Sub-Saharan Africa,SSF,2013,810.8471,970746312,38.878,1880.4,38.03,43.565,11.6737,67.851
Sub-Saharan Africa,SSF,2014,844.0213,997426231,39.357,1907.73,38.35,43.706,9.641,67.63
Sub-Saharan Africa,SSF,2015,833.3204,1024659421,39.838,1647.32,39.2,43.862,6.3851,68.026
Sub-Saharan Africa,SSF,2016,848.5311,1052166739,40.304,1456.65,43.83,43.959,6.8366,67.963
Sub-Saharan Africa,SSF,2017,854.0913,1080208893,40.775,1549.19,43.76,44.081,8.3194,67.818
Sub-Saharan Africa,SSF,2018,875.7078,1109196428,41.257,1622.6,46.41,44.278,8.6253,67.666
Sub-Saharan Africa,SSF,2019,894.5011,1138472475,41.707,1797.04,47.19,44.36,7.6909,68.169
Sub-Saharan Africa,SSF,2020,850.2098,1168133785,42.167,1628.44,48.54,44.456,6.0313,70.27
Sub-Saharan Africa,SSF,2021,887.1836,1198069722,42.649,1785.98,50.65,44.55,10.0419,
Sub-Saharan Africa,SSF,2022,877.941,1228187451,43.156,1864.71,51.51,44.623,,
Sub-Saharan Africa,SSF,2023,871.0129,1258809472,43.64,1682.23,53.25,44.697,,
Sub-Saharan Africa (IDA & IBRD countries),TSS,2000,571.5449,680768792,32.66,629.86,25.71,40.083,10.9061,72.643
Sub-Saharan Africa (IDA & IBRD countries),TSS,2001,592.2733,699215347,33.125,587.71,26.16,40.196,9.5692,72.521
Sub-Saharan Africa (IDA & IBRD countries),TSS,2002,596.0773,718276009,33.603,625.81,27.34,40.294,9.4383,72.004
Sub-Saharan Africa (IDA & IBRD countries),TSS,2003,631.9437,737918076,34.098,766.91,29.6,40.488,9.2524,71.314
Sub-Saharan Africa (IDA & IBRD countries),TSS,2004,667.4089,758237956,34.611,926.94,29.37,40.301,10.1581,70.805
Sub-Saharan Africa (IDA & IBRD countries),TSS,2005,683.2502,779233636,35.125,1074.12,29.35,40.656,12.6865,70.524
Sub-Saharan Africa (IDA & IBRD countries),TSS,2006,685.1881,800828364,35.642,1234.76,31.2,40.743,13.1413,70.615
Sub-Saharan Africa (IDA & IBRD countries),TSS,2007,703.4469,823124982,36.101,1391.27,32.52,40.919,14.2159,70.11
Sub-Saharan Africa (IDA & IBRD countries),TSS,2008,743.4149,846224198,36.623,1537.38,32.4,41.047,18.3384,69.976
Sub-Saharan Africa (IDA & IBRD countries),TSS,2009,709.227,869926373,37.089,1427.58,32.63,41.267,10.6801,70.037
Sub-Saharan Africa (IDA & IBRD countries),TSS,2010,742.4286,894259855,37.533,1643.31,33.34,41.477,12.9314,70.552
Sub-Saharan Africa (IDA & IBRD countries),TSS,2011,746.3099,919112234,37.976,1796.16,35.9,41.681,15.4917,69.955
Sub-Saharan Africa (IDA & IBRD countries),TSS,2012,769.5296,944523292,38.42,1818.06,36.78,43.374,13.638,68.968
Sub-Saharan Africa (IDA & IBRD countries),TSS,2013,810.8471,970746312,38.878,1880.4,38.03,43.565,11.6737,67.851
Sub-Saharan Africa (IDA & IBRD countries),TSS,2014,844.0213,997426231,39.357,1907.73,38.35,43.706,9.641,67.63
Sub-Saharan Africa (IDA & IBRD countries),TSS,2015,833.3204,1024659421,39.838,1647.32,39.2,43.862,6.3851,68.026
Sub-Saharan Africa (IDA & IBRD countries),TSS,2016,848.5311,1052166739,40.304,1456.65,43.83,43.959,6.8366,67.963
Sub-Saharan Africa (IDA & IBRD countries),TSS,2017,854.0913,1080208893,40.775,1549.19,43.76,44.081,8.3194,67.818
Sub-Saharan Africa (IDA & IBRD countries),TSS,2018,875.7078,1109196428,41.257,1622.6,46.41,44.278,8.6253,67.666
Sub-Saharan Africa (IDA & IBRD countries),TSS,2019,894.5011,1138472475,41.707,1797.04,47.19,44.36,7.6909,68.169
Sub-Saharan Africa (IDA & IBRD countries),TSS,2020,850.2098,1168133785,42.167,1628.44,48.54,44.456,6.0313,70.27
Sub-Saharan Africa (IDA & IBRD countries),TSS,2021,887.1836,1198069722,42.649,1785.98,50.65,44.55,10.0419,
Sub-Saharan Africa (IDA & IBRD countries),TSS,2022,877.941,1228187451,43.156,1864.71,51.51,44.623,,
Sub-Saharan Africa (IDA & IBRD countries),TSS,2023,871.0129,1258809472,43.64,1682.23,53.25,44.697,,
Sub-Saharan Africa (excluding high income),SSA,2000,570.7904,680687661,32.659,628.97,25.7,40.084,10.923,72.658
Sub-Saharan Africa (excluding high income),SSA,2001,591.4351,699134145,33.123,586.83,26.16,40.197,9.5848,72.539
Sub-Saharan Africa (excluding high income),SSA,2002,595.3187,718192286,33.602,624.84,27.33,40.295,9.4541,72.022
Sub-Saharan Africa (excluding high income),SSA,2003,631.1785,737835295,34.097,765.98,29.59,40.488,9.2648,71.331
Sub-Saharan Africa (excluding high income),SSA,2004,666.3474,758155481,34.61,925.86,29.37,40.301,10.1712,70.824
Sub-Saharan Africa (excluding high income),SSA,2005,682.2859,779150778,35.124,1072.98,29.34,40.657,12.7015,70.54
Sub-Saharan Africa (excluding high income),SSA,2006,684.1386,800743764,35.641,1233.53,31.2,40.743,13.1558,70.63
Sub-Saharan Africa (excluding high income),SSA,2007,702.5794,823039949,36.101,1390.1,32.51,40.92,14.2294,70.124
Sub-Saharan Africa (excluding high income),SSA,2008,742.4937,846137242,36.623,1536.38,32.4,41.048,18.3522,69.992
Sub-Saharan Africa (excluding high income),SSA,2009,708.2068,869839075,37.089,1426.74,32.62,41.267,10.6874,70.053
Sub-Saharan Africa (excluding high income),SSA,2010,741.5116,894170085,37.532,1642.37,33.33,41.478,12.9399,70.571
Sub-Saharan Africa (excluding high income),SSA,2011,745.5282,919024793,37.976,1795.18,35.89,41.682,15.5016,69.97
Sub-Saharan Africa (excluding high income),SSA,2012,768.643,944434989,38.419,1817.08,36.77,43.375,13.6466,68.984
Sub-Saharan Africa (excluding high income),SSA,2013,810.0448,970656363,38.878,1879.2,38.02,43.565,11.6821,67.865
Sub-Saharan Africa (excluding high income),SSA,2014,843.0952,997334872,39.356,1906.52,38.34,43.707,9.6479,67.645
Sub-Saharan Africa (excluding high income),SSA,2015,832.3336,1024566002,39.838,1646.07,39.19,43.863,6.3904,68.041
Sub-Saharan Africa (excluding high income),SSA,2016,847.4308,1052072062,40.303,1455.29,43.82,43.959,6.8435,67.98
Sub-Saharan Africa (excluding high income),SSA,2017,852.9385,1080113050,40.775,1547.77,43.75,44.082,8.3277,67.835
Sub-Saharan Africa (excluding high income),SSA,2018,874.7025,1109099666,41.256,1621.13,46.41,44.278,8.6338,67.685
Sub-Saharan Africa (excluding high income),SSA,2019,893.6063,1138374850,41.707,1795.55,47.19,44.361,7.6979,68.187
Sub-Saharan Africa (excluding high income),SSA,2020,849.371,1168035323,42.167,1627.39,48.54,44.457,6.0356,70.288
Sub-Saharan Africa (excluding high income),SSA,2021,886.3954,1197970464,42.649,1784.89,50.65,44.551,10.0489,
Sub-Saharan Africa (excluding high income),SSA,2022,877.0986,1228067573,43.156,1863.26,51.5,44.624,,
Sub-Saharan Africa (excluding high income),SSA,2023,870.1734,1258689699,43.639,1680.66,53.25,44.697,,
Sudan,SDN,2000,6.0,27816745,32.344,362.12,23.0,,10.7835,80.4
Sudan,SDN,2001,6.5484,28516770,32.376,451.29,29.4,,6.9102,79.4
Sudan,SDN,2002,7.9985,29228727,32.404,506.26,29.7,,7.2228,76.8
Sudan,SDN,2003,8.2143,29896035,32.427,580.32,29.9,,7.0062,77.0
Sudan,SDN,2004,9.2338,30556637,32.446,705.11,30.2,,10.1433,75.4
Sudan,SDN,2005,10.8686,31262444,32.46,905.54,30.5,,12.4802,72.3
Sudan,SDN,2006,13.2804,31992435,32.47,1132.47,30.8,,12.539,69.2
Sudan,SDN,2007,14.4005,32764135,32.476,1444.37,31.1,,13.6775,65.6
Sudan,SDN,2008,15.3767,33623980,32.482,1527.58,20.0,,17.9798,63.5
Sudan,SDN,2009,15.9281,34569113,32.577,1178.22,29.0,,9.8427,63.1
Sudan,SDN,2010,16.9129,35414399,32.717,1305.64,36.0,,11.9429,61.3
Sudan,SDN,2011,16.2393,36140806,32.906,1332.66,38.3,,16.7759,63.7
Sudan,SDN,2012,17.5247,36923178,33.143,1019.22,40.7,59.671,6.6467,63.7
Sudan,SDN,2013,17.6235,37785849,33.426,1138.63,43.1,59.665,7.5178,64.3
Sudan,SDN,2014,18.516,38823318,33.762,1275.44,44.9,59.66,5.1742,63.7
Sudan,SDN,2015,21.5583,40024431,34.091,1292.38,48.0,59.823,2.9757,61.9
Sudan,SDN,2016,23.9363,41259892,34.188,1033.22,50.5,59.987,2.7405,58.9
Sudan,SDN,2017,23.6627,42714306,34.287,966.51,53.0,60.15,2.4803,59.4
Sudan,SDN,2018,23.6471,44230596,34.382,731.03,55.3,60.313,6.1477,59.8
Sudan,SDN,2019,23.4708,45548175,34.473,709.98,57.6,60.313,8.2598,59.4
Sudan,SDN,2020,21.6685,46789231,34.559,577.8,59.7,60.313,9.2927,62.6
Sudan,SDN,2021,23.6032,48066924,34.642,712.12,61.8,60.313,12.7502,61.0
Sudan,SDN,2022,21.4434,49383346,34.721,1046.24,63.2,60.313,,
Sudan,SDN,2023,21.7036,50042791,34.796,797.28,66.0,60.313,,
Suriname,SUR,2000,1.4802,476643,66.702,1988.22,95.4,0.548,12.3387,23.6
Suriname,SUR,2001,1.5206,486560,66.719,1714.65,95.3,0.536,11.6233,24.1
Suriname,SUR,2002,1.1182,496551,66.732,2202.34,95.2,0.461,7.868,27.8
Suriname,SUR,2003,1.2348,506414,66.74,2516.1,95.1,0.502,6.9349,24.6
Suriname,SUR,2004,1.3939,513923,66.744,2887.77,95.0,0.483,8.9414,22.6
Suriname,SUR,2005,1.6888,519313,66.732,3453.43,94.9,0.454,15.2004,18.9
Suriname,SUR,2006,1.5314,524997,66.697,5002.66,91.0,0.454,13.1868,22.1
Suriname,SUR,2007,1.4148,531016,66.643,5530.18,94.7,0.436,14.3924,24.6
Suriname,SUR,2008,1.4601,537245,66.578,6576.09,94.7,0.441,15.9675,26.2
Suriname,SUR,2009,1.452,543568,66.506,7129.58,94.6,0.501,11.3987,26.5
Suriname,SUR,2010,1.7497,549923,66.434,7943.6,91.2,0.488,22.1694,22.1
Suriname,SUR,2011,1.9566,556269,66.368,7949.89,94.6,0.498,31.9336,21.2
Suriname,SUR,2012,2.4449,562633,66.313,8851.24,94.6,0.456,29.1298,15.8
Suriname,SUR,2013,2.2883,569020,66.268,9043.19,94.6,0.518,20.7444,17.6
Suriname,SUR,2014,2.6212,575373,66.225,9108.19,94.6,0.55,13.3455,12.8
Suriname,SUR,2015,2.7261,581627,66.183,8813.62,95.0,0.542,5.125,11.6
Suriname,SUR,2016,2.9607,587757,66.143,5644.21,95.8,0.542,15.0618,11.1
Suriname,SUR,2017,2.4504,593713,66.105,6049.52,96.6,0.523,19.7855,15.5
Suriname,SUR,2018,2.1512,599513,66.069,6665.74,97.4,0.523,8.4439,18.3
Suriname,SUR,2019,2.6613,605768,66.037,6629.67,97.9,0.523,6.8325,14.9
Suriname,SUR,2020,2.6044,612317,66.008,4755.39,98.4,0.498,4.6012,14.6
Suriname,SUR,2021,2.7191,617896,65.985,5029.85,98.8,0.486,9.5927,14.5
Suriname,SUR,2022,2.8628,623164,65.899,6084.44,99.0,0.449,,
Suriname,SUR,2023,2.496,628886,65.756,5521.98,99.6,0.445,,
Sweden,SWE,2000,57.9841,8872109,84.04,29632.59,100.0,7.301,0.3134,39.8
Sweden,SWE,2001,58.0584,8895960,84.083,27259.32,100.0,7.497,0.3226,37.4
Sweden,SWE,2002,59.3887,8924958,84.134,29957.78,100.0,7.708,0.3216,35.9
Sweden,SWE,2003,59.6586,8958229,84.195,37292.24,100.0,7.681,0.2635,34.6
Sweden,SWE,2004,58.0655,8993531,84.267,42758.0,100.0,7.741,0.2386,35.5
Sweden,SWE,2005,54.5336,9029572,84.35,43378.41,100.0,7.859,0.4366,39.3
Sweden,SWE,2006,55.0985,9080505,84.455,46531.38,100.0,7.733,0.4414,40.1
Sweden,SWE,2007,52.8433,9148092,84.591,53568.31,100.0,7.662,0.6491,41.8
Sweden,SWE,2008,51.7125,9219637,84.752,55817.18,100.0,7.551,0.6532,43.2
Sweden,SWE,2009,46.9207,9298515,84.934,46707.64,100.0,7.53,0.3443,45.7
Sweden,SWE,2010,52.8835,9378126,85.133,52542.58,100.0,7.546,1.4142,44.7
Sweden,SWE,2011,48.4621,9449213,85.36,60379.48,100.0,7.52,1.6958,45.4
Sweden,SWE,2012,45.7287,9519374,85.625,57749.56,100.0,7.442,1.0663,48.3
Sweden,SWE,2013,43.9685,9600379,85.925,60843.99,100.0,7.453,1.0019,47.3
Sweden,SWE,2014,42.7792,9696110,86.256,59583.46,100.0,7.453,0.9087,48.6
Sweden,SWE,2015,42.9009,9799186,86.616,51188.17,100.0,7.435,0.4882,51.9
Sweden,SWE,2016,42.49,9923085,87.0,51703.51,100.0,7.417,0.7225,50.9
Sweden,SWE,2017,41.8362,10057698,87.237,53210.22,100.0,7.393,1.046,51.8
Sweden,SWE,2018,39.6483,10175214,87.474,54018.46,100.0,7.366,1.0611,51.6
Sweden,SWE,2019,39.4951,10278887,87.709,51648.99,100.0,7.378,0.4048,52.9
Sweden,SWE,2020,38.0388,10353442,87.942,52568.57,100.0,7.381,0.3706,57.8
Sweden,SWE,2021,40.4785,10415811,88.174,60647.54,100.0,7.373,1.2083,57.9
Sweden,SWE,2022,37.7526,10486941,88.404,54836.89,100.0,7.354,,
Sweden,SWE,2023,36.6683,10536632,88.631,54950.28,100.0,7.322,,
Switzerland,CHE,2000,44.7643,7184250,73.302,39298.1,100.0,39.617,0.0339,18.2
Switzerland,CHE,2001,46.1887,7229854,73.376,40133.61,100.0,39.541,0.02,18.7
Switzerland,CHE,2002,44.5779,7284753,73.42,43094.25,100.0,39.466,0.0175,18.2
Switzerland,CHE,2003,45.8584,7339001,73.452,49947.39,100.0,39.389,0.018,18.0
Switzerland,CHE,2004,46.4029,7389625,73.476,55349.62,100.0,39.312,0.014,18.1
Switzerland,CHE,2005,47.0336,7437115,73.495,57080.07,100.0,39.235,0.0146,18.7
Switzerland,CHE,2006,46.607,7483934,73.512,59910.29,100.0,39.159,0.0174,18.1
Switzerland,CHE,2007,44.6163,7551117,73.528,66082.12,100.0,39.083,0.0193,19.3
Switzerland,CHE,2008,45.9807,7647675,73.548,75147.54,100.0,38.999,0.0171,19.6
Switzerland,CHE,2009,44.618,7743831,73.574,72788.2,100.0,38.915,0.015,20.0
Switzerland,CHE,2010,46.3246,7824909,73.609,77956.13,100.0,38.833,0.0154,20.6
Switzerland,CHE,2011,42.2875,7912398,73.651,91910.4,100.0,38.75,0.013,20.6
Switzerland,CHE,2012,43.6002,7996861,73.752,87269.56,100.0,38.668,0.0116,21.9
Switzerland,CHE,2013,44.6067,8089346,74.112,88851.24,100.0,38.585,0.0123,21.8
Switzerland,CHE,2014,40.8955,8188649,74.74,90511.65,100.0,38.503,0.0134,22.2
Switzerland,CHE,2015,40.2217,8282396,75.604,85265.06,100.0,38.421,0.0107,23.9
Switzerland,CHE,2016,40.7885,8373338,76.673,83432.41,100.0,38.339,0.0105,24.1
Switzerland,CHE,2017,39.8183,8451840,77.913,83610.25,100.0,38.26,0.0098,25.0
Switzerland,CHE,2018,38.5179,8514329,79.292,87002.34,100.0,38.182,0.013,24.2
Switzerland,CHE,2019,38.3954,8575280,80.779,85872.97,100.0,38.105,0.0092,24.8
Switzerland,CHE,2020,35.9401,8638167,82.342,87529.7,100.0,38.027,0.008,26.4
Switzerland,CHE,2021,37.6301,8704546,84.201,96582.87,100.0,37.95,0.0091,27.7
Switzerland,CHE,2022,34.4805,8777088,84.921,97809.1,100.0,37.871,,
Switzerland,CHE,2023,33.6661,8888822,85.185,104449.75,100.0,37.794,,
Syrian Arab Republic,SYR,2000,45.9017,16637888,51.877,1138.19,93.4,74.606,6.4579,2.0
Syrian Arab Republic,SYR,2001,46.0132,17051338,52.285,1177.54,93.1,74.671,5.227,2.1
Syrian Arab Republic,SYR,2002,45.8279,17468332,52.696,1189.98,86.6,74.867,5.4886,1.6
Syrian Arab Republic,SYR,2003,45.9819,17889296,53.102,1220.18,92.6,75.238,5.8103,1.9
Syrian Arab Republic,SYR,2004,48.0318,18336875,53.5,1368.11,92.3,75.748,4.839,2.6
Syrian Arab Republic,SYR,2005,58.8097,18814091,53.823,1533.9,92.0,75.328,5.5349,2.1
Syrian Arab Republic,SYR,2006,61.5688,19637022,54.06,1718.78,99.5,75.57,5.4093,1.8
Syrian Arab Republic,SYR,2007,65.0228,20884125,54.288,1937.61,91.5,75.675,4.8081,1.5
Syrian Arab Republic,SYR,2008,66.6794,21636564,54.586,2429.12,91.3,75.681,5.6399,1.2
Syrian Arab Republic,SYR,2009,62.4091,21976969,55.029,2462.2,91.1,75.735,3.3009,0.9
Syrian Arab Republic,SYR,2010,62.6918,22482421,55.696,2730.61,92.7,75.739,4.1094,1.4
Syrian Arab Republic,SYR,2011,58.6181,22878098,58.482,2952.14,91.5,75.777,20.3536,1.6
Syrian Arab Republic,SYR,2012,46.2477,22759763,65.09,1897.66,90.7,75.81,15.236,2.0
Syrian Arab Republic,SYR,2013,31.195,21666917,73.062,985.89,90.4,75.81,10.4697,3.1
Syrian Arab Republic,SYR,2014,30.9873,20273659,76.0,1060.59,90.2,75.799,5.7414,2.7
Syrian Arab Republic,SYR,2015,28.1357,19424618,75.753,847.73,90.0,75.788,3.6133,0.6
Syrian Arab Republic,SYR,2016,25.8772,19193834,75.154,656.35,89.8,75.784,3.1721,1.3
Syrian Arab Republic,SYR,2017,31.0807,19224668,74.54,851.5,89.6,75.805,3.1149,1.1
Syrian Arab Republic,SYR,2018,34.0047,19577845,74.061,1098.07,86.0,75.792,3.3504,0.9
Syrian Arab Republic,SYR,2019,33.3171,20353534,73.825,1109.54,89.2,75.757,3.7693,1.0
Syrian Arab Republic,SYR,2020,31.7492,21049429,73.413,593.91,89.0,75.769,6.3748,1.1
Syrian Arab Republic,SYR,2021,32.0363,21628839,73.013,688.57,88.8,74.993,,1.1
Syrian Arab Republic,SYR,2022,31.1656,22462173,72.612,1056.78,89.0,74.095,,
Syrian Arab Republic,SYR,2023,31.3571,23594623,72.167,,88.4,74.095,,
Tajikistan,TJK,2000,2.7846,6284735,26.536,136.93,98.5,32.674,1.0336,62.4
Tajikistan,TJK,2001,2.7419,6407377,26.535,168.68,98.6,32.674,0.8058,64.1
Tajikistan,TJK,2002,2.7554,6531669,26.534,186.95,99.0,32.659,0.8708,64.2
Tajikistan,TJK,2003,2.8163,6658575,26.533,233.58,100.0,32.838,0.7717,64.6
Tajikistan,TJK,2004,3.3521,6790547,26.533,305.75,98.5,33.224,0.6702,61.4
Tajikistan,TJK,2005,3.1911,6924720,26.532,333.93,99.3,33.381,0.5736,63.7
Tajikistan,TJK,2006,3.4897,7057566,26.532,401.02,98.6,33.831,0.8065,61.6
Tajikistan,TJK,2007,4.0503,7194477,26.532,517.0,98.6,33.788,0.7553,53.8
Tajikistan,TJK,2008,3.7908,7338403,26.531,703.33,98.6,33.774,0.8361,54.6
Tajikistan,TJK,2009,3.05,7490230,26.529,664.8,99.0,34.005,0.6671,60.6
Tajikistan,TJK,2010,3.071,7652141,26.527,737.34,98.8,27.209,1.675,61.8
Tajikistan,TJK,2011,3.0824,7824785,26.479,833.6,98.9,26.808,2.0375,60.0
Tajikistan,TJK,2012,3.5021,8014084,26.41,952.45,99.1,26.215,1.7077,55.8
Tajikistan,TJK,2013,3.5939,8216724,26.488,1028.2,99.0,26.457,1.3294,55.1
Tajikistan,TJK,2014,4.7682,8425552,26.563,1081.54,99.1,26.801,2.1933,45.9
Tajikistan,TJK,2015,5.0917,8643840,26.479,956.92,98.0,27.076,2.2654,48.1
Tajikistan,TJK,2016,5.7155,8865631,26.372,788.71,99.3,27.364,3.8073,43.7
Tajikistan,TJK,2017,6.934,9085946,26.273,829.46,99.3,27.68,4.5478,44.2
Tajikistan,TJK,2018,8.2044,9307333,26.234,834.29,99.3,27.773,5.4004,41.6
Tajikistan,TJK,2019,9.0405,9529966,26.13,871.02,99.4,27.841,5.2237,40.1
Tajikistan,TJK,2020,9.3881,9749310,26.193,834.31,99.5,27.831,5.1351,38.8
Tajikistan,TJK,2021,9.4268,9966908,26.199,896.75,99.6,27.789,9.0463,34.9
Tajikistan,TJK,2022,9.5606,10182222,26.196,1052.18,100.0,28.073,,
Tajikistan,TJK,2023,9.3204,10389799,26.189,1178.48,100.0,27.947,,
Tanzania,TZA,2000,3.112,34260139,22.194,401.7,8.7,38.383,3.7553,93.6
Tanzania,TZA,2001,3.287,35198299,22.596,396.64,9.7,38.496,4.0441,93.1
Tanzania,TZA,2002,3.7394,36121304,23.031,402.65,10.7,38.609,4.8575,92.4
Tanzania,TZA,2003,3.9553,37089555,23.52,422.18,11.1,38.688,6.8627,92.4
Tanzania,TZA,2004,5.4435,38109668,24.083,450.39,11.4,39.238,5.3543,91.3
Tanzania,TZA,2005,6.1729,39182076,24.706,483.33,13.8,39.867,4.9936,90.3
Tanzania,TZA,2006,6.6034,40294902,25.374,475.75,14.9,40.496,5.522,89.9
Tanzania,TZA,2007,6.2424,41435512,26.072,543.2,15.9,41.114,6.2061,90.6
Tanzania,TZA,2008,6.2794,42570728,26.785,675.98,11.5,41.741,5.0766,90.3
Tanzania,TZA,2009,6.0772,43633982,27.498,693.82,11.2,41.981,5.5363,91.0
Tanzania,TZA,2010,7.3333,44758488,28.197,736.53,14.8,42.221,5.5595,89.4
Tanzania,TZA,2011,8.8864,46029367,28.866,775.39,14.2,42.46,7.3365,87.6
Tanzania,TZA,2012,10.6021,47374260,29.488,861.97,15.3,42.332,6.8325,85.2
Tanzania,TZA,2013,11.5936,48824128,30.073,963.06,16.4,42.94,5.7672,84.5
Tanzania,TZA,2014,11.257,50351512,30.644,1022.75,23.5,43.179,5.0469,84.7
Tanzania,TZA,2015,13.2034,52020962,31.206,939.13,26.2,43.419,5.3019,82.8
Tanzania,TZA,2016,14.1367,53824013,31.758,953.01,32.8,43.659,5.616,81.7
Tanzania,TZA,2017,14.1975,55652890,32.299,986.67,32.1,43.898,5.1362,82.0
Tanzania,TZA,2018,14.9211,57437145,32.829,1023.11,34.9,44.138,3.6116,81.3
Tanzania,TZA,2019,17.0037,59174891,33.348,1063.32,37.7,44.378,3.5315,80.4
Tanzania,TZA,2020,16.677,60972798,33.855,1117.42,39.9,44.616,3.8517,80.8
Tanzania,TZA,2021,18.9418,62830412,34.35,1159.86,42.7,44.616,6.6937,78.3
Tanzania,TZA,2022,20.9124,64711821,34.823,1207.52,45.8,44.616,,
Tanzania,TZA,2023,21.5734,66617606,35.475,1224.0,48.3,44.616,,
Thailand,THA,2000,174.8428,63007815,31.463,2005.98,82.1,42.857,2.0357,21.8
Thailand,THA,2001,183.5255,63651141,32.743,1889.93,90.4,43.039,1.9413,19.9
Thailand,THA,2002,195.0715,64266437,34.073,2089.75,91.0,43.221,1.7443,19.9
Thailand,THA,2003,202.9305,64868166,35.427,2347.54,91.6,43.403,2.2916,20.2
Thailand,THA,2004,221.1427,65452047,36.786,2641.56,92.2,43.585,2.3938,19.9
Thailand,THA,2005,229.2248,66017420,38.13,2867.7,92.8,43.767,2.8472,20.1
Thailand,THA,2006,232.8491,66567687,39.442,3331.32,99.1,43.949,2.8857,20.5
Thailand,THA,2007,237.863,67102394,40.704,3918.53,94.1,44.129,2.7573,21.6
Thailand,THA,2008,238.9694,67619830,41.895,4309.14,94.8,44.311,3.6231,22.6
Thailand,THA,2009,232.0176,68121080,42.999,4135.44,99.0,44.493,2.4009,22.8
Thailand,THA,2010,246.3596,68579447,44.002,4973.86,99.7,44.675,2.7357,22.8
Thailand,THA,2011,246.7462,69007208,44.805,5373.62,99.3,44.683,3.1471,23.0
Thailand,THA,2012,264.8041,69436098,45.374,5725.53,99.1,44.691,2.9057,23.6
Thailand,THA,2013,275.9576,69845114,45.832,6018.08,99.4,44.699,2.6185,23.2
Thailand,THA,2014,272.5228,70216367,46.314,5801.2,99.5,44.71,2.8228,24.4
Thailand,THA,2015,281.4677,70540795,46.952,5688.85,99.6,44.718,1.9309,22.6
Thailand,THA,2016,277.7638,70859841,47.88,5833.58,99.9,44.71,1.5532,22.4
Thailand,THA,2017,281.081,71160187,49.231,6413.09,99.9,44.72,1.6322,22.2
Thailand,THA,2018,276.6537,71376079,54.584,7099.78,99.8,44.717,1.8167,23.7
Thailand,THA,2019,286.4704,71522271,55.927,7605.7,99.9,45.019,1.5124,23.9
Thailand,THA,2020,275.6334,71641484,57.236,6983.03,100.0,45.552,1.1096,20.9
Thailand,THA,2021,268.5767,71727332,58.509,7055.19,100.0,45.998,1.817,19.0
Thailand,THA,2022,284.314,71735329,59.742,6910.01,99.9,45.998,,
Thailand,THA,2023,275.0344,71702435,60.934,7210.54,100.0,43.798,,
Timor-Leste,TLS,2000,0.3496,745088,24.114,492.46,17.8,22.663,0.4036,
Timor-Leste,TLS,2001,0.2656,812249,24.47,587.7,25.6,22.636,0.3496,
Timor-Leste,TLS,2002,0.2492,879159,24.851,533.98,24.1,22.609,0.3857,48.2
Timor-Leste,TLS,2003,0.2639,916878,25.261,534.9,27.7,22.448,0.5201,47.9
Timor-Leste,TLS,2004,0.5158,929074,25.704,474.42,30.4,22.421,,44.0
Timor-Leste,TLS,2005,0.3496,948311,26.31,487.46,33.5,22.394,,43.6
Timor-Leste,TLS,2006,0.3409,976597,27.122,464.67,36.7,22.367,,41.9
Timor-Leste,TLS,2007,0.3133,1004889,28.001,540.15,36.6,22.34,,41.9
Timor-Leste,TLS,2008,0.3109,1032429,28.808,628.15,43.1,22.65,,39.7
Timor-Leste,TLS,2009,0.3372,1058782,29.401,686.58,46.3,22.757,,36.9
Timor-Leste,TLS,2010,0.3344,1084679,29.64,813.06,38.0,22.73,,34.8
Timor-Leste,TLS,2011,0.3708,1110207,29.633,939.05,52.7,22.771,,32.8
Timor-Leste,TLS,2012,0.6288,1134885,29.614,1022.62,56.0,22.804,,25.6
Timor-Leste,TLS,2013,0.7585,1158695,29.584,1204.57,59.2,22.838,,22.6
Timor-Leste,TLS,2014,0.7441,1181903,29.546,1224.75,62.4,22.872,,18.1
Timor-Leste,TLS,2015,0.6952,1205131,29.504,1319.59,67.3,22.905,79.4309,18.0
Timor-Leste,TLS,2016,0.6609,1228312,29.446,1335.54,76.5,22.939,44.5556,12.7
Timor-Leste,TLS,2017,0.6218,1251703,29.36,1266.18,79.5,22.972,44.8705,13.2
Timor-Leste,TLS,2018,0.6666,1275959,29.249,1219.47,85.2,23.006,62.769,12.7
Timor-Leste,TLS,2019,0.7283,1300945,29.115,1562.36,90.6,22.959,44.8953,11.7
Timor-Leste,TLS,2020,0.6794,1326053,28.962,1630.87,96.0,22.959,34.3933,11.4
Timor-Leste,TLS,2021,0.7107,1350139,28.793,2684.93,100.0,22.959,34.7297,12.1
Timor-Leste,TLS,2022,0.6946,1369295,28.586,2343.25,99.7,22.959,,11.4
Timor-Leste,TLS,2023,0.6644,1384286,28.595,1502.41,100.0,22.959,,
Togo,TGO,2000,1.2511,4783722,33.099,440.42,17.0,62.511,7.144,77.1
Togo,TGO,2001,1.1264,4904144,33.55,426.88,19.6,62.879,6.6486,82.0
Togo,TGO,2002,1.199,5027130,34.001,479.44,21.3,63.247,6.8482,78.7
Togo,TGO,2003,1.4374,5154112,34.451,579.73,23.0,63.615,9.3016,74.8
Togo,TGO,2004,1.378,5281320,34.901,604.31,24.8,63.982,6.3103,76.1
Togo,TGO,2005,1.3112,5413154,35.349,595.2,26.5,64.718,6.871,77.2
Togo,TGO,2006,1.2217,5569664,35.795,596.25,27.9,65.637,8.3933,79.7
Togo,TGO,2007,1.2179,5748443,36.239,654.08,30.0,66.097,10.5485,79.9
Togo,TGO,2008,1.5891,5936138,36.681,771.35,31.8,66.832,15.1546,76.5
Togo,TGO,2009,2.7107,6130946,37.12,770.17,33.7,67.2,14.6753,63.4
Togo,TGO,2010,2.525,6325788,37.555,750.32,30.8,67.384,11.3076,65.8
Togo,TGO,2011,2.3171,6500582,37.987,834.15,39.7,67.384,17.9248,69.1
Togo,TGO,2012,2.2462,6653718,38.419,813.61,39.1,70.785,20.9937,72.7
Togo,TGO,2013,1.9314,6798848,38.852,885.7,41.0,70.233,15.5653,76.2
Togo,TGO,2014,1.7347,6937644,39.284,921.54,45.7,70.233,13.3951,81.4
Togo,TGO,2015,1.546,7071502,39.716,813.89,44.7,70.233,12.728,81.0
Togo,TGO,2016,2.1279,7200884,40.149,843.11,46.8,70.233,9.0031,80.7
Togo,TGO,2017,1.6554,7324386,40.581,872.08,48.0,70.233,7.7773,78.4
Togo,TGO,2018,1.9363,7458206,41.013,942.48,50.0,70.233,4.8736,76.7
Togo,TGO,2019,2.1053,7619925,41.446,917.72,52.5,70.233,4.3259,78.6
Togo,TGO,2020,2.4218,7788054,41.878,961.22,54.1,70.233,4.7317,76.2
Togo,TGO,2021,2.534,7936176,42.311,1076.3,55.7,70.233,7.8642,75.1
Togo,TGO,2022,2.6044,8068616,42.733,1071.62,57.2,70.233,,
Togo,TGO,2023,2.5313,8223850,43.25,1182.33,59.2,70.233,,
Tonga,TON,2000,0.0998,102677,23.025,1995.08,85.6,41.667,0.028,2.5
Tonga,TON,2001,0.0947,103288,23.049,1753.52,86.3,41.667,0.0335,2.7
Tonga,TON,2002,0.1046,103874,23.071,1759.48,87.0,41.667,0.0357,2.5
Tonga,TON,2003,0.1255,104464,23.094,1936.04,87.6,41.667,0.0417,2.0
Tonga,TON,2004,0.1118,105071,23.119,2195.45,88.3,41.667,0.0314,2.1
Tonga,TON,2005,0.1212,105671,23.147,2477.73,89.0,41.667,0.024,2.1
Tonga,TON,2006,0.1331,106253,23.18,2750.35,92.3,43.056,0.0366,1.9
Tonga,TON,2007,0.1142,106726,23.224,2797.07,90.5,43.056,0.0482,2.2
Tonga,TON,2008,0.1237,107020,23.289,3218.45,91.2,43.056,0.0556,2.0
Tonga,TON,2009,0.1308,107203,23.361,2914.24,92.0,44.444,0.0549,1.8
Tonga,TON,2010,0.1262,107400,23.424,3416.08,92.8,44.444,0.0485,1.0
Tonga,TON,2011,0.12,107570,23.461,3849.99,92.2,44.444,0.0478,1.1
Tonga,TON,2012,0.1182,107460,23.459,4384.17,92.8,45.833,0.0399,1.1
Tonga,TON,2013,0.1194,107078,23.417,4219.25,95.1,45.833,0.0401,1.6
Tonga,TON,2014,0.1318,106609,23.343,4136.59,95.9,47.222,0.0522,1.7
Tonga,TON,2015,0.1347,106095,23.243,4123.9,100.0,48.611,0.0421,1.9
Tonga,TON,2016,0.1432,105524,23.128,3987.99,97.0,48.611,0.0454,2.0
Tonga,TON,2017,0.1549,105356,22.971,4365.93,98.2,48.611,0.0541,2.0
Tonga,TON,2018,0.1474,105567,22.702,4675.05,99.0,48.611,0.04,1.8
Tonga,TON,2019,0.1655,105669,22.329,4788.83,98.4,48.611,0.0356,1.8
Tonga,TON,2020,0.1865,105704,21.877,4792.36,99.9,48.611,0.039,1.9
Tonga,TON,2021,0.2065,105490,21.258,4922.8,100.0,48.611,0.0408,1.8
Tonga,TON,2022,0.1614,105042,21.147,5298.02,100.0,48.611,,2.3
Tonga,TON,2023,0.1618,104597,21.148,5651.59,100.0,48.611,,
Trinidad and Tobago,TTO,2000,19.1689,1319774,55.929,6178.59,91.3,13.06,14.0819,0.8
Trinidad and Tobago,TTO,2001,21.731,1325567,55.901,6657.41,96.3,11.696,10.173,0.7
Trinidad and Tobago,TTO,2002,23.4966,1332011,55.83,6762.93,96.5,11.696,11.8983,0.7
Trinidad and Tobago,TTO,2003,27.1427,1338709,55.719,8445.05,96.7,11.696,10.6549,0.6
Trinidad and Tobago,TTO,2004,28.9004,1345380,55.571,9871.03,96.8,10.721,10.8323,0.6
Trinidad and Tobago,TTO,2005,35.0199,1294494,55.39,12346.44,95.0,10.526,16.067,0.5
Trinidad and Tobago,TTO,2006,38.5543,1297944,55.178,14152.66,100.0,10.526,18.3898,0.6
Trinidad and Tobago,TTO,2007,39.4233,1303188,54.939,16606.68,100.0,10.526,15.9607,0.4
Trinidad and Tobago,TTO,2008,38.6523,1308587,54.676,21298.99,100.0,10.526,15.271,0.5
Trinidad and Tobago,TTO,2009,37.4346,1310106,54.392,14634.06,99.0,10.526,16.1475,0.5
Trinidad and Tobago,TTO,2010,41.0228,1317714,54.09,16815.42,100.0,10.526,13.5019,0.4
Trinidad and Tobago,TTO,2011,41.2563,1328019,53.925,19151.09,97.5,10.526,21.1902,0.4
Trinidad and Tobago,TTO,2012,38.0759,1335194,53.925,20332.14,100.0,10.526,19.0454,0.4
Trinidad and Tobago,TTO,2013,37.331,1340557,53.926,21304.98,100.0,10.526,18.9418,0.4
Trinidad and Tobago,TTO,2014,37.2008,1345343,53.926,21908.3,100.0,10.526,15.5988,0.3
Trinidad and Tobago,TTO,2015,36.7586,1349667,53.927,19887.23,100.0,10.526,7.5355,0.4
Trinidad and Tobago,TTO,2016,33.7186,1353895,53.928,17449.15,100.0,10.526,4.1221,0.4
Trinidad and Tobago,TTO,2017,32.5451,1356633,53.929,17566.1,100.0,10.526,5.7614,0.4
Trinidad and Tobago,TTO,2018,32.6228,1359193,53.931,17571.5,100.0,10.526,11.232,0.5
Trinidad and Tobago,TTO,2019,33.2231,1363985,53.934,17212.61,100.0,10.526,11.069,0.4
Trinidad and Tobago,TTO,2020,29.8017,1366725,53.938,15283.63,100.0,10.526,5.8822,0.5
Trinidad and Tobago,TTO,2021,28.6842,1367558,53.942,17712.57,100.0,10.526,7.8594,0.5
Trinidad and Tobago,TTO,2022,28.4989,1365805,53.947,20750.52,100.0,10.526,,
Trinidad and Tobago,TTO,2023,26.9495,1367510,53.954,18308.45,98.7,10.526,,
Tunisia,TUN,2000,21.131,9764935,63.617,2199.04,94.8,61.477,3.7033,14.2
Tunisia,TUN,2001,22.0123,9869677,63.954,2235.72,97.3,61.142,2.925,14.2
Tunisia,TUN,2002,21.7773,9971515,64.282,2320.77,97.8,62.841,2.8416,14.6
Tunisia,TUN,2003,21.5652,10071632,64.606,2725.86,98.4,62.976,2.5547,14.1
Tunisia,TUN,2004,22.8155,10166163,64.927,3067.42,99.0,63.272,3.045,13.9
Tunisia,TUN,2005,23.4473,10255472,65.234,3146.83,99.2,63.234,4.331,14.2
Tunisia,TUN,2006,24.238,10346410,65.521,3322.57,99.4,63.118,4.7996,14.3
Tunisia,TUN,2007,24.9827,10441702,65.8,3726.92,99.4,63.111,6.3515,14.3
Tunisia,TUN,2008,25.4277,10542635,66.068,4255.05,99.4,63.601,9.8801,14.6
Tunisia,TUN,2009,25.3652,10650681,66.336,4080.09,99.5,63.008,6.9909,16.1
Tunisia,TUN,2010,27.731,10765980,66.628,4291.86,99.5,64.611,5.8023,12.6
Tunisia,TUN,2011,26.2639,10886035,66.919,4420.65,99.5,64.83,6.26,13.2
Tunisia,TUN,2012,28.2414,11009647,67.21,4297.27,99.5,63.865,6.6124,13.0
Tunisia,TUN,2013,28.219,11141361,67.5,4369.79,99.7,64.0,5.4617,13.2
Tunisia,TUN,2014,30.2046,11274288,67.752,4458.98,99.8,62.828,4.5941,12.9
Tunisia,TUN,2015,30.7211,11402264,67.881,4014.95,99.9,63.298,2.6883,12.5
Tunisia,TUN,2016,29.8618,11528674,68.062,3847.8,100.0,62.452,2.1852,12.4
Tunisia,TUN,2017,30.2963,11650498,68.288,3619.03,100.0,62.712,2.5103,11.8
Tunisia,TUN,2018,30.1881,11765514,68.549,3628.1,99.8,62.439,2.8219,11.9
Tunisia,TUN,2019,30.2451,11875081,68.821,3528.87,100.0,62.439,2.2474,12.2
Tunisia,TUN,2020,28.7185,11974057,69.104,3548.65,99.9,62.439,1.4672,12.9
Tunisia,TUN,2021,31.0178,12048622,69.4,3906.94,99.9,62.439,2.2492,11.6
Tunisia,TUN,2022,30.3588,12119334,69.707,3707.29,100.0,62.439,,
Tunisia,TUN,2023,31.2092,12200431,70.027,3951.12,100.0,62.439,,
Turkiye,TUR,2000,227.0564,65425961,58.971,4199.38,99.9,52.595,0.2417,17.3
Turkiye,TUR,2001,206.7299,66245128,59.872,3052.23,99.9,53.231,0.2907,18.1
Turkiye,TUR,2002,217.3779,67048795,60.739,3591.09,99.8,53.527,0.2084,17.5
Turkiye,TUR,2003,229.6955,67831730,61.585,4649.64,99.8,52.81,0.1859,16.3
Turkiye,TUR,2004,235.8827,68592617,62.439,5979.61,99.7,53.545,0.258,16.8
Turkiye,TUR,2005,246.0895,69329557,63.33,7331.85,99.7,53.562,0.2466,15.3
Turkiye,TUR,2006,274.0011,70045349,64.287,7990.08,99.7,52.614,0.3381,14.2
Turkiye,TUR,2007,300.3324,70158112,65.339,9766.92,99.7,51.33,0.3936,12.5
Turkiye,TUR,2008,299.5496,71051678,66.514,10913.41,99.7,50.832,0.6228,12.5
Turkiye,TUR,2009,301.377,72039206,67.84,9076.92,99.7,50.558,0.39,13.1
Turkiye,TUR,2010,312.1721,73142150,69.347,10698.97,100.0,50.689,1.0333,14.2
Turkiye,TUR,2011,332.7685,74223629,71.003,11373.64,100.0,49.695,1.156,12.7
Turkiye,TUR,2012,344.1578,75175827,73.779,11776.76,100.0,49.903,0.7485,13.0
Turkiye,TUR,2013,333.874,76147624,78.522,12635.56,100.0,49.924,0.6214,13.8
Turkiye,TUR,2014,355.3809,77181884,83.602,12209.39,100.0,50.094,0.5155,11.5
Turkiye,TUR,2015,367.843,78218479,87.217,11064.65,100.0,50.09,0.2594,13.3
Turkiye,TUR,2016,391.2631,79277962,88.102,10984.36,100.0,49.801,0.3819,13.2
Turkiye,TUR,2017,433.2199,80312698,88.032,10756.39,100.0,49.328,0.3793,11.4
Turkiye,TUR,2018,429.3432,81407204,88.166,9684.12,100.0,49.117,0.53,11.8
Turkiye,TUR,2019,414.4775,82579440,88.662,9395.23,100.0,49.005,0.3828,14.1
Turkiye,TUR,2020,423.0905,83384680,88.93,8798.12,100.0,49.065,0.3972,13.7
Turkiye,TUR,2021,460.7071,84147318,89.176,9981.76,100.0,49.49,0.827,12.0
Turkiye,TUR,2022,444.4077,84979913,89.038,10897.84,100.0,50.025,,
Turkiye,TUR,2023,446.4386,85325965,89.022,13375.09,100.0,50.138,,
Turkmenistan,TKM,2000,39.3402,4582677,46.074,633.84,99.6,75.543,59.3411,0.1
Turkmenistan,TKM,2001,40.2879,4675409,46.372,756.03,99.6,75.543,75.3659,0.1
Turkmenistan,TKM,2002,43.2202,4769465,46.592,935.54,99.6,75.224,52.4472,0.1
Turkmenistan,TKM,2003,48.1523,4863865,46.7,1228.95,99.6,74.883,48.7135,0.1
Turkmenistan,TKM,2004,51.3238,4958093,46.738,1379.23,99.5,74.586,44.1006,0.1
Turkmenistan,TKM,2005,52.8983,5052257,46.773,1604.02,99.5,74.224,43.1678,0.1
Turkmenistan,TKM,2006,54.9589,5147105,46.806,1996.59,99.8,73.841,51.4781,0.1
Turkmenistan,TKM,2007,60.7872,5244046,46.837,2414.96,99.6,73.522,49.2588,0.1
Turkmenistan,TKM,2008,61.9382,5345029,46.866,3605.5,99.6,73.096,56.9659,0.1
Turkmenistan,TKM,2009,54.6299,5451592,46.893,3707.98,99.7,72.787,22.9354,0.1
Turkmenistan,TKM,2010,61.6532,5564356,46.917,4058.54,100.0,72.351,23.2101,0.1
Turkmenistan,TKM,2011,66.14,5683417,46.94,5143.62,99.8,72.006,34.2784,0.1
Turkmenistan,TKM,2012,68.2977,5808546,46.96,6053.87,99.9,73.576,30.8737,0.0
Turkmenistan,TKM,2013,65.2746,5939341,46.979,6599.65,99.9,75.146,27.4926,0.1
Turkmenistan,TKM,2014,63.2168,6075283,46.995,7164.15,100.0,76.715,20.176,0.1
Turkmenistan,TKM,2015,67.9108,6215770,47.01,5759.5,100.0,78.285,15.4828,0.1
Turkmenistan,TKM,2016,67.2897,6360041,47.023,5238.01,100.0,79.855,9.6576,0.1
Turkmenistan,TKM,2017,72.1708,6507061,47.033,5125.55,100.0,81.424,13.0262,0.1
Turkmenistan,TKM,2018,74.2318,6655524,47.042,3911.99,100.0,82.994,20.069,0.1
Turkmenistan,TKM,2019,73.2506,6803944,47.049,4365.12,99.9,84.564,13.4925,0.1
Turkmenistan,TKM,2020,76.8253,6949912,47.055,3935.38,100.0,84.559,,0.1
Turkmenistan,TKM,2021,95.4323,7092043,47.058,3713.2,100.0,84.554,,0.1
Turkmenistan,TKM,2022,101.2613,7230193,47.059,5198.19,100.0,84.554,,
Turkmenistan,TKM,2023,94.7287,7364438,47.068,5298.46,100.0,84.222,,
Turks and Caicos Islands,TCA,2000,0.0177,18730,84.614,,95.6,1.053,,0.4
Turks and Caicos Islands,TCA,2001,0.0184,19576,85.334,18325.75,94.9,1.053,0.002,0.4
Turks and Caicos Islands,TCA,2002,0.0259,20597,86.014,17803.95,95.2,1.053,0.0018,0.4
Turks and Caicos Islands,TCA,2003,0.0277,21727,86.672,18859.19,95.4,1.053,0.0018,0.4
Turks and Caicos Islands,TCA,2004,0.028,22856,87.304,21246.01,95.7,1.053,0.0016,0.4
Turks and Caicos Islands,TCA,2005,0.0336,23988,87.908,24122.3,96.0,1.053,0.0014,0.4
Turks and Caicos Islands,TCA,2006,0.0427,25123,88.481,28734.29,96.2,1.053,0.0017,0.3
Turks and Caicos Islands,TCA,2007,0.0525,26270,89.017,29443.85,96.6,1.053,0.0017,0.3
Turks and Caicos Islands,TCA,2008,0.0588,27427,89.514,31453.82,96.9,1.053,0.0017,0.3
Turks and Caicos Islands,TCA,2009,0.0653,28588,89.968,24596.89,100.0,1.053,0.0019,0.3
Turks and Caicos Islands,TCA,2010,0.0733,29739,90.375,23093.85,100.0,1.053,0.0047,0.3
Turks and Caicos Islands,TCA,2011,0.0559,30846,90.731,27327.4,100.0,1.053,0.0039,0.4
Turks and Caicos Islands,TCA,2012,0.058,32127,91.035,25923.62,93.1,1.053,0.0039,0.4
Turks and Caicos Islands,TCA,2013,0.0671,33653,91.317,25653.82,100.0,1.053,0.0051,0.4
Turks and Caicos Islands,TCA,2014,0.076,35050,91.597,27292.58,100.0,1.053,0.006,0.4
Turks and Caicos Islands,TCA,2015,0.08,36605,91.874,29457.01,100.0,1.053,0.0042,0.4
Turks and Caicos Islands,TCA,2016,0.0881,38315,92.147,31373.56,100.0,1.053,0.0052,0.4
Turks and Caicos Islands,TCA,2017,0.0883,39913,92.416,30014.23,100.0,1.053,0.0045,0.3
Turks and Caicos Islands,TCA,2018,0.1897,41559,92.68,31625.62,100.0,1.053,0.0028,0.4
Turks and Caicos Islands,TCA,2019,0.2211,43166,92.94,31780.52,100.0,1.053,0.0024,0.5
Turks and Caicos Islands,TCA,2020,0.2149,44386,93.196,20690.92,99.4,1.053,0.0042,0.5
Turks and Caicos Islands,TCA,2021,0.215,45243,93.447,27329.29,100.0,1.053,0.0033,0.8
Turks and Caicos Islands,TCA,2022,0.2205,45847,93.692,31280.54,99.9,1.053,,0.8
Turks and Caicos Islands,TCA,2023,0.2212,46198,93.932,35470.22,100.0,1.053,,
Tuvalu,TUV,2000,0.0,9544,45.512,1559.22,94.6,66.667,0.0,0.0
Tuvalu,TUV,2001,0.0,9586,46.092,1475.04,94.8,56.667,0.0,0.0
Tuvalu,TUV,2002,0.0,9623,46.744,1729.17,94.6,56.667,0.0,0.0
Tuvalu,TUV,2003,0.0,9695,47.499,2020.1,95.1,56.667,0.0,0.0
Tuvalu,TUV,2004,0.0,9816,48.401,2330.77,95.3,56.667,0.0,0.0
Tuvalu,TUV,2005,0.0,9940,49.421,2298.44,95.5,56.667,0.0,0.0
Tuvalu,TUV,2006,0.0,10056,50.523,2413.98,95.7,56.667,0.0,0.0
Tuvalu,TUV,2007,0.0,10182,51.672,2803.75,96.7,60.0,0.0,0.0
Tuvalu,TUV,2008,0.0,10321,52.834,3062.0,96.2,60.0,0.0,0.2
Tuvalu,TUV,2009,0.0,10461,53.973,2662.43,96.5,60.0,0.0,0.2
Tuvalu,TUV,2010,0.0,10614,55.054,3054.96,96.7,60.0,0.0,0.4
Tuvalu,TUV,2011,0.0,10780,56.043,3679.53,97.0,60.0,0.0,0.2
Tuvalu,TUV,2012,0.0,10934,56.896,3558.9,97.7,60.0,0.0,0.3
Tuvalu,TUV,2013,0.0,11001,57.631,3524.0,97.6,60.0,0.0,0.7
Tuvalu,TUV,2014,0.0,10984,58.3,3518.13,97.9,60.0,0.0,0.7
Tuvalu,TUV,2015,0.0,10963,58.915,3352.67,98.1,60.0,0.0,3.0
Tuvalu,TUV,2016,0.0,10930,59.474,3779.15,97.3,60.0,0.0,7.3
Tuvalu,TUV,2017,0.0,10869,59.953,4166.79,98.7,60.0,0.0,7.0
Tuvalu,TUV,2018,0.0,10751,60.56,4467.21,99.0,60.0,0.0,6.4
Tuvalu,TUV,2019,0.0,10581,61.241,5058.85,99.7,60.0,0.0,6.3
Tuvalu,TUV,2020,0.0,10399,61.921,5029.57,99.4,60.0,0.0,5.0
Tuvalu,TUV,2021,0.0,10194,62.61,6042.52,99.7,60.0,0.0,5.0
Tuvalu,TUV,2022,0.0,9992,63.307,5414.75,100.0,60.0,,5.2
Tuvalu,TUV,2023,0.0,9816,64.012,5143.84,100.0,60.0,,
Uganda,UGA,2000,1.4139,24000150,11.641,258.05,7.4,62.619,12.0494,95.3
Uganda,UGA,2001,1.4377,24745676,11.901,236.02,8.6,63.12,12.4644,95.5
Uganda,UGA,2002,1.6383,25532870,12.203,241.98,7.8,64.121,14.2481,95.6
Uganda,UGA,2003,1.731,26352124,12.59,250.72,10.5,65.622,20.8852,95.6
Uganda,UGA,2004,1.8123,27154515,13.122,292.38,11.6,66.373,15.1926,95.3
Uganda,UGA,2005,2.2217,27963289,13.791,330.41,8.9,66.373,13.924,94.5
Uganda,UGA,2006,2.5786,28794003,14.585,346.52,9.0,67.378,13.252,94.2
Uganda,UGA,2007,3.1093,29653430,15.494,401.39,14.8,68.382,16.1641,94.1
Uganda,UGA,2008,3.4804,30539553,16.507,472.84,15.9,69.637,16.438,94.1
Uganda,UGA,2009,3.8307,31451151,17.612,798.95,10.0,70.642,9.4625,94.3
Uganda,UGA,2010,3.7998,32390802,18.799,823.49,12.1,71.14,8.1023,93.6
Uganda,UGA,2011,4.2628,33354543,20.056,835.62,14.6,71.639,9.1562,93.3
Uganda,UGA,2012,4.329,34337438,21.372,795.22,20.5,71.888,10.6586,93.4
Uganda,UGA,2013,4.4114,35337042,22.737,818.29,13.9,71.888,10.6586,93.1
Uganda,UGA,2014,4.8524,36395539,24.194,896.05,20.4,71.888,10.3312,92.4
Uganda,UGA,2015,5.5954,37531446,24.978,862.93,18.5,71.888,10.7948,91.7
Uganda,UGA,2016,6.0018,38799152,25.695,752.7,26.7,71.888,12.7337,91.4
Uganda,UGA,2017,6.2539,40177388,26.414,765.22,32.4,71.888,12.1305,91.3
Uganda,UGA,2018,6.8571,41565831,27.128,792.17,41.9,71.888,8.3889,90.5
Uganda,UGA,2019,7.0646,42999637,27.837,822.17,41.3,71.888,7.3883,90.5
Uganda,UGA,2020,7.1198,44457152,28.54,845.77,42.1,71.888,7.5635,91.6
Uganda,UGA,2021,8.1105,45910930,29.236,882.79,45.2,71.888,7.4755,91.0
Uganda,UGA,2022,7.9541,47312719,29.925,963.07,47.1,71.888,,90.9
Uganda,UGA,2023,8.1166,48656601,30.606,1002.31,51.5,71.888,,
Ukraine,UKR,2000,361.0273,49556660,67.404,653.29,99.1,71.47,3.3707,1.2
Ukraine,UKR,2001,360.1685,49106855,67.275,800.49,99.2,71.434,4.2625,1.2
Ukraine,UKR,2002,360.5556,48677281,67.267,903.01,99.3,71.454,3.3171,1.0
Ukraine,UKR,2003,392.9829,48315136,67.42,1076.48,99.3,71.383,3.0075,1.0
Ukraine,UKR,2004,368.8172,47979507,67.597,1401.02,99.4,71.381,3.3541,1.2
Ukraine,UKR,2005,357.0932,47585556,67.814,1875.34,99.9,71.29,4.346,1.3
Ukraine,UKR,2006,356.3792,47278694,68.029,2366.49,99.5,71.258,4.592,1.8
Ukraine,UKR,2007,367.7024,47062798,68.21,3160.33,99.8,71.231,5.4157,2.4
Ukraine,UKR,2008,352.2333,46819175,68.375,4017.81,99.8,71.277,7.9441,2.7
Ukraine,UKR,2009,292.2332,46623731,68.525,2607.09,99.9,71.249,4.7892,3.0
Ukraine,UKR,2010,315.9087,46456003,68.637,3039.63,100.0,71.234,7.0639,2.9
Ukraine,UKR,2011,333.3052,46307853,68.723,3656.7,100.0,71.258,7.9083,2.7
Ukraine,UKR,2012,324.9176,46210056,68.824,3951.34,99.9,71.285,4.7027,2.9
Ukraine,UKR,2013,315.2748,46126770,68.933,4129.9,100.0,71.681,3.9914,3.5
Ukraine,UKR,2014,269.3299,45972380,69.055,3054.91,100.0,71.658,3.6083,3.5
Ukraine,UKR,2015,226.107,45784896,69.159,2094.47,100.0,71.653,2.5991,4.2
Ukraine,UKR,2016,227.2461,45616832,69.21,2158.46,100.0,71.665,2.3994,5.5
Ukraine,UKR,2017,205.5813,45436041,69.263,2604.29,100.0,71.619,2.9542,6.5
Ukraine,UKR,2018,218.3029,45208907,69.316,3059.05,100.0,71.331,2.9105,6.9
Ukraine,UKR,2019,207.9097,44957458,69.353,3619.86,100.0,71.3,1.7318,7.4
Ukraine,UKR,2020,198.8972,44680014,69.384,3709.77,100.0,71.3,1.0931,8.7
Ukraine,UKR,2021,194.1363,44298640,69.403,4775.95,100.0,71.3,7.5129,8.9
Ukraine,UKR,2022,119.345,41048766,69.423,4199.67,100.0,71.3,,
Ukraine,UKR,2023,121.6952,37732836,69.475,5139.6,100.0,71.3,,
United Arab Emirates,ARE,2000,88.4569,3493575,79.287,29865.53,100.0,7.702,22.3844,0.1
United Arab Emirates,ARE,2001,101.2593,3723590,79.747,27745.17,100.0,7.913,17.5964,0.1
United Arab Emirates,ARE,2002,103.5184,3956826,80.271,27753.58,100.0,7.97,16.2376,0.1
United Arab Emirates,ARE,2003,108.8196,4192457,80.849,29659.57,100.0,7.801,19.2061,0.1
United Arab Emirates,ARE,2004,115.0197,4428967,81.473,33376.69,100.0,7.801,22.221,0.1
United Arab Emirates,ARE,2005,122.4613,4664790,82.212,38719.31,100.0,7.843,25.3344,0.1
United Arab Emirates,ARE,2006,127.1972,5009100,82.559,44342.6,100.0,7.584,27.2052,0.1
United Arab Emirates,ARE,2007,137.1441,5624635,82.759,45854.74,100.0,7.499,24.9372,0.1
United Arab Emirates,ARE,2008,164.2519,6302664,82.966,50054.17,100.0,7.598,27.7149,0.1
United Arab Emirates,ARE,2009,165.3369,6707058,83.17,37803.07,100.0,5.462,19.7135,0.1
United Arab Emirates,ARE,2010,171.9529,6869838,83.371,44795.28,100.0,5.524,23.7769,0.1
United Arab Emirates,ARE,2011,177.2572,7104538,83.57,51921.89,100.0,5.47,29.779,0.1
United Arab Emirates,ARE,2012,185.0103,7391448,83.764,53141.63,100.0,5.304,28.2145,0.1
United Arab Emirates,ARE,2013,195.0534,7693031,83.956,53247.23,100.0,5.342,27.3813,0.1
United Arab Emirates,ARE,2014,198.1138,8059440,84.144,52725.23,100.0,5.386,23.9739,0.1
United Arab Emirates,ARE,2015,206.8519,8505237,84.328,44910.35,100.0,5.39,14.0468,0.1
United Arab Emirates,ARE,2016,212.4305,8935095,84.509,42721.11,100.0,5.404,11.8055,0.1
United Arab Emirates,ARE,2017,204.4227,9223225,84.687,43733.62,100.0,5.404,14.3278,0.2
United Arab Emirates,ARE,2018,187.2853,9346701,84.86,47135.35,100.0,5.375,18.1867,0.3
United Arab Emirates,ARE,2019,197.8494,9445785,85.03,45938.61,100.0,5.497,16.8959,0.7
United Arab Emirates,ARE,2020,195.6742,9401038,85.196,37991.74,100.0,5.489,11.9722,0.9
United Arab Emirates,ARE,2021,199.421,9575152,85.357,44118.49,100.0,5.513,17.6341,1.0
United Arab Emirates,ARE,2022,195.184,10074977,85.515,50759.76,100.0,5.513,,
United Arab Emirates,ARE,2023,192.6964,10483751,85.668,49850.69,100.0,5.515,,
United Kingdom,GBR,2000,551.9584,58892514,79.824,28383.88,100.0,70.119,1.0509,1.0
United Kingdom,GBR,2001,563.115,59119673,79.984,28013.87,100.0,70.074,0.937,0.8
United Kingdom,GBR,2002,547.1609,59370479,80.115,30158.7,100.0,70.169,0.8128,1.0
United Kingdom,GBR,2003,560.7371,59647577,80.233,34556.77,100.0,70.086,0.7622,0.9
United Kingdom,GBR,2004,561.1737,59987905,80.342,40504.41,100.0,70.479,0.7357,1.1
United Kingdom,GBR,2005,559.5236,60401206,80.446,42240.25,100.0,70.086,0.836,1.4
United Kingdom,GBR,2006,559.9305,60846820,80.546,44695.16,100.0,73.732,0.9134,1.6
United Kingdom,GBR,2007,550.4176,61322463,80.648,50629.08,100.0,72.943,0.8554,1.8
United Kingdom,GBR,2008,533.9109,61806995,80.755,47652.4,100.0,73.096,1.3366,2.4
United Kingdom,GBR,2009,483.4698,62276270,80.869,39009.37,100.0,71.612,0.8495,3.0
United Kingdom,GBR,2010,500.7484,62766365,80.995,39778.32,100.0,71.194,0.8612,3.2
United Kingdom,GBR,2011,459.2066,63258810,81.136,42295.93,100.0,70.946,1.0754,4.0
United Kingdom,GBR,2012,481.3898,63711000,81.291,42688.33,100.0,71.021,0.8661,4.2
United Kingdom,GBR,2013,470.2197,64138000,81.457,43607.66,100.0,71.302,0.7174,5.2
United Kingdom,GBR,2014,430.6573,64619000,81.636,47746.98,100.0,71.227,0.5694,6.6
United Kingdom,GBR,2015,415.8847,65087000,81.824,45256.04,100.0,70.839,0.3377,7.7
United Kingdom,GBR,2016,391.8614,65606000,82.023,41258.54,100.0,71.715,0.273,7.7
United Kingdom,GBR,2017,380.7118,65964000,82.231,40918.05,100.0,72.195,0.3979,8.8
United Kingdom,GBR,2018,373.8821,66287000,82.447,43704.32,100.0,71.719,0.6262,10.2
United Kingdom,GBR,2019,359.0131,66628000,82.67,43160.68,100.0,72.423,0.5405,11.4
United Kingdom,GBR,2020,319.6964,66740000,82.9,40815.13,100.0,71.34,0.284,13.6
United Kingdom,GBR,2021,337.9148,66978000,82.989,47695.65,100.0,71.158,0.5885,12.2
United Kingdom,GBR,2022,324.9949,67636000,83.075,47034.78,100.0,71.982,,
United Kingdom,GBR,2023,304.7866,68526000,83.16,49919.69,100.0,70.307,,
United States,USA,2000,5928.7614,282162411,79.074,36329.97,100.0,45.231,1.1133,5.4
United States,USA,2001,5877.6294,284968955,79.309,37133.62,100.0,45.29,0.9157,4.7
United States,USA,2002,5726.7267,287625193,79.546,37997.74,100.0,45.085,0.6892,4.8
United States,USA,2003,5792.9233,290107933,79.777,39490.3,100.0,45.08,1.0459,5.3
United States,USA,2004,5879.9871,292805298,79.996,41724.64,100.0,45.076,1.2537,5.5
United States,USA,2005,5888.1657,295516599,80.196,44123.4,100.0,45.071,1.4966,5.8
United States,USA,2006,5790.0078,298379912,80.371,46301.99,100.0,45.067,1.1307,6.4
United States,USA,2007,5872.7014,301231207,80.515,48050.23,100.0,45.062,1.0781,6.3
United States,USA,2008,5689.2644,304093966,80.622,48570.06,100.0,45.355,1.9291,6.8
United States,USA,2009,5273.1152,306771529,80.685,47194.95,100.0,45.576,0.7439,7.3
United States,USA,2010,5521.4993,309378227,80.7,48642.63,100.0,45.797,0.9687,7.4
United States,USA,2011,5307.6289,311839461,80.696,50024.88,100.0,46.018,1.235,8.4
United States,USA,2012,5087.711,314339099,80.684,51708.39,100.0,46.24,0.7767,8.5
United States,USA,2013,5224.7089,316726282,80.661,53297.39,100.0,46.333,0.7508,8.9
United States,USA,2014,5243.772,319257560,80.624,55153.39,100.0,46.426,0.7032,9.0
United States,USA,2015,5132.9841,321815121,80.571,56849.47,100.0,46.52,0.2344,8.9
United States,USA,2016,5028.952,324353340,80.498,57976.63,100.0,46.613,0.3033,9.3
United States,USA,2017,4959.4579,326608609,80.402,60047.72,100.0,46.706,0.4275,9.7
United States,USA,2018,5118.3744,328529577,80.28,62875.67,100.0,46.582,0.5957,9.9
United States,USA,2019,4967.9122,330226227,80.13,65227.96,100.0,46.457,0.5571,10.2
United States,USA,2020,4466.8765,331578104,79.997,64465.3,100.0,46.332,0.3295,11.0
United States,USA,2021,4754.3785,332100166,80.007,71441.23,100.0,46.208,1.2799,10.9
United States,USA,2022,4815.7665,333996304,80.032,78008.69,100.0,46.083,,
United States,USA,2023,4618.2675,336755052,80.072,82586.78,100.0,46.083,,
Uruguay,URY,2000,5.5706,3266206,91.277,6987.7,97.6,85.465,0.1933,38.7
Uruguay,URY,2001,5.0175,3274251,91.376,6382.76,97.7,85.487,0.2169,41.6
Uruguay,URY,2002,4.6084,3278867,91.489,4149.76,97.8,85.265,0.4546,43.2
Uruguay,URY,2003,4.5952,3281186,91.626,3671.12,97.9,85.287,0.6324,43.8
Uruguay,URY,2004,5.755,3283148,91.801,4168.66,98.0,84.727,0.8009,39.3
Uruguay,URY,2005,5.5678,3285771,92.081,5284.26,98.0,84.745,0.8066,41.3
Uruguay,URY,2006,6.4885,3289506,92.485,6001.33,98.5,83.962,1.1234,37.6
Uruguay,URY,2007,6.1176,3295153,92.96,7222.05,98.7,83.133,1.2884,43.2
Uruguay,URY,2008,7.9164,3302177,93.46,9423.97,98.8,83.842,1.568,44.1
Uruguay,URY,2009,7.8326,3310091,93.934,9881.4,99.1,84.642,1.3467,44.6
Uruguay,URY,2010,6.4579,3318580,94.333,12641.06,99.3,82.465,2.0217,53.3
Uruguay,URY,2011,7.7873,3326825,94.604,15132.27,99.2,82.996,1.4371,49.7
Uruguay,URY,2012,8.8815,3335401,94.761,16259.59,99.6,81.345,1.1796,47.9
Uruguay,URY,2013,7.6589,3345337,94.884,18335.26,99.6,81.972,1.2914,51.9
Uruguay,URY,2014,6.7334,3356334,94.99,18322.43,99.7,82.705,1.4587,56.7
Uruguay,URY,2015,6.8951,3368017,95.08,17125.9,99.7,82.663,1.8522,59.4
Uruguay,URY,2016,6.8292,3379283,95.159,17009.76,99.7,81.507,1.7417,60.3
Uruguay,URY,2017,6.4073,3388438,95.229,19184.66,99.8,81.264,1.8294,60.8
Uruguay,URY,2018,6.871,3394534,95.294,19249.94,99.8,81.081,1.973,60.8
Uruguay,URY,2019,7.1561,3397206,95.348,18315.74,99.9,80.718,1.7063,59.3
Uruguay,URY,2020,6.9135,3398968,95.4,15757.53,100.0,80.353,2.2934,61.2
Uruguay,URY,2021,8.5518,3396695,95.45,17881.81,100.0,80.391,1.9277,57.8
Uruguay,URY,2022,8.093,3390913,95.498,21009.29,100.0,80.874,,
Uruguay,URY,2023,8.1908,3388081,95.544,23378.64,100.0,81.354,,
Uzbekistan,UZB,2000,131.5221,24787054,47.673,555.15,99.6,62.684,13.0416,0.7
Uzbekistan,UZB,2001,132.6334,25090283,48.49,454.42,99.6,62.685,23.6268,0.8
Uzbekistan,UZB,2002,136.8801,25399980,49.257,381.41,99.7,62.045,20.2622,1.0
Uzbekistan,UZB,2003,128.9701,25711259,49.957,394.16,99.5,61.634,21.8114,1.4
Uzbekistan,UZB,2004,132.1457,26029350,50.57,462.17,99.5,61.222,18.7849,1.0
Uzbekistan,UZB,2005,125.5292,26356975,51.078,542.84,99.4,60.808,15.3848,1.6
Uzbekistan,UZB,2006,134.4224,26699043,51.464,649.12,99.5,60.392,25.5492,0.8
Uzbekistan,UZB,2007,131.3948,27076008,51.709,824.03,99.5,59.959,22.5923,0.9
Uzbekistan,UZB,2008,137.2899,27494774,51.794,1074.73,99.5,59.546,30.0514,0.8
Uzbekistan,UZB,2009,124.512,27939328,51.611,1205.8,99.5,59.134,18.6309,1.2
Uzbekistan,UZB,2010,135.8014,28385506,51.332,1956.78,99.6,58.726,14.7836,1.3
Uzbekistan,UZB,2011,138.6782,28823196,51.34,2338.55,99.7,58.321,19.0673,0.9
Uzbekistan,UZB,2012,123.1859,29261903,51.336,2573.96,99.7,57.907,17.2845,1.3
Uzbekistan,UZB,2013,121.417,29724065,51.128,2781.39,99.8,57.505,14.6804,1.2
Uzbekistan,UZB,2014,113.1595,30222994,50.887,3021.0,99.8,58.611,10.3619,1.4
Uzbekistan,UZB,2015,107.5503,30749346,50.66,3172.9,99.9,57.985,7.2548,1.7
Uzbekistan,UZB,2016,114.0078,31284568,50.657,3128.42,99.9,57.981,6.7203,1.6
Uzbekistan,UZB,2017,118.2658,31819178,50.679,2271.47,100.0,57.953,12.0272,1.7
Uzbekistan,UZB,2018,112.7949,32373490,50.581,1894.09,100.0,57.923,18.6508,1.5
Uzbekistan,UZB,2019,115.1171,32964701,50.592,2128.66,100.0,58.007,10.857,1.6
Uzbekistan,UZB,2020,123.9451,33586372,50.767,2087.96,100.0,58.283,9.0836,1.0
Uzbekistan,UZB,2021,134.3607,34243696,50.927,2370.36,99.9,58.301,20.4652,1.0
Uzbekistan,UZB,2022,128.9082,34938955,50.985,2698.6,100.0,58.479,,
Uzbekistan,UZB,2023,132.6306,35652307,50.996,3015.98,100.0,58.055,,
Vanuatu,VUT,2000,0.084,186281,21.657,1460.24,22.2,14.356,0.8026,49.5
Vanuatu,VUT,2001,0.0977,191031,21.934,1350.18,24.0,14.52,0.7557,51.3
Vanuatu,VUT,2002,0.0961,195863,22.201,1340.72,25.7,14.602,0.7986,53.3
Vanuatu,VUT,2003,0.1122,200746,22.464,1566.51,27.5,14.766,0.9124,52.7
Vanuatu,VUT,2004,0.0874,205711,22.729,1774.32,29.2,14.848,0.6751,55.4
Vanuatu,VUT,2005,0.0892,210760,23.002,1873.99,31.0,15.012,0.5688,54.9
Vanuatu,VUT,2006,0.0803,215923,23.289,2034.79,26.4,15.176,0.6556,55.3
Vanuatu,VUT,2007,0.131,221276,23.596,2333.71,33.6,15.34,0.7838,51.6
Vanuatu,VUT,2008,0.1287,226896,23.928,2603.61,36.5,15.34,0.9755,52.1
Vanuatu,VUT,2009,0.1443,232731,24.286,2546.38,33.3,15.34,0.8718,38.7
Vanuatu,VUT,2010,0.1549,238248,24.743,2815.19,44.1,15.34,0.8324,38.1
Vanuatu,VUT,2011,0.1797,243474,24.786,3163.19,42.0,15.34,0.8444,35.8
Vanuatu,VUT,2012,0.1477,248883,24.818,3004.78,43.9,15.34,0.8012,39.0
Vanuatu,VUT,2013,0.151,254482,24.841,3392.57,31.7,15.34,0.7522,40.9
Vanuatu,VUT,2014,0.1753,260240,24.855,3378.36,49.1,15.34,0.9874,31.5
Vanuatu,VUT,2015,0.1592,266101,24.863,3214.42,52.3,15.34,0.8155,35.6
Vanuatu,VUT,2016,0.1659,272087,24.865,3339.83,57.8,15.34,0.8163,33.1
Vanuatu,VUT,2017,0.1664,278507,24.764,3585.32,62.8,15.34,0.9024,35.7
Vanuatu,VUT,2018,0.2288,285259,24.273,3626.19,61.6,15.34,0.608,29.7
Vanuatu,VUT,2019,0.219,291985,23.502,3635.62,64.5,15.34,0.5477,31.6
Vanuatu,VUT,2020,0.2515,298858,22.419,3404.3,67.3,15.34,0.6295,26.0
Vanuatu,VUT,2021,0.2909,305868,22.25,3576.14,70.0,15.34,0.5681,24.6
Vanuatu,VUT,2022,0.2709,313046,22.254,3679.54,70.0,15.34,,25.0
Vanuatu,VUT,2023,0.2717,320409,22.265,3708.19,61.6,15.34,,
"Venezuela, RB",VEN,2000,137.7453,24526708,88.219,4776.28,98.9,24.528,20.5761,15.3
"Venezuela, RB",VEN,2001,143.2788,24979922,88.373,4920.39,99.9,24.531,15.3443,14.0
"Venezuela, RB",VEN,2002,148.0955,25435671,88.455,3652.1,99.8,24.531,19.4546,12.8
"Venezuela, RB",VEN,2003,143.0009,25892703,88.522,3229.51,95.7,24.42,21.8956,13.4
"Venezuela, RB",VEN,2004,149.704,26340838,88.584,4269.09,99.1,24.477,23.8297,14.6
"Venezuela, RB",VEN,2005,155.9378,26785804,88.639,5432.49,98.8,24.483,29.223,14.2
"Venezuela, RB",VEN,2006,158.9841,27224686,88.687,6739.38,99.3,24.437,28.0775,15.6
"Venezuela, RB",VEN,2007,155.9702,27649363,88.728,8331.62,98.9,24.442,23.1187,16.6
"Venezuela, RB",VEN,2008,164.1035,28053696,88.762,11262.45,98.9,24.488,23.9223,16.4
"Venezuela, RB",VEN,2009,165.2485,28438298,88.787,11596.6,99.0,24.375,10.5417,16.2
"Venezuela, RB",VEN,2010,176.795,28813101,88.803,13646.3,99.1,24.375,12.3809,13.8
"Venezuela, RB",VEN,2011,172.9615,29185212,88.808,10843.92,98.8,24.375,24.4753,14.8
"Venezuela, RB",VEN,2012,193.7941,29553826,88.84,12582.01,99.3,24.375,18.7812,13.8
"Venezuela, RB",VEN,2013,192.9674,29912198,88.879,8642.37,99.4,24.375,17.6253,15.4
"Venezuela, RB",VEN,2014,191.9224,30254079,88.916,7101.15,100.0,24.375,11.8465,12.1
"Venezuela, RB",VEN,2015,175.9339,30573972,88.954,4096.62,100.0,24.375,,15.4
"Venezuela, RB",VEN,2016,162.9378,30765720,88.991,3671.23,99.4,24.375,,14.6
"Venezuela, RB",VEN,2017,151.9619,30565323,89.029,3791.63,99.2,24.375,,14.3
"Venezuela, RB",VEN,2018,137.7913,29807592,89.066,3421.51,99.9,24.375,,14.6
"Venezuela, RB",VEN,2019,120.3724,28938098,89.103,2523.12,99.8,24.375,,15.8
"Venezuela, RB",VEN,2020,76.6657,28444077,89.14,1506.04,99.9,24.375,,31.2
"Venezuela, RB",VEN,2021,75.873,28237826,89.177,2004.94,100.0,24.375,,33.7
"Venezuela, RB",VEN,2022,92.004,28213017,89.213,3155.04,100.0,24.375,,
"Venezuela, RB",VEN,2023,96.3903,28300854,89.25,3617.47,100.0,24.375,,
Viet Nam,VNM,2000,56.5356,77154011,24.367,404.03,88.2,28.226,9.6922,57.7
Viet Nam,VNM,2001,62.0917,77969361,24.949,419.21,88.9,30.483,7.9804,56.1
Viet Nam,VNM,2002,73.0818,78772224,25.554,445.13,89.1,30.446,7.4255,52.2
Viet Nam,VNM,2003,77.6463,79563777,26.175,497.12,90.3,30.758,7.9549,50.8
Viet Nam,VNM,2004,91.9274,80338971,26.802,565.45,91.0,31.592,11.7643,45.8
Viet Nam,VNM,2005,100.5495,81088313,27.429,710.75,96.1,32.138,12.1342,44.1
Viet Nam,VNM,2006,103.16,82167897,28.046,807.76,96.0,32.219,12.2305,44.2
Viet Nam,VNM,2007,114.314,83633375,28.646,925.64,93.1,32.194,11.4132,41.9
Viet Nam,VNM,2008,125.7916,85175788,29.22,1163.83,93.8,32.74,13.9197,39.3
Viet Nam,VNM,2009,140.8243,86460018,29.758,1226.17,96.1,32.907,7.4009,37.0
Viet Nam,VNM,2010,156.7839,87455152,30.25,1683.16,97.4,34.345,7.4813,34.6
Viet Nam,VNM,2011,156.7664,88468314,30.7,1950.93,99.0,34.373,9.0694,36.3
Viet Nam,VNM,2012,156.2243,89510356,31.122,2185.12,97.9,34.433,7.2987,37.9
Viet Nam,VNM,2013,163.1599,90573104,31.533,2359.52,98.5,34.673,5.9133,37.4
Viet Nam,VNM,2014,178.9422,91679578,31.948,2546.38,99.2,34.699,5.6609,36.7
Viet Nam,VNM,2015,200.8183,92823254,32.381,2577.57,99.3,38.763,3.3833,27.8
Viet Nam,VNM,2016,223.8051,94000117,32.848,2735.06,99.2,38.841,2.6836,26.8
Viet Nam,VNM,2017,229.2539,95176977,33.363,2956.11,100.0,38.828,3.2135,28.3
Viet Nam,VNM,2018,282.0973,96237319,33.941,3222.31,100.0,38.734,3.2601,24.3
Viet Nam,VNM,2019,336.5288,97173776,34.624,3440.9,99.4,39.524,2.5007,20.4
Viet Nam,VNM,2020,348.3315,98079191,35.571,3534.04,99.8,39.435,1.8109,18.9
Viet Nam,VNM,2021,336.1703,98935098,36.654,3704.19,100.0,39.435,2.547,24.2
Viet Nam,VNM,2022,343.9999,99680655,37.548,4147.7,100.0,39.291,,
Viet Nam,VNM,2023,390.7253,100352192,38.13,4322.83,99.8,39.215,,
Virgin Islands (U.S.),VIR,2000,0.0002,108642,92.623,,100.0,20.0,,0.5
Virgin Islands (U.S.),VIR,2001,0.0002,108549,92.931,,100.0,20.0,,0.6
Virgin Islands (U.S.),VIR,2002,0.0002,108509,93.219,30062.02,100.0,17.143,0.0,0.6
Virgin Islands (U.S.),VIR,2003,0.0002,108505,93.477,31731.26,100.0,17.143,0.0001,0.6
Virgin Islands (U.S.),VIR,2004,0.0002,108466,93.707,35006.36,100.0,17.143,4.5509,0.6
Virgin Islands (U.S.),VIR,2005,0.0002,108453,93.91,40828.75,100.0,17.143,2.3035,0.7
Virgin Islands (U.S.),VIR,2006,0.0002,108369,94.088,41377.15,100.0,11.429,2.4816,0.7
Virgin Islands (U.S.),VIR,2007,0.0002,108337,94.241,44158.51,100.0,11.429,3.8259,0.7
Virgin Islands (U.S.),VIR,2008,0.0002,108397,94.372,39152.38,100.0,11.429,9.5495,0.7
Virgin Islands (U.S.),VIR,2009,0.0002,108404,94.481,38753.18,100.0,11.429,1.8314,0.8
Virgin Islands (U.S.),VIR,2010,0.0002,108357,94.572,39905.13,100.0,11.429,3.4598,0.7
Virgin Islands (U.S.),VIR,2011,0.0002,108290,94.655,38997.14,100.0,11.429,4.1047,1.2
Virgin Islands (U.S.),VIR,2012,0.0002,108188,94.735,37795.32,100.0,11.429,1.9618,2.0
Virgin Islands (U.S.),VIR,2013,0.0002,108041,94.811,34597.98,100.0,11.429,1.3462,2.9
Virgin Islands (U.S.),VIR,2014,0.0002,107882,94.88,33045.36,100.0,11.429,0.8527,4.2
Virgin Islands (U.S.),VIR,2015,0.0002,107712,94.941,34007.35,100.0,11.429,0.4484,5.6
Virgin Islands (U.S.),VIR,2016,0.0002,107516,94.994,35324.97,100.0,11.429,0.4406,5.7
Virgin Islands (U.S.),VIR,2017,0.0002,107281,95.037,35365.07,100.0,11.429,0.4581,5.3
Virgin Islands (U.S.),VIR,2018,0.0002,107001,95.068,36663.21,100.0,9.429,0.3724,5.8
Virgin Islands (U.S.),VIR,2019,0.0002,106669,95.086,38633.53,100.0,9.429,0.2471,6.2
Virgin Islands (U.S.),VIR,2020,0.0002,106290,95.097,39787.37,100.0,9.429,0.2054,5.9
Virgin Islands (U.S.),VIR,2021,0.0002,105870,95.16,42571.08,100.0,9.429,,5.9
Virgin Islands (U.S.),VIR,2022,0.0002,105413,95.217,44320.91,100.0,9.429,,5.9
Virgin Islands (U.S.),VIR,2023,0.0002,104917,95.274,,100.0,9.429,,
West Bank and Gaza,PSE,2000,,2922153,72.069,1476.17,99.7,77.776,0.0,17.5
West Bank and Gaza,PSE,2001,,2997784,73.726,1335.55,99.1,77.227,0.0,17.1
West Bank and Gaza,PSE,2002,,3075373,75.498,1156.22,99.2,77.871,0.0,21.8
West Bank and Gaza,PSE,2003,,3154969,77.287,1257.7,99.1,77.325,0.0,21.7
West Bank and Gaza,PSE,2004,,3236626,78.993,1422.19,99.5,77.392,0.0,23.1
West Bank and Gaza,PSE,2005,,3320396,80.517,1543.7,99.6,77.611,0.0,22.8
West Bank and Gaza,PSE,2006,,3406334,81.761,1570.1,99.7,77.482,0.0,18.1
West Bank and Gaza,PSE,2007,,3494496,82.596,1664.25,98.8,77.629,0.0,20.5
West Bank and Gaza,PSE,2008,,3591977,83.098,2035.2,99.8,77.933,0.0,20.1
West Bank and Gaza,PSE,2009,,3689099,83.505,2191.78,99.9,71.387,0.0,16.5
West Bank and Gaza,PSE,2010,,3786161,83.885,2557.08,99.9,62.276,0.0,14.1
West Bank and Gaza,PSE,2011,,3882986,84.234,2880.8,99.7,64.325,0.0,15.4
West Bank and Gaza,PSE,2012,,3979998,84.547,3067.44,99.8,66.552,0.0,12.2
West Bank and Gaza,PSE,2013,,4076708,84.818,3315.3,99.9,68.842,0.0,11.7
West Bank and Gaza,PSE,2014,,4173398,85.043,3352.11,99.9,69.843,0.0,10.8
West Bank and Gaza,PSE,2015,,4270092,85.218,3272.15,99.9,71.495,0.0,11.0
West Bank and Gaza,PSE,2016,,4367088,85.338,3527.61,100.0,72.162,0.0,12.3
West Bank and Gaza,PSE,2017,,4454805,85.378,3620.36,99.9,71.388,0.0,10.5
West Bank and Gaza,PSE,2018,,4569087,85.535,3562.33,100.0,71.228,0.0,12.7
West Bank and Gaza,PSE,2019,,4685306,85.814,3656.86,100.0,70.652,0.0,13.9
West Bank and Gaza,PSE,2020,,4803269,86.074,3233.57,100.0,67.751,0.0,15.0
West Bank and Gaza,PSE,2021,,4922749,86.335,3678.64,100.0,64.929,0.0,15.4
West Bank and Gaza,PSE,2022,,5043612,86.596,3799.96,100.0,64.929,,15.4
West Bank and Gaza,PSE,2023,,5165775,86.858,3607.42,100.0,64.929,,
World,WLD,2000,25694.7287,6161528496,46.84,5512.56,78.22,37.185,2.239,17.526
World,WLD,2001,26000.9023,6244739668,47.305,5404.2,78.72,37.187,1.9529,17.214
World,WLD,2002,26414.844,6327171255,47.826,5539.32,79.1,37.117,1.7733,17.221
World,WLD,2003,27642.4034,6409352386,48.364,6129.87,79.97,36.952,1.9964,17.067
World,WLD,2004,28926.3716,6492354627,48.866,6818.0,79.96,36.582,2.5181,16.783
World,WLD,2005,30015.9381,6575410029,49.359,7290.57,80.7,36.635,3.2416,16.637
World,WLD,2006,31037.6186,6659536021,49.872,7803.19,81.36,36.64,3.5393,16.729
World,WLD,2007,32207.365,6744049498,50.415,8685.33,81.97,36.574,3.636,16.537
World,WLD,2008,32414.3605,6830080867,50.88,9425.74,82.67,36.487,5.0171,16.657
World,WLD,2009,31966.5998,6916168196,51.374,8827.04,82.87,36.47,2.7709,17.065
World,WLD,2010,33969.4743,7000860073,51.76,9555.07,83.45,36.492,3.6922,16.741
World,WLD,2011,35036.7409,7086704141,52.458,10496.93,84.51,36.674,4.8262,16.699
World,WLD,2012,35489.6763,7176482165,52.918,10597.85,84.94,37.026,4.0735,16.896
World,WLD,2013,36177.3285,7265404737,53.433,10759.35,85.71,36.959,3.6447,17.169
World,WLD,2014,36396.9527,7353532223,53.909,10912.24,86.2,36.969,3.1492,17.33
World,WLD,2015,36292.5234,7441084771,54.426,10191.98,86.93,36.816,1.7458,17.404
World,WLD,2016,36390.7853,7528221579,54.895,10239.47,88.11,36.779,1.5612,17.628
World,WLD,2017,37020.0282,7613788655,55.32,10784.4,88.94,37.013,1.9877,17.854
World,WLD,2018,37905.9615,7696159728,55.752,11344.73,89.8,36.923,2.5225,18.105
World,WLD,2019,38008.4891,7777162476,56.141,11417.6,90.11,36.945,2.179,18.575
World,WLD,2020,36209.8616,7853863139,56.444,10999.49,90.4,36.923,1.4853,19.736
World,WLD,2021,38219.9968,7919567995,56.809,12472.91,91.34,37.035,3.0614,
World,WLD,2022,38548.1189,7988550201,57.072,12876.24,91.28,37.012,,
World,WLD,2023,39112.6888,8062923417,57.312,13313.86,91.6,36.93,,
"Yemen, Rep.",YEM,2000,15.7452,19624141,26.605,493.24,49.2,44.83,41.4063,0.9
"Yemen, Rep.",YEM,2001,16.7704,20226147,27.103,487.14,50.4,44.69,33.2271,0.9
"Yemen, Rep.",YEM,2002,16.8166,20835086,27.578,513.24,51.5,44.806,31.0498,0.9
"Yemen, Rep.",YEM,2003,19.536,21456379,28.028,548.91,52.6,44.501,32.1919,0.8
"Yemen, Rep.",YEM,2004,20.4409,22095167,28.451,627.63,49.6,44.618,34.1536,0.8
"Yemen, Rep.",YEM,2005,22.0232,22790085,28.852,734.16,54.8,44.554,41.1657,0.7
"Yemen, Rep.",YEM,2006,22.946,23543083,29.238,809.71,55.8,44.751,40.4988,0.8
"Yemen, Rep.",YEM,2007,24.3239,24318082,29.609,890.31,57.2,44.751,33.0051,0.8
"Yemen, Rep.",YEM,2008,25.2468,25111941,29.965,1071.64,58.4,44.542,33.8694,0.7
"Yemen, Rep.",YEM,2009,27.6349,25927724,30.303,969.24,59.6,44.419,21.0013,0.7
"Yemen, Rep.",YEM,2010,26.3447,26754387,30.623,1155.2,60.8,44.66,23.5484,0.8
"Yemen, Rep.",YEM,2011,23.001,27582897,30.924,1186.48,62.0,44.419,25.9396,0.9
"Yemen, Rep.",YEM,2012,22.0028,28433647,31.203,1245.05,52.4,44.512,18.8464,1.1
"Yemen, Rep.",YEM,2013,28.7881,29312952,31.443,1378.75,75.6,44.508,13.5875,0.8
"Yemen, Rep.",YEM,2014,28.3558,30226309,31.863,1430.16,66.1,44.418,10.9651,0.8
"Yemen, Rep.",YEM,2015,14.2523,31159379,32.388,1362.17,67.4,44.382,2.0658,2.0
"Yemen, Rep.",YEM,2016,10.6296,32109010,32.951,975.36,68.9,44.294,0.7662,2.6
"Yemen, Rep.",YEM,2017,9.826,33090921,33.559,811.17,79.2,44.419,2.0009,3.0
"Yemen, Rep.",YEM,2018,11.9933,34085182,34.211,633.89,62.0,44.419,4.8787,2.9
"Yemen, Rep.",YEM,2019,12.3423,35111408,34.907,,72.8,44.419,,3.0
"Yemen, Rep.",YEM,2020,11.3173,36134863,35.703,,73.9,44.419,,3.5
"Yemen, Rep.",YEM,2021,11.2191,37140230,36.07,,74.9,44.419,,3.7
"Yemen, Rep.",YEM,2022,10.9841,38222876,36.323,,76.0,44.419,,
"Yemen, Rep.",YEM,2023,10.6254,39390799,36.571,,83.6,44.419,,
Zambia,ZMB,2000,1.9522,10017631,35.874,359.43,16.7,30.302,9.1212,90.0
Zambia,ZMB,2001,1.9678,10325185,35.885,396.55,20.2,30.341,6.918,89.8
Zambia,ZMB,2002,2.0678,10647949,36.071,393.86,17.4,30.423,8.5818,89.6
Zambia,ZMB,2003,2.2392,10983595,36.386,446.29,18.5,30.817,12.6388,89.3
Zambia,ZMB,2004,2.3034,11338198,36.804,548.69,20.3,30.801,13.7756,89.4
Zambia,ZMB,2005,2.4735,11718819,37.297,710.98,23.3,30.619,14.1027,88.9
Zambia,ZMB,2006,2.4089,12129553,37.839,1051.72,24.1,31.004,19.2015,89.7
Zambia,ZMB,2007,2.1887,12565085,38.403,1118.73,18.5,30.918,21.7874,90.7
Zambia,ZMB,2008,2.6077,13021324,38.963,1375.5,25.7,31.056,16.0525,89.8
Zambia,ZMB,2009,2.8749,13490389,39.491,1136.24,26.6,31.728,16.7969,89.2
Zambia,ZMB,2010,3.2126,13965594,39.956,1451.11,22.0,31.526,18.6647,89.2
Zambia,ZMB,2011,3.4572,14437796,40.368,1624.87,28.3,31.795,17.4237,87.9
Zambia,ZMB,2012,4.3193,14913629,40.77,1710.05,29.2,32.064,13.5753,85.4
Zambia,ZMB,2013,4.7358,15398997,41.168,1820.72,30.1,31.931,12.0236,85.3
Zambia,ZMB,2014,5.5061,15895315,41.563,1707.49,27.9,31.932,10.8423,84.6
Zambia,ZMB,2015,5.848,16399089,41.956,1295.88,31.1,31.933,11.1603,84.0
Zambia,ZMB,2016,6.3266,16914423,42.344,1239.09,35.4,31.933,11.6772,84.0
Zambia,ZMB,2017,8.0384,17441320,42.73,1483.47,40.3,32.068,13.2264,83.5
Zambia,ZMB,2018,9.1031,17973569,43.111,1463.9,40.2,32.068,11.7483,83.8
Zambia,ZMB,2019,9.034,18513839,43.49,1258.99,43.0,32.068,7.9151,86.1
Zambia,ZMB,2020,9.531,19059395,43.864,951.64,44.6,32.068,16.2222,85.4
Zambia,ZMB,2021,9.6802,19603607,44.235,1127.16,46.7,32.068,35.2641,83.0
Zambia,ZMB,2022,10.5712,20152938,44.599,1447.12,47.8,32.068,,
Zambia,ZMB,2023,11.3586,20723965,45.029,1330.73,51.1,32.068,,
Zimbabwe,ZWE,2000,14.6562,11892055,32.399,562.83,33.7,39.078,3.9017,69.5
Zimbabwe,ZWE,2001,14.5958,11971901,32.5,566.39,34.2,39.282,4.028,72.3
Zimbabwe,ZWE,2002,13.3321,12087653,32.563,524.94,34.2,39.879,5.1722,74.7
Zimbabwe,ZWE,2003,10.9284,12232323,32.6,468.47,35.1,40.351,6.9822,78.0
Zimbabwe,ZWE,2004,10.3653,12365896,32.628,469.72,35.6,41.25,8.4373,81.8
Zimbabwe,ZWE,2005,11.512,12483432,32.648,461.27,36.1,41.503,8.5582,80.3
Zimbabwe,ZWE,2006,10.7255,12636445,32.664,431.03,37.2,42.01,11.4813,78.7
Zimbabwe,ZWE,2007,10.5677,12804058,32.678,413.52,37.2,41.744,15.5592,78.0
Zimbabwe,ZWE,2008,8.3091,12959149,32.691,340.92,37.7,42.366,18.323,81.6
Zimbabwe,ZWE,2009,7.9434,13142790,32.707,735.82,43.4,41.976,6.7626,82.6
Zimbabwe,ZWE,2010,10.0686,13356548,32.728,902.01,38.9,41.713,7.0985,81.2
Zimbabwe,ZWE,2011,15.8494,13595424,32.757,1037.78,36.9,42.231,7.8794,77.2
Zimbabwe,ZWE,2012,12.7437,13817887,32.793,1239.23,44.0,41.851,5.9677,77.0
Zimbabwe,ZWE,2013,12.7188,14013808,32.902,1362.99,40.6,41.844,5.0428,79.3
Zimbabwe,ZWE,2014,12.6001,14207359,33.163,1372.92,32.3,41.839,5.6213,80.8
Zimbabwe,ZWE,2015,12.6919,14399013,33.561,1387.13,33.7,41.833,4.6062,80.8
Zimbabwe,ZWE,2016,11.2687,14600294,34.08,1408.14,42.5,41.828,4.4954,81.7
Zimbabwe,ZWE,2017,10.5878,14812482,34.701,3445.45,44.0,41.822,6.0954,82.0
Zimbabwe,ZWE,2018,12.2724,15034452,35.409,2270.9,45.4,41.817,3.3782,79.7
Zimbabwe,ZWE,2019,11.1706,15271368,36.184,2184.52,46.7,41.82,4.7158,81.0
Zimbabwe,ZWE,2020,9.0746,15526888,37.01,2059.64,52.7,41.817,4.7467,84.1
Zimbabwe,ZWE,2021,10.8831,15797210,37.869,2613.62,49.0,41.809,6.3985,82.4
Zimbabwe,ZWE,2022,11.5572,16069056,38.706,2536.4,50.1,41.798,,
Zimbabwe,ZWE,2023,12.566,16340822,39.292,2195.23,62.0,41.792,,
